ID,shap_LIMIT_BAL,shap_AGE,shap_PAY_0,shap_PAY_2,shap_PAY_3,shap_PAY_4,shap_PAY_5,shap_PAY_6,shap_BILL_AMT1,shap_BILL_AMT2,shap_BILL_AMT3,shap_BILL_AMT4,shap_BILL_AMT5,shap_BILL_AMT6,shap_PAY_AMT1,shap_PAY_AMT2,shap_PAY_AMT3,shap_PAY_AMT4,shap_PAY_AMT5,shap_PAY_AMT6,shap_UTIL_AVG,shap_UTIL_MAX,shap_UTIL_MIN,shap_UTIL_LATEST,shap_UTIL_VOLATILITY,shap_UTIL_TREND,shap_PAYCOV_AVG,shap_PAYCOV_LATEST,shap_PAYCOV_TREND,shap_N_MONTHS_DELINQUENT,shap_MAX_DELINQUENCY,shap_AVG_DELINQUENCY_SEVERITY,shap_RECENT_DELINQUENCY,shap_SEVERE_DELINQUENCY_FLAG,shap_PERSISTENT_DELINQUENCY_FLAG,shap_BILL_AVG,shap_BILL_LATEST,shap_BILL_MAX,shap_BILL_TREND,shap_BILL_VOLATILITY,shap_PAYAMT_AVG,shap_PAYAMT_LATEST,shap_PAYAMT_MAX,shap_PAYAMT_TREND,shap_PAYAMT_VOLATILITY,shap_BALANCE_TO_LIMIT_LATEST,shap_PAYMENT_CAPACITY,shap_UTILIZATION_STRESS_FLAG,shap_SEX_1,shap_SEX_2,shap_EDUCATION_1,shap_EDUCATION_2,shap_EDUCATION_3,shap_EDUCATION_4,shap_MARRIAGE_1,shap_MARRIAGE_2,shap_MARRIAGE_3
10741,-0.013560057,0.033727683,-0.06776033,-0.012518817,-0.005695586,0.0040947124,0.003269676,0.0092545925,0.1671724,-0.02104134,-0.052988887,-0.04439564,0.024756208,-0.014535037,0.055391766,0.04645176,0.18664542,-0.0070487987,-0.008519117,0.07113921,-0.04873103,-0.0043065874,-0.07523494,-0.045850884,-0.022340015,0.0035205116,-0.11002192,-0.01465042,-0.0012552943,0.16349572,-0.090303496,-0.17348173,0.024502585,-1.2898648e-05,0.0,0.07684149,0.041368444,-0.016285049,0.14564827,0.10126927,0.026332865,-0.0018382485,-0.07289381,0.013854558,0.023696147,-0.009041273,0.018050538,-0.0033272319,0.022480551,0.016604872,7.9480815e-05,0.004762765,0.0069568017,0.010986033,0.0067876657,0.03856696,1.3570953e-05
28140,-0.090330824,0.010710033,-0.21050042,-0.02973951,-0.042903304,-0.033279218,-0.023109889,0.031938493,0.06060239,0.033579677,0.023831602,-0.0014318738,-0.074296266,-0.016281834,-0.0061823786,-0.038028937,-0.04120078,0.12198382,0.00234535,0.058337916,-0.098145925,-0.0067621795,-0.002421528,-0.04078927,-0.0904995,-0.055125706,0.05667501,-0.2433703,0.039351176,-0.14768814,-0.17570196,-0.11064129,-0.027367925,-1.0573772e-05,0.0,0.065315425,0.011853155,-0.020195033,-0.056759045,-0.081064574,-0.033995554,0.0025402005,-0.04982736,-0.052885704,0.042915713,-0.018423261,-0.041387066,-0.0013653842,-0.00035853664,0.0018093457,-0.002823864,-0.011443336,0.0075912727,0.010330775,0.0137201715,0.049049955,5.3019357e-06
25331,-0.049017917,-0.026907034,-0.25262868,0.0004816447,0.00644595,0.0033824213,0.002935653,-0.004126484,-0.11106048,-0.024767483,0.0203002,-0.0033624093,-0.0727769,0.02200868,-0.07149464,-0.038168263,-0.07195711,-0.008622775,0.0019024152,-0.04065331,-0.040232092,-0.054805174,0.0021039175,-0.028074391,-0.0064042076,-0.020734433,-0.0020453325,-0.0083121,0.025224572,-0.18333033,-0.23125868,-0.13866301,-0.028459627,-1.0573772e-05,0.0,-0.11888157,-0.027375283,-0.03829792,-0.050354164,0.0012357102,-0.029969249,0.0020089007,-0.05736477,-0.025033344,-0.04108975,0.021628032,0.0187261,-0.0013653842,-0.023845414,-0.007870687,-0.0025534877,-0.01270522,0.0053525255,0.0072707427,-0.012032957,-0.033044618,1.4581801e-06
27284,-0.07546781,-0.018327823,-0.24346754,0.00036209656,0.00441043,0.0038245318,0.0028081206,-0.0031585982,-0.085036635,-0.038215473,0.038291074,0.018574504,-0.0013670698,0.0016906448,-0.10886029,-0.16473584,-0.084641345,-0.045018237,-0.04887868,-0.063696004,0.042299323,-0.034231983,0.016304793,-0.0027887071,-0.030565392,0.009392346,0.10387268,0.07327425,-0.023620656,-0.18337664,-0.23819618,-0.14275384,-0.030867435,-1.0573772e-05,0.0,-0.038097277,-0.011986036,-0.011652884,0.122547895,-0.055743463,-0.053552676,0.0002491451,-0.064030915,-0.017457569,-0.04758438,0.027394893,-0.024818758,-0.0016210396,0.043724153,0.008882582,-0.0021716,-0.012568076,0.0054845437,0.0098162405,-0.012900406,-0.04841194,5.1900215e-06
27774,-0.0017920926,-0.046541683,0.7880739,0.0024038022,-0.20514208,0.009442442,0.0009961345,-0.015706316,0.07544471,-0.038697813,0.017603854,-0.0077406103,-0.064418815,0.008361396,0.046799228,0.008626593,-0.054670297,-0.036174234,-0.006167269,-0.036257263,-0.03593486,0.034850445,-0.2345536,-0.022309618,0.010138787,0.043332197,-0.14870986,-0.013930339,0.044713106,0.26127145,0.47367182,0.19933718,0.025347976,-1.0573772e-05,0.0,0.022052085,0.004757288,-0.015223552,0.13573055,-0.033486538,-0.018757794,-0.001987251,-0.058269482,0.003100126,0.027487166,-0.0085789515,0.006650912,-0.00375652,-0.020775529,-0.013306737,-0.0026752455,0.0064288946,0.0046692374,0.011147414,0.0221829,0.051842175,0.00033230815
9917,-0.035200194,-0.06626904,-0.14252932,-0.026715659,-0.010133809,0.008645729,0.0075130714,-0.035594713,0.09793602,0.0017374053,-0.024285745,-0.006439917,-0.028727582,0.0055672475,0.04187648,-0.047394622,-0.14815012,-0.086130045,-0.09820256,-0.06037861,-0.061351653,-0.0093579,5.0223432e-05,-0.040968806,-0.016822359,0.021062637,-0.085796766,0.02555864,0.0645157,-0.177653,-0.20990293,-0.13669278,-0.022165107,-1.0573772e-05,0.0,0.08535101,0.014240214,-0.038360305,0.16203828,0.006760566,-0.006794182,0.012376728,-0.04797859,-0.16080144,0.051414292,-0.019967154,0.008441497,-0.0013653842,-0.004722888,-0.006269158,-0.0023571914,-0.012945725,0.005714721,0.011036777,-0.022255694,-0.035611868,1.3570953e-05
20751,-0.062247235,0.020878421,-0.079294115,-0.019136265,-0.04819224,0.0051883096,0.0070635183,0.04873527,0.18207917,-0.011970364,0.04270423,-0.011069152,0.048933174,-0.024476307,0.037969597,0.002804328,0.10738567,0.033914343,-0.018193081,0.06179487,-0.018521316,-0.037412938,-0.0041037495,-0.047863413,-0.0699975,-0.0007965848,0.026932148,-0.019119158,0.13876216,-0.14938292,-0.16633181,-0.117500745,-0.017390762,-7.922725e-06,0.0,0.070021056,0.04498824,0.024018656,-0.0013820094,0.1313845,0.057114843,-0.0022182679,-0.039333872,-0.046837308,-0.0036586549,-0.021571836,0.006991908,-0.001376457,0.0045167813,0.011577102,9.0518064e-05,0.004944817,0.0048358855,0.0093214465,0.0059798774,0.050758317,-5.053689e-07
13873,0.07269835,-0.061062794,1.0371755,-0.0011198225,0.022515867,0.009525295,-0.0012486441,-0.011092088,-0.04827937,-0.011259941,-0.026973221,-0.007594768,-0.0659467,0.013537686,-0.108093254,-0.04052351,-0.030563187,-0.031222802,-0.0012555125,0.06510824,0.0023869546,0.030604873,0.02544756,-0.018329097,-0.002628478,-0.0010883682,0.012529044,-0.025402099,-0.015545702,0.25314096,0.4557486,0.030371469,0.0440121,-1.0573772e-05,0.0,-0.041882496,-0.012315321,-0.02515369,0.026592365,-0.057617072,-0.0032024852,0.0033523226,0.00014565204,0.13198961,0.04791636,-0.0067381803,0.2020572,-0.005922408,0.0038472887,0.0061755413,-0.0034558375,0.007485894,0.0076927035,0.009295508,-0.022092972,-0.055894893,5.946376e-05
5955,-0.10264553,-0.061047867,-0.25291935,0.0002630719,0.0072840517,0.003900389,0.0041328697,-0.0018202451,-0.13013253,-0.034635097,0.00428984,-0.024049183,-0.07606672,-3.7318794e-05,-0.08745449,-0.022149507,-0.012752289,-0.049294822,-0.055512253,-0.08997217,0.011076785,-0.04834407,0.01721229,-0.06412822,-0.057741296,0.015655406,-0.075346515,-0.019827323,-0.0041034156,-0.19018777,-0.25090212,-0.14200905,-0.029787486,-1.0573772e-05,0.0,-0.056011,-0.021511637,-0.02959174,0.13545819,-0.090812154,-0.10620346,0.011338709,-0.10072034,0.03437499,-0.13421744,-0.01465247,-0.014831588,-0.0016210396,0.03439989,0.008882582,0.0016766159,0.013393434,0.005481917,0.009945444,-0.012808449,-0.027756792,1.9266343e-05
21042,0.113611564,0.030394332,-0.21198386,-0.000222778,0.006486764,0.0035049585,0.0017082344,-0.0023301146,-0.093196765,0.00016428133,0.0058400068,0.0025451889,-0.05065392,0.01287247,0.032358654,-0.0011296277,-0.03148808,-0.026815241,-0.0051287482,0.050437067,0.029409267,0.15084104,0.014764273,0.14449161,0.024885332,0.045982953,0.02026597,-0.01794786,0.029702049,-0.13171318,-0.17951761,-0.10564528,-0.029198736,-1.0573772e-05,0.0,-0.040823083,-0.023386676,-0.024945918,-0.07935685,-0.05819195,0.0077490974,0.008250222,-0.021359397,-0.04179307,-0.013190317,0.035194032,0.005068115,-0.001376457,0.034950864,0.012985994,0.0022987358,0.011395809,0.0039034113,0.008029045,-0.013522941,-0.04630696,-4.2372103e-06
13100,-0.02162571,-0.042723063,-0.2135269,-0.0007021457,0.0069601485,0.003512258,0.0018360694,-0.0023372564,-0.10290376,-0.020407796,0.019118313,0.0035907833,-0.058503203,0.01700391,-0.01395715,-0.026782952,-0.008295095,-0.037720546,-0.008296767,-0.028169094,0.028133884,0.17723405,0.0151414685,0.17285398,0.03048927,0.029601557,-0.044487093,-0.013850111,0.03281956,-0.1291454,-0.17918773,-0.12274797,-0.02854918,-1.0573772e-05,0.0,-0.04503452,-0.023030961,-0.032604016,-0.034041345,-0.010983811,-0.0077544516,0.0066178786,-0.052980397,-0.047059413,-0.046179015,0.030295542,0.0037962284,-0.0016210396,0.027383659,0.009813057,0.00034202664,0.016967682,0.0020676875,0.007233843,-0.0134203015,-0.05056051,-4.2372103e-06
10390,0.13006958,-0.022329506,0.72689056,0.004187503,0.03165758,0.00485462,-0.027221158,0.0010303338,0.055195037,-0.017467834,-0.03718113,-0.037664432,0.07960759,-0.030912643,0.01493168,0.04604797,0.07390784,0.051895503,0.041739333,0.07167453,-0.020925798,0.055106513,0.062028993,0.013982864,0.012790367,0.0063100234,0.14524382,0.08137293,0.0038203392,0.2604125,0.29768202,0.2410456,0.043449543,8.877918e-05,0.0,0.018706089,0.021651886,0.046876363,-0.0030230135,0.1832293,0.002708162,-0.0029820271,-0.015914533,0.018575627,-0.013889867,-0.007903238,0.027299536,-0.0011585169,-0.01579374,-0.0061902907,-0.0022203508,0.0020420586,0.0058656405,0.012890796,0.023287123,0.032885186,0.00033230815
26917,0.0010484739,-0.004630469,0.7295295,0.00036535435,-0.13286307,0.0012096355,-0.0016726444,-0.003064403,-0.013985001,-0.04252111,-0.02441461,0.0032036575,-0.009926167,-0.015286327,0.03388265,-0.059143487,0.010529227,-0.08434814,-3.0985124e-05,-0.03625579,-0.039008778,0.022485172,0.039847404,0.12644774,0.1652698,0.026951345,-0.11388276,0.052499916,-0.047352,0.2416154,0.43545678,0.21993914,0.03264781,7.866365e-05,0.0,-0.0362538,-0.0011382138,0.0047438783,-0.009285272,0.05281402,-0.014637091,-4.0923307e-05,-0.035619736,0.008187628,0.037156552,0.01075619,0.014172837,0.011210007,0.026605168,0.023401773,8.6777436e-05,0.008185052,0.004936474,0.010221657,0.032755073,0.049034894,2.2955937e-05
1154,-0.06553331,-0.03544978,-0.107276626,0.0015307029,-0.0059358585,0.0033327437,0.003481436,0.011935818,-0.08860112,0.0073617664,0.0019298139,-0.005039265,0.048889097,-0.022381362,0.039546665,-0.07591768,-0.060574442,0.012422422,0.027601624,-0.04432703,-0.059532598,-0.020786686,0.0017772457,-0.071038164,-0.0027501015,-0.003145599,0.03544482,-0.007509974,-0.013861721,-0.1736973,-0.22675006,-0.13131283,-0.021674525,-1.0573772e-05,0.0,0.075870275,-0.027390571,-0.011196656,-0.0279452,-0.049467377,-0.043180943,-0.001220079,-0.10081075,0.046425983,0.044450637,-0.022674691,-0.014624351,-0.0013653842,-0.014789427,-0.008076757,-0.0025534877,-0.012676695,0.012536459,0.01046788,-0.024558557,-0.04623263,1.3570953e-05
23279,-0.030432386,0.05173107,-0.061343573,0.0060945563,-0.006852827,0.0007435176,0.007947669,0.013307141,0.2933489,-0.014441811,0.0024349983,0.046463348,0.057682108,-0.012280391,-0.14011261,-0.006640905,-0.06808201,-0.015333454,-0.042447403,-0.072598904,-0.065230034,-0.055739738,0.023026861,-0.07224334,0.014049197,3.9993876e-05,-0.042181432,-0.04368571,0.0050057573,-0.14181258,-0.16988026,-0.120782554,-0.019265026,-1.0573772e-05,0.0,0.08029598,0.06145522,-0.01738774,0.006372003,-0.064242154,-0.03240377,0.010741964,0.0042318082,-0.04167238,0.096167356,-0.021275954,0.035652235,-0.0013653842,-0.014704826,-0.006008831,0.00046772853,0.011031866,0.0066126636,0.008221901,0.014997207,0.045530707,-5.053689e-07
6548,-0.06907492,0.010049454,-0.21654314,-0.00109118,0.0094626155,0.0034038804,-0.0004451201,0.010483358,-0.15539916,-0.027446784,-0.05096306,-0.0021016814,0.028721856,-0.013656388,0.021025788,0.09596181,-0.028865792,-0.009151501,-0.03154262,0.06975517,-0.07429011,-0.05860676,0.017552627,-0.070259914,-0.03142186,-0.012480754,-0.04683921,-0.047519274,-0.122723,-0.17574468,-0.24581291,-0.13156477,-0.025866749,-1.2898648e-05,0.0,-0.055564117,-0.028546562,-0.04386967,-0.08149049,-0.07016043,-0.03296523,0.011042198,-0.062209833,-0.00022693977,0.02505417,-0.013409612,-0.03004252,-0.0016210396,-0.02931173,-0.008608032,0.00040654145,0.0054235538,0.005508296,0.009276217,0.01944357,0.039535172,-4.2372103e-06
18966,-0.11311295,-0.06056165,-0.12142995,-0.012636618,-0.014461784,-3.271185e-05,0.005654663,-0.027780194,0.23166214,0.02641493,-0.02441375,-0.014117597,-0.077752545,-0.0005449079,0.06373976,-0.3193253,-0.061839726,-0.031541813,-0.011284831,-0.05248342,-0.053004563,0.034437764,0.00040205778,-0.06287624,-0.0123538105,-0.0010333648,-0.036112327,-0.24012768,0.04297414,-0.1482824,-0.20957443,-0.10259953,-0.022652315,-1.0573772e-05,0.0,-0.058616288,0.06695957,-0.01396466,0.039822254,-0.072284035,0.015799724,0.013056839,-0.005737026,-0.017571658,0.051157158,-0.022525188,0.032547615,-0.0013653842,-0.018923976,0.013317003,-0.0024153157,-0.015089969,0.004041969,0.007941087,-0.015493986,-0.030390529,5.3019357e-06
9216,0.0055773216,-0.042945184,-0.08288368,0.009261667,-0.0058761607,0.014556487,0.0021967276,0.0045943693,0.08271935,0.0004440896,-0.05492505,-0.03429853,0.08700239,0.026327396,0.082359426,0.07718087,0.084104955,0.011878549,-0.11828036,-0.00998184,-0.03791259,-0.009213943,-0.031576086,-0.057572145,-0.01716639,0.009351268,-0.08672605,0.0779793,0.008924186,0.1862889,0.31261167,-0.055219267,-0.058273587,-1.1933477e-05,0.0,0.035913907,0.034057807,-0.028700463,0.096361764,-0.10398941,-0.023806412,-0.004916248,-0.002804144,-0.12344583,0.08479453,-0.011774572,0.0038848391,-0.0038567113,0.026879232,0.015748048,4.9998547e-05,0.009233597,0.008184546,0.011262282,-0.019485671,-0.05360999,1.3570953e-05
23305,0.106068745,0.01784207,-0.19872952,-0.0006268036,0.007887506,0.0035252897,0.0016171865,-0.0018550921,-0.0789238,-0.0003988139,0.018227447,0.038055573,0.014758083,0.0045131845,0.028597252,-0.009671425,-0.024555227,-0.030606657,0.0423184,0.078524925,0.037004232,0.09665219,-0.010423454,0.1275167,0.210188,0.02222248,0.15383594,0.09270731,-0.028170783,-0.12996651,-0.17972174,-0.093070656,-0.026727548,-1.0573772e-05,0.0,-0.02628716,-0.015233042,-0.007383462,-0.06253973,0.012533953,0.015127726,0.00053714326,-0.03046364,-0.045374326,-0.04885157,0.030134182,0.022317685,-0.001376457,-0.02856321,-0.004799667,0.0025780373,0.007600543,0.0024530685,0.0059698485,0.01704989,0.04450948,1.4581801e-06
318,-0.15129031,0.17680177,-0.050570175,-0.00051855284,-0.0020697385,-0.008387172,-0.03320142,0.011146835,0.16742471,-0.0065279356,-0.05145867,-0.0045671384,0.052183356,-0.011202319,0.045806546,0.035663493,0.044046678,-0.036949005,0.024349095,0.06223627,-0.09577322,-0.004859734,0.004358345,-0.049960747,-0.062075138,-0.001688672,-0.07145878,-0.03905367,0.005023326,0.18448763,-0.08252731,-0.14205924,0.023384726,-1.2898648e-05,0.0,0.010569829,0.04798815,-0.0280794,-0.008565813,0.092887916,0.06411577,-0.0019004939,0.01833978,0.031315856,-0.031866502,-0.012631797,0.0029684096,-0.0030826493,-0.020203698,-0.009494629,0.0005102299,-0.0045114667,-0.02429907,0.012223,0.013532004,0.024948068,1.3570953e-05
25593,-0.17274736,0.03820392,-0.2529233,-0.00026653154,-0.001073843,0.0030408024,0.001879291,-0.0018180674,-0.14871936,-0.03994762,0.017027915,0.048144303,-0.12391871,0.017204208,-0.02333403,-0.024296423,-0.0055201715,0.0027371019,0.011649671,-0.031281207,-0.10956421,-0.05732454,-0.012533646,-0.08593687,-0.011939062,-0.033693377,0.16888879,0.09904337,0.019795764,-0.19008309,-0.2442532,-0.124187835,-0.028786978,-1.0573772e-05,0.0,-0.06646188,-0.028925551,-0.04120373,-0.10811179,-0.040531132,-0.03714519,0.014533179,-0.051923327,-0.050440848,-0.078756675,-0.053103052,-0.022094911,-0.0016210396,-0.028772727,-0.007589505,0.0018954241,0.010967736,0.008591776,0.007832967,0.01686545,0.023966707,5.1900215e-06
11010,-0.03878885,-0.06091553,-0.100307934,0.005760053,-0.013016441,-0.0008840084,0.0053654257,0.010612151,0.22770603,0.0011073026,0.018035596,0.017727429,-0.044454474,0.014158837,-0.10494188,-0.017216302,-0.038991787,0.097274736,-0.0250603,-0.06511807,-0.07246516,-0.03460543,-0.011363234,-0.065044045,-0.014018768,0.030331366,-0.059621558,-0.031092465,0.00023267267,-0.14262576,-0.2060779,-0.13231051,-0.02239743,-1.0573772e-05,0.0,0.011939284,0.044101387,-0.00217396,0.12735018,-0.09257732,-0.10127481,-0.006839882,-0.01710786,0.031931352,0.057149626,-0.013536144,0.011260098,-0.0013653842,-0.0006062661,0.001194584,-0.002615455,-0.013014985,0.0016839209,0.008423867,-0.019919954,-0.0535427,1.3570953e-05
5532,-0.048185293,-0.079229034,-0.10351802,-0.013646829,-0.012236965,0.014583451,0.0060910746,0.013416944,0.20927168,0.010773129,-0.040309474,0.005140308,0.038443454,0.014193023,0.06257628,-0.03822765,0.13858484,-0.026701717,-0.03777621,-0.03253666,-0.03444739,0.02072164,-0.021745581,-0.046977326,-0.068587795,-0.0059959753,-0.13135713,-0.036273867,-0.0077120517,0.19805047,-0.113808215,-0.20402887,0.01120169,-1.0573772e-05,0.0,-0.019689508,0.05513851,-0.01593876,0.11747305,-0.08167743,-0.021434931,-0.0020964937,-0.06831317,0.015159955,0.003452764,-0.011495686,0.007844706,-0.0017156233,-0.011671048,-0.011763262,0.00012819361,0.010416644,0.01351651,0.011821154,-0.007485305,-0.036910497,1.3570953e-05
28714,-0.043694083,0.018008074,-0.060678482,0.0041614636,-0.005776272,0.0012624307,0.005081175,0.026348153,0.19286387,0.027244968,0.032329813,-0.010743743,0.07100074,-0.010994129,0.03345009,-0.021522589,-0.12249807,0.064136654,-0.0262338,-0.033900563,-0.031472843,0.0047122594,0.0144817,-0.05500663,0.01497947,-0.0039131097,0.003978128,-0.095919326,0.06557545,-0.15032008,-0.17997184,-0.120002784,-0.020938255,-7.922725e-06,0.0,0.06526281,0.050199118,-0.029462501,-0.009945016,-0.026366401,-0.037224114,0.0022252433,-0.03565098,-0.08195015,0.063092664,-0.019469649,-0.038531486,-0.0013653842,-0.005357831,-0.0012216945,-0.0026598102,-0.022380324,0.0050118878,0.010285331,-0.016932018,-0.08348383,5.3019357e-06
18004,-0.00878654,-0.0045802165,-0.189974,0.012689881,0.029747764,-0.051886942,-0.0011323446,-0.011792513,-0.082189985,-0.020986395,0.020124521,0.008284819,-0.07055264,0.018927066,-0.0791524,0.08464309,-0.0062693506,0.046711605,-0.007342325,-0.03308347,0.011114421,-0.015540607,0.042710673,-0.03948073,-0.004259635,0.07338203,0.039555207,-0.022475295,-0.040658776,0.34737274,0.4814059,0.45260823,0.04471249,8.877918e-05,0.0,-0.031710554,-0.014086205,-0.011212563,0.18347627,-0.081561595,0.02799823,0.002069213,-0.044449553,-0.052805346,0.021336276,-0.007851083,-0.02496315,-0.0012110719,0.015404588,0.0034587972,-0.010045093,0.0073177307,0.002338446,0.008020301,-0.015002603,-0.01906848,-5.053689e-07
1285,-0.16931295,-0.029648304,-0.2524967,7.955915e-05,-0.0032551019,0.0030416371,0.001188749,-0.004080438,-0.15591796,-0.0449818,0.011967579,0.015287603,-0.08890511,0.014203444,-0.023793321,-0.044969887,-0.0066833626,-0.01704594,-0.0023564778,-0.054113217,-0.11377532,-0.067526236,0.016898414,-0.16998039,-0.076309435,-0.03141522,-0.026914977,0.04212876,0.017211232,-0.19269758,-0.2503862,-0.12757874,-0.027253458,-1.0573772e-05,0.0,-0.10892114,-0.028664038,-0.038822327,-0.11473853,-0.07681156,-0.03489475,-0.0007855961,-0.07878065,-0.0022413093,-0.04621498,-0.05997607,-0.017071627,-0.0016210396,-0.008289517,-0.008559104,0.0018309093,0.013708305,0.004619826,0.006944536,-0.011111275,-0.03028545,5.1900215e-06
1758,-0.05047154,-0.099723555,-0.1641694,-0.012046427,-0.035520203,-0.009020655,-0.02623518,9.098428e-05,0.2170295,0.010065973,-0.028851606,-0.014285458,0.03243004,-0.024805136,0.04286136,0.096750125,0.14754832,0.05706512,0.04191409,0.07518828,-0.10200414,-0.012320267,0.0035831376,-0.045052603,-0.010104269,0.0009257007,0.06229481,-0.023253914,-0.022413429,-0.1205146,-0.14251526,-0.08072624,-0.019518493,-1.1933477e-05,0.0,0.0031219646,0.033286784,0.07727849,-0.0135841435,0.2779633,0.09684938,-0.0022478746,0.050468095,0.045316383,-0.0018908167,-0.011324129,0.026328085,-0.001376457,-0.014764962,-0.0057918103,-0.002947962,-0.005080127,0.0035731676,0.011406326,-0.005606592,-0.01059262,1.3570953e-05
3085,-0.05684528,0.049991474,-0.05502851,0.0035960865,0.0015949479,0.0033075763,0.008614141,0.013726754,0.2019567,0.021011867,-0.0315423,-0.0065601734,0.06865327,-0.00982637,0.05942392,0.060877733,0.09001297,-0.01620165,0.016231861,-0.086238906,-0.091177404,-0.020455765,0.0019308573,-0.054065,-0.067312844,0.0012851657,-0.05008629,-0.014988862,0.003592152,-0.13197885,-0.1588596,-0.111045726,-0.020433893,-1.2898648e-05,0.0,0.05845476,0.04274791,-0.0114473365,-0.0062396415,0.15309228,-0.034645777,-0.0012588892,-0.0762698,-0.0045868307,0.04655749,-0.015280517,-0.0062555894,-0.0013653842,-0.00850722,-0.0077616526,0.00014487104,-0.0067188214,-0.022773776,0.009181495,0.0041877623,0.012453736,1.3570953e-05
28066,-0.17594428,-0.013224877,1.2130874,0.004466304,0.0185859,0.0027419727,0.011647146,0.0010788164,-0.027097333,-0.048449557,0.08464042,0.0026590303,-0.056795284,-0.0036671767,-0.10333096,-0.058278117,-0.059674866,-0.052813783,-0.039712634,-0.01756164,-0.020786943,0.015657524,0.021447692,-0.02224291,0.01005894,0.018010521,0.005514715,0.06735134,-0.006590201,0.2792442,0.55750346,0.050451998,0.05899759,-1.0573772e-05,0.0,0.034817655,-0.010384956,-0.008887307,-0.022793032,0.04533368,-0.14206548,0.0081211915,-0.012484557,0.111244775,0.06422322,0.010509998,-0.014486218,-0.005922408,-0.020692354,-0.013038574,-0.0055064037,0.009299968,0.006958409,0.011467279,0.01886918,0.03901799,2.8651328e-05
24360,-0.00045278895,0.00872229,0.95380044,0.00608157,0.010073705,0.003505201,-0.0011838832,-0.0018197896,-0.06569616,0.0039315554,0.030833203,0.030708196,-0.06293227,0.023652483,-0.004214317,-0.009326692,0.012055804,-0.021522364,0.004300757,-0.034820996,-0.010625606,0.05806433,0.019377396,0.08114144,-0.009241501,-0.04472248,-0.008499017,0.07818782,0.009702893,0.24094364,0.49009287,0.06673289,0.042906433,-1.0573772e-05,0.0,0.011007848,-0.008735413,-0.018537525,-0.07366079,-0.029143253,-0.013515891,0.004437339,-0.06778258,-0.008606766,-0.16235544,0.019239765,0.0038332525,0.02653115,0.027969701,0.0063394993,-0.0038914972,0.011049671,0.009158663,0.013912957,-0.018658195,-0.037494045,6.515915e-05
29212,0.114170834,-0.016962819,-0.17170632,-0.000251178,0.0074550584,0.0033344682,-0.0017965143,-0.0033894004,-0.090407655,-0.016682798,0.015240597,0.001971705,-0.03452775,-0.03876268,0.0023047333,0.0017015715,-0.0028585652,-0.004737397,0.013690564,0.055201996,0.03809391,0.17834462,0.015101388,0.28178403,0.0833287,0.023391388,-0.033993,-0.04243367,0.018762363,-0.12023552,-0.17246412,-0.09648211,-0.027064895,-1.0573772e-05,0.0,-0.039726395,-0.02189647,-0.021530597,-0.033137467,0.009579047,-0.0031596038,0.0063040946,-0.035052348,-0.037571326,0.034118045,0.031540275,-0.01644933,-0.0013653842,0.019508515,0.010983791,0.006219807,0.011837325,0.0067506395,0.0070252903,-0.017446255,-0.04436297,-4.2372103e-06
22091,-0.05423066,-0.0014940787,-0.34379962,0.004933378,0.0116576515,0.0027931246,-0.0009158093,0.0005287336,1.06360385e-05,0.020314392,0.037057094,-0.002359627,0.103034966,0.06255055,-0.07303089,0.090965405,-0.12644835,-0.020723771,-0.017265668,-0.16444954,0.06473923,0.10842507,0.023418318,0.1299461,0.014415756,-0.035923373,0.059647195,0.10375703,0.013033949,0.1781851,0.2962808,-0.057822354,-0.079700366,-1.2898648e-05,0.0,0.077414714,0.0371281,0.00623984,-0.045363553,0.011852783,-0.043860488,0.010496459,-0.01772448,-0.0024724924,0.007966444,0.036119577,-0.019426623,-0.005922408,-0.022109082,-0.010124555,0.00031256807,0.012553615,0.0012874096,0.009915275,0.013015494,-0.01908332,7.841122e-06
13733,-0.076177575,0.0045782775,-0.09364642,0.005989398,-0.007989269,0.00021884499,0.004441237,-0.019903725,-0.072046764,-0.029746445,-0.07966912,-0.032385193,0.15906034,0.11573174,-0.12319057,0.10911523,0.09663424,0.018481402,-0.0018070603,-0.011706755,-0.084000714,-0.0407686,-0.018011974,-0.11788284,-0.015597391,-0.14527868,-0.031095063,-0.011426466,0.1039072,-0.13972962,-0.20442098,-0.10490717,-0.033146236,-1.2898648e-05,0.0,-0.0061944835,-0.0075677778,-0.012845783,-0.042504933,-0.09753651,-0.053963993,0.0059602004,-0.027268564,0.17974277,0.07862274,-0.02546295,-0.014750947,-0.0013653842,-0.0400164,-0.021193806,0.008231267,-0.021820124,0.0024907165,0.0097666755,0.022954568,0.01602738,5.1900215e-06
15189,-0.142503,-0.0102642495,-0.15556048,-0.0053379117,0.007879075,0.0033735344,0.005634159,0.00025016768,-0.09269295,-0.035281852,-0.008925102,0.016182834,-0.02819942,0.014507973,0.026164824,-0.023326447,-0.18535101,-0.031630814,-0.1018338,-0.04059633,-0.055965994,-0.032278,0.010166219,-0.12691796,-0.06457669,0.0068108817,-0.068031445,-0.010207993,-0.025034297,-0.18833828,-0.2542123,-0.11944213,-0.027861096,-1.0573772e-05,0.0,-0.06646293,-0.02471591,-0.0028720004,0.22376889,-0.009784565,-0.039189406,0.010943208,-0.049815807,-0.009172084,0.053602986,-0.03578488,-0.0055579077,-0.0013653842,-0.024563346,-0.005789836,-0.001856966,-0.01081135,0.00654928,0.011006101,0.026166735,0.03634252,1.3570953e-05
1627,-0.052586637,0.0404904,-0.38229054,-0.0034608115,0.020704577,0.004267686,0.0026598922,-0.0033199387,-0.10602093,-0.019371273,-0.00044099125,0.0053251274,-0.055711497,0.020168642,-0.039792556,0.080701776,-0.045686193,-0.009839166,0.006869321,-0.03059392,-0.081645675,-0.013148898,0.01690108,-0.049235806,-0.10625821,0.017498164,0.0022004822,-0.03205094,-0.017360264,0.23681572,0.39627388,-0.04403994,-0.07767633,-1.2898648e-05,0.0,-0.03954576,-0.016062029,-0.006617452,0.16311546,0.0961281,0.0006198489,-0.00042315718,-0.05674868,0.02586547,0.010678429,-0.03867676,-0.018900892,-0.0075340164,-0.027432764,-0.009098686,-4.485462e-05,-0.00667118,-0.024792163,0.007144199,0.008919394,0.0061817733,-5.053689e-07
728,-0.04720862,-0.02316358,-0.17905334,-0.024118716,-0.06278238,-0.015183394,-0.03637826,-0.015169582,0.18108368,0.017622706,0.040238373,-0.06041162,0.14654426,-0.016186196,0.067857146,0.101458006,0.17022581,0.078080624,0.011592968,-0.030191919,-0.081233606,-0.016300468,-0.09403069,-0.06552361,-0.08571748,-0.056258053,-0.003789274,-0.18052268,-0.10440212,-0.14050373,-0.17420349,-0.08214518,-0.020836506,-1.1933477e-05,0.0,-0.048405636,0.043510005,0.019452533,-0.024631232,0.11016211,0.05798934,0.003737961,-0.039748974,0.014069524,-0.0028192059,-0.011392712,-0.013899001,-0.001376457,-0.018523162,0.003629733,3.72762e-05,0.027856652,0.012369067,0.009857138,-0.010321707,-0.02046992,1.3570953e-05
19782,-0.087592795,0.028522575,-0.04238465,0.0011888047,0.0017441434,0.003277053,0.009532118,0.011954358,0.23730302,-0.00701391,-0.07247735,-0.0075504025,0.06351423,-0.015847906,0.038994677,0.075723715,0.08117002,0.0087264925,0.0061303996,0.03759689,-0.092294775,-0.0019830195,0.008856876,-0.05194158,-0.17659482,0.0034067105,-0.029541386,-0.032829534,-0.019140251,-0.13920166,-0.15802824,-0.0985079,-0.017801337,-1.2898648e-05,0.0,0.040410124,0.02901709,-0.021450108,-0.0075720428,0.116436124,0.06485836,-0.001226783,0.05716253,0.024891913,-0.038638283,-0.011216507,0.0019552677,-0.001376457,-0.015817402,-0.0056215315,0.0005102299,0.0067091477,0.0049030287,0.010785413,0.012834413,0.04231849,1.3570953e-05
7277,0.123264074,-0.026384981,-0.20942573,0.0014913902,0.009262915,0.0035447672,-6.715374e-05,0.010228746,-0.07368982,0.0020596136,-0.049897313,0.0011103526,-0.037021093,-0.032845415,0.030990515,0.045343116,-0.02541621,0.0032836609,-0.012531967,-0.08322815,0.03523385,0.03179275,0.016911961,0.020906793,0.027749041,-0.010591157,-0.078661464,-0.046229567,-0.026956387,0.26415935,0.3757486,0.27283666,0.03500744,-1.2898648e-05,0.0,0.00062148494,-0.011310337,-0.04498655,-0.04219397,-0.05022633,-0.02093578,-0.0024298923,-0.043761916,0.025175113,0.06683034,0.0047988547,-0.036988266,0.011210007,-0.02139659,-0.01722301,0.000654552,-0.0072381715,-0.032726154,0.009266895,0.020551663,0.03141434,2.1457317e-06
18771,0.07752011,-0.03298622,-0.19595258,0.0062580346,0.014062468,0.009252986,0.004247964,-0.0044072424,0.08107993,0.009887365,-0.008450188,-0.0013682863,0.034350045,0.023369007,0.060677588,0.07027737,-0.06155849,-0.0051597417,0.04251528,0.049671207,-0.036074,-0.0046608406,0.024066873,-0.020573238,-0.033901837,-0.010556121,0.06352461,0.114778295,-0.016068328,0.1755027,0.28267816,-0.055799376,-0.054740217,-1.2898648e-05,0.0,0.032233387,0.008711872,-0.012344454,-0.030234786,0.093448065,0.08618302,-0.0016501156,0.03852103,0.04188412,-0.015950123,-0.016168598,-0.0011422713,-0.0037705677,-0.024178375,-0.009613644,0.00086376036,-0.004023664,-0.025576998,0.010976624,0.0089764055,0.027219096,1.3570953e-05
18683,0.009356889,-0.030424684,-0.21863168,0.0019850412,0.009638532,0.004248611,0.0016513896,-0.0027356679,-0.04545265,0.016438,-0.003741874,0.0067209005,-0.03542277,-0.005185653,0.042392842,0.043132972,-0.062254738,-0.0038992772,-0.0061647836,0.06098381,-0.06648251,-0.0497465,0.017290594,-0.06190918,0.005949935,0.0029386312,-0.009643379,-0.036198646,0.0027727548,-0.18510832,-0.23823126,-0.13435665,-0.024704058,-1.0573772e-05,0.0,0.0019325286,-0.025599854,-0.032855354,-0.03591801,-0.05858202,0.018881597,-0.0011897982,-0.06225021,0.010215947,-0.05464784,-0.017532306,-0.02215142,-0.0016210396,-0.01590605,-0.006495433,0.00025224994,0.008003278,0.0051889634,0.012071532,-0.01725694,-0.02842401,1.3570953e-05
11179,-0.07296182,0.011448572,-0.21519402,0.0021078123,0.011393,0.006751629,0.0023977528,-0.0019722201,-0.07579767,0.010956598,-0.007909843,-0.0090398155,-0.013300672,0.012122204,0.041451566,0.09977202,0.13198133,-0.019665819,0.00231406,0.060227793,-0.06079262,7.050403e-07,0.01600158,-0.0561416,-0.01626037,-0.028359042,-0.007042877,-0.035628114,0.0021556502,-0.1766164,-0.20543899,-0.1231528,-0.025017379,-1.2898648e-05,0.0,0.045692977,-0.019132504,-0.03399054,-0.054177016,-0.088260554,0.04750428,-0.0015144834,-0.036166348,0.012299195,-0.04323485,-0.015444967,-0.012877088,-0.001376457,0.028038133,0.013024496,0.0018309093,0.008082906,0.0055340184,0.011634355,-0.010503949,-0.026359182,-5.053689e-07
1950,-0.10134935,0.06868343,-0.2577926,-0.00010585109,0.00370294,0.0033026407,0.00389957,-0.0014197589,-0.1515537,-0.031547494,0.015374615,0.042392123,-0.1018634,0.014172937,-0.0923416,-0.08611467,-0.083364695,-0.045069173,-0.050095927,-0.06200937,-0.08193195,-0.060734175,0.015514298,-0.08395406,-0.05585513,0.0068329917,-0.0061698565,-0.034616217,-0.025433283,-0.19467315,-0.25823098,-0.14614551,-0.030801931,-1.0573772e-05,0.0,-0.0747847,-0.027008105,-0.03826623,0.14909299,-0.065092936,-0.102537595,0.0012367641,-0.081556275,0.015297299,-0.08743258,-0.030475087,-0.010355398,-0.0016210396,0.05157589,0.01707587,-0.0023607232,-0.010275671,0.0054120263,0.008503475,0.01670274,0.05855378,1.9266343e-05
29191,0.14949794,-0.016434873,-0.21721625,0.001138766,0.010385326,0.0042240443,0.0012645514,-0.0019722201,-0.11891295,0.0028016302,-0.018812092,0.0050701415,-0.041154146,0.014120823,0.045906633,0.12606528,-0.067934036,-0.03997027,0.047475997,0.05596294,-0.0733389,-0.03083575,0.02596673,-0.05277612,-0.045843314,-0.019606654,0.014790299,-0.032597102,-0.009333439,-0.15715057,-0.20962818,-0.12520908,-0.027029054,-1.0573772e-05,0.0,-0.046641987,-0.021620901,-0.016955232,-0.03969583,0.10911464,0.058622222,0.00635632,-0.031585917,-0.023484355,-0.007309309,-0.021385076,-0.026435316,-0.001376457,0.021362433,0.008848317,0.002464864,-0.009844733,-0.02663368,0.008786996,-0.010118601,-0.047402736,-5.053689e-07
29705,-0.018777918,-0.014742463,-0.060959276,-0.021785365,-0.07743453,-0.012639146,0.0016332893,-0.01085406,0.16381958,-0.0028980128,-0.070803136,-0.03938274,-0.04729352,-0.009765815,0.04702281,0.04978029,0.15534592,0.116633974,-0.0050091622,0.0018626311,-0.04113992,0.0067114397,-0.010220243,-0.060144156,-0.01899891,0.037677784,-0.09198943,-0.06342318,-0.06357515,0.20241174,-0.12730874,-0.20730649,0.01846109,-1.2898648e-05,0.0,0.046615105,0.057531174,-0.016633324,0.056490846,-0.06251965,-0.06361752,-4.3946784e-05,-0.031267647,0.06924563,0.013809567,-0.044412807,0.030892242,-0.0017156233,0.019615317,0.011138644,-0.0025031406,-0.0077321567,0.0068186447,0.010920793,-0.01525552,-0.046385467,1.3570953e-05
22915,-0.027244374,-0.024401706,-0.17057744,-0.018806906,-0.06029674,-0.012975425,-0.021611985,0.0005201296,0.19651861,-0.008338033,-0.029530197,-0.013753818,0.030393587,-0.024793439,0.04277846,0.09529741,0.14239806,0.05624457,0.047167175,0.072489396,-0.099518165,-0.015964953,0.0062216343,-0.048997827,0.00088768755,-0.00092293945,0.043050468,-0.028557517,-0.022965774,-0.12045929,-0.13434593,-0.08958402,-0.019518493,-1.1933477e-05,0.0,0.0040761717,0.03284613,0.071121305,-0.017298233,0.28610447,0.10856852,-0.002284882,0.07662568,0.043945916,-0.002783292,-0.012394916,0.021470862,-0.001376457,-0.016308468,-0.0055923876,0.0003913621,0.0047055623,0.00493872,0.011396812,-0.008246873,-0.0113627175,1.3570953e-05
18310,-0.103856035,-0.028540777,-0.066617094,0.0031218105,0.0025395271,0.0078042564,-0.04003426,-0.0123456735,0.17374752,0.024034457,-0.027063956,-0.017609287,0.07554026,-0.012203733,0.053145364,0.07476652,0.1644363,0.07821171,0.038130015,-0.027303124,-0.028875928,-0.04865892,0.0007182993,-0.045934476,-0.058542076,-0.04767786,-0.059285775,-0.03505161,-0.00017147983,-0.13724008,-0.17269614,-0.10093863,-0.019250778,-1.1933477e-05,0.0,0.085149184,0.034167893,0.034980062,-0.027558722,0.14633626,0.038378093,0.0039273193,-0.039100245,-0.04077727,-0.05642248,-0.010555445,-0.028381756,-0.001376457,-0.015625278,-0.008473991,0.00019156771,0.007619478,0.0067324983,0.0092696715,0.008632322,0.02647192,-5.053689e-07
27686,0.13855657,-0.02354864,-0.3540333,-0.006758061,0.010090442,0.00430677,0.009167685,-0.0031869446,-0.058803625,0.00544728,-0.0068297274,0.0042672986,-0.02559987,0.019648014,0.019074397,0.0101449,-0.018575871,0.0016370201,0.045473825,-0.020859687,0.049582575,0.03054253,0.01968977,0.021953683,-0.011563751,0.06898073,0.022406597,-0.023384223,-0.018251415,0.26494262,0.38632217,0.14056547,-0.09877933,-1.0573772e-05,0.0,-0.027337672,-0.012688542,-0.025424559,0.12372502,-0.035686783,-0.013479896,0.0020860427,-0.040466003,0.035421636,0.019218825,0.012370244,-0.018312154,-0.0058222166,-0.016046826,-0.007150955,0.0004357439,0.010329639,0.0042794086,0.00955441,-0.011787393,-0.03934094,1.3570953e-05
17572,-0.11428261,-0.0029223904,-0.23179244,-0.00573009,0.0073824595,0.0037625406,0.0013139383,-0.0038093256,-0.07368615,-0.0027464994,0.005638331,-0.008407731,-0.083156675,0.0051460774,0.04366343,0.111676626,-0.07888677,-0.037537668,0.03750277,0.07389711,-0.08739479,-0.008040544,0.013484388,-0.079110794,-0.083557606,0.0011314333,0.014829945,-0.020063542,-0.00966803,-0.15262078,-0.18361022,-0.12004363,-0.028781444,-1.2898648e-05,0.0,-0.001955295,-0.020445175,-0.022556027,0.016990371,0.096938536,0.069321536,0.0027024117,0.103960596,-0.033655874,-0.004855506,-0.019615475,-0.013502206,-0.001376457,-0.019166686,-0.006694856,-0.0037019495,-0.0074974163,0.0037081547,0.00974411,-0.009781809,-0.016594267,-5.053689e-07
25652,-0.06517772,0.0046436056,-0.22575027,0.00209713,0.009615174,0.003398563,0.0023423063,-0.0010188364,-0.08096378,0.0022344973,0.015246217,-0.018262327,-0.035447773,-0.009357325,-0.06640018,-0.029662868,-0.053265326,-0.014109473,0.00020097039,-0.039465956,-0.07391685,-0.045764063,0.017833691,-0.07613609,-0.07615522,-0.022765318,-0.065583,-0.051747147,-0.027277559,-0.18117598,-0.23464392,-0.13475823,-0.024369538,-1.0573772e-05,0.0,0.022791533,-0.02407374,-0.019776376,-0.028924955,-0.05496971,-0.036432296,0.002382527,-0.057216242,-0.00059682585,0.01942878,-0.02384945,-0.002862394,-0.0016210396,-0.023029031,-0.009540543,-0.0020497304,-0.012676695,0.014731525,0.010010702,-0.0050948844,-0.02886143,-5.053689e-07
8044,-0.0294018,0.021864004,-0.065969944,0.0074423915,-0.0056099915,0.008698823,0.008794733,-0.015094748,0.2106652,-0.005024566,0.0017332354,0.015860585,-0.03244246,0.000826419,-0.09030182,-0.06758625,-0.20832975,0.094513975,-0.03661394,-0.11079401,-0.07175719,-0.042830322,0.017996397,-0.053248417,-0.029987825,0.027170843,-0.11765806,-0.027737176,0.040993676,-0.13916512,-0.18312842,-0.11366634,-0.024230184,-1.0573772e-05,0.0,0.057373784,0.039780278,-0.011381644,0.12276114,-0.01778351,-0.10375801,-0.005853565,-0.020834358,-0.13440384,0.08664186,-0.021419428,-0.021160685,-0.0013653842,0.0085088685,-0.0063858526,0.0003628867,-0.01301799,-0.031468015,0.009675798,-0.01889197,-0.066462755,1.3570953e-05
14139,0.117930636,0.009088364,-0.1656171,0.0005484427,0.009258129,0.0033709188,-0.00079775276,-0.002801813,-0.08252578,-0.008452992,0.016543869,-0.00081343437,-0.043068055,0.015784297,0.019150307,-0.01534204,-0.0057724714,0.1092064,-0.01524316,-0.024526805,0.018116912,0.16611283,0.017593727,0.17485431,0.047820993,0.009186178,-0.02890155,0.10524292,0.010636156,-0.13646209,-0.18049258,-0.09802494,-0.025858901,-1.0573772e-05,0.0,-0.0365609,-0.018789258,-0.009257212,-0.050446402,-0.044255383,0.028085029,0.00027412744,0.010102949,0.0017432849,0.07622515,0.024771878,-0.008905886,-0.0013653842,0.041128337,0.016969802,0.002484494,0.014277871,0.006790457,0.008623072,0.01823766,0.05862763,2.1457317e-06
17948,-0.08111265,-0.0072848704,-0.09795198,-0.012153202,-0.078772604,-0.012983379,-0.021101683,0.004592968,0.16442513,-0.01825411,-0.0642415,-0.019558923,0.050911877,-0.015272804,0.043832548,0.05837082,0.13678367,0.045680758,-0.0046649077,0.06818524,-0.076125026,-0.009829456,0.0048652217,-0.050663922,-0.104981996,-0.0040839612,-0.12109487,-0.028512314,-0.01309797,0.18682396,-0.09316251,-0.1614024,0.012152586,-1.1933477e-05,0.0,-0.042461876,0.030047549,-0.011243752,-0.009329891,0.08893134,0.066104755,-0.0029418329,0.057323214,0.032086037,-0.015621744,-0.012001669,0.017204221,-0.0030826493,0.021331046,0.010140376,0.0003913621,0.0073723025,0.004859764,0.011593374,-0.008231793,-0.030872801,1.3570953e-05
10078,-0.08424451,0.016154207,-0.1945061,-0.035371512,-0.06741115,-0.006463282,-0.036837563,0.019042244,0.049933095,0.035948824,0.008337618,0.026342146,-0.008816016,0.024699382,0.07494376,-0.019564614,-0.055997275,-0.00042306882,0.025247676,-0.007045854,-0.0406191,-0.047430724,0.0039398745,-0.074789025,-0.009819137,-0.025743274,0.0482117,-0.16894056,-0.1903563,-0.13327956,-0.20379843,-0.10624048,-0.026108382,-1.0573772e-05,0.0,0.06996993,0.006168215,-0.057064027,0.11617281,-0.036323193,-0.091893286,0.0060689105,-0.03690425,-0.18337287,0.0650384,-0.020776711,-0.02567833,-0.0013653842,0.022059148,-0.013350513,0.0003066011,-0.020008698,-0.05366026,0.009920757,0.033367455,0.094131485,1.3570953e-05
15425,-0.18524215,-0.05081879,0.9820893,0.009511906,0.017740117,0.003103394,-0.0012589145,0.0013594878,0.016584614,-0.036600534,0.04429543,-0.010336678,-0.07976416,-0.015352411,-0.089122884,0.08805959,0.018526632,-0.03863066,-0.0012566135,-0.037179895,-0.029722732,0.027768213,0.022985581,-0.03784325,0.028082768,0.012830671,0.018886145,0.11862763,0.014142344,0.29697993,0.56627965,0.3852724,0.024117922,9.595956e-05,0.0,0.041027673,0.0045581385,0.004911077,-0.040480163,-0.026272785,-0.007826824,-0.00080144,-0.030163176,0.013792592,0.05091766,0.013807197,0.034937974,-0.0012110719,0.014058965,0.015819794,-0.002570441,0.006849462,0.008682743,0.009350878,0.0045841276,0.024863647,2.8651328e-05
16843,-0.025443865,0.036051475,-0.21325383,-0.00015771698,0.008353096,0.00350763,0.0016443083,-0.002365796,-0.09223684,-0.018189969,0.023768257,-0.017424557,-0.091021836,0.015139435,-0.0468854,-0.016531534,0.0019484665,-0.039893452,-0.011398715,-0.033371747,0.05014553,0.1266338,0.014135485,0.06924908,0.004307573,-0.024166662,-0.056119107,0.07344906,0.014227098,-0.16203536,-0.21685024,-0.12787941,-0.027799712,-1.0573772e-05,0.0,-0.045412786,-0.02069733,-0.02316292,-0.0546396,-0.07438595,-0.044341084,0.005196626,-0.046777517,0.011537158,-0.09067326,0.020259434,-0.004636803,-0.0016210396,0.051941242,0.012010871,0.0018954241,-0.013386489,-0.039882317,0.008352741,0.015506119,0.045246217,1.9266343e-05
5250,-0.17060293,-0.0105920285,-0.2646878,5.7052286e-05,0.0035823537,0.0037701002,0.0022315718,-0.0033241506,-0.14733723,-0.00902144,-0.020105848,-0.011894112,-0.034326177,0.013003659,0.0064886883,-0.010738113,-0.03581877,0.0115462905,0.0012220955,-0.037649527,-0.07734937,-0.014299272,0.020303462,-0.08582088,-0.0475385,0.002580669,0.020035047,-0.02742191,-0.022056133,-0.1910131,-0.25530308,-0.12500574,-0.027870223,-1.0573772e-05,0.0,-0.059736498,-0.032345373,-0.010321425,0.15282556,-0.06669115,-0.00041203602,0.006612491,-0.03493473,0.05334228,0.043465137,-0.027769616,-0.01196546,-0.001376457,-0.020017708,-0.008405739,-0.003349393,-0.012994719,0.0034665684,0.010623695,-0.0087148,-0.016272781,1.3570953e-05
781,-0.06575025,-0.018375244,-0.34685013,-0.010682809,0.03220145,0.003058765,0.02082918,-0.0011470043,-0.1112848,-0.026054833,0.0006220487,0.00904536,-0.05610107,0.027797336,-0.06893882,0.09516844,-0.032314822,0.0465782,-0.0051949113,-0.06477267,-0.092649505,-0.04680001,0.014353702,-0.06832228,-0.08238152,-0.035301525,0.014922327,-0.054242406,-0.02645221,0.33573666,0.4559779,0.45923245,-0.08752279,-1.1933477e-05,0.0,-0.046268743,-0.016862834,-0.011224703,-0.056486744,-0.048541244,-0.0069286204,0.00093823986,-0.04253849,-0.003784842,0.028877765,-0.034310084,-0.0027770083,-0.0015818586,0.01745031,0.0018359132,-0.0011779813,-0.007597084,0.0065945806,0.008153745,-0.010310327,-0.017073633,-5.053689e-07
23663,0.022046363,0.061364636,0.8176494,0.0050448333,0.026013901,0.003160539,0.010549576,-0.0010997361,-0.05866615,0.009198023,0.01909326,-0.014997072,-0.07207269,0.017705653,-0.002932938,0.010584122,0.0064942925,-0.0076598013,0.008578555,0.011450656,0.007456677,0.028038025,-0.060376257,-0.0026519762,0.0008896993,0.057120446,-0.025253179,0.0019032307,-0.0011439633,0.31626618,0.5396025,0.37854478,0.051162045,-1.0573772e-05,0.0,-0.04478678,-0.007837961,-0.012732537,0.11795056,0.05081849,-0.008330274,0.00494223,-0.034373134,-0.027590413,-0.04777704,0.0038466807,-0.0050355396,0.0052601276,-0.026690312,-0.0086657535,-0.0027183255,-0.0049001034,-0.027230255,0.010242235,0.020019138,0.031672556,6.515915e-05
24415,-0.17200339,0.014272265,-0.11405153,-0.0004379821,-0.04708554,0.0002873197,0.0018984583,0.014593365,-0.08370797,-0.008960391,-0.06828197,-0.009695144,-0.04227727,-0.02301517,0.046253197,0.055710495,-0.04077457,-0.050306756,0.042745784,0.050877925,-0.059758354,-0.021804728,-0.0040420373,-0.08897833,-0.103545316,-0.004929805,-0.09490253,-0.04405065,0.008520943,-0.15384352,-0.20818333,-0.11850584,-0.02393168,-1.2898648e-05,0.0,0.049415406,-0.025960226,-0.018063456,-0.05918588,-0.07443431,-0.016954552,-0.0014623083,-0.052202675,0.03496102,0.010960565,-0.019723494,0.0042893663,-0.0013653842,0.022520602,0.014308514,0.0003401676,0.004906296,0.0037444131,0.011453978,0.0102508925,0.035096556,1.3570953e-05
28566,-0.14247629,0.024698956,-0.23761398,-0.022681408,-0.022254376,-0.0010939091,-0.0006163437,-0.0027882643,-0.084100336,-0.021667993,-0.008747546,0.005139444,0.039552726,0.030155506,0.10790944,-0.2465059,-0.095545046,-0.01044196,-0.07480392,-0.040731452,-0.051625673,-0.019409876,-0.0028026202,-0.06577404,-0.0069458857,-0.01693233,-0.12603866,0.06903349,-0.0037263297,0.23803727,0.34767756,-0.03684477,-0.08545695,-1.0573772e-05,0.0,-0.0400716,-0.027350435,-0.01923994,0.10849025,-0.041695997,-0.3022095,0.014182952,-0.016946267,0.046141338,0.031252306,-0.044112127,0.037535764,-0.0038567113,-0.022444174,-0.0007151467,0.010507363,-0.008097967,0.010609605,0.010508665,0.02941167,0.064657345,1.3570953e-05
27169,0.15417916,-0.03564872,-0.3413277,-0.0026440192,0.010952993,0.008280673,-0.0010565713,-0.0026451102,-0.0007126442,0.0025550863,-0.013403688,0.0073001366,-0.022899844,0.010273905,0.051928304,-0.011893929,0.095753506,-0.023847029,-0.009259494,-0.042280715,0.039011657,0.03520358,0.020947143,0.02597029,0.016551217,0.067586996,0.033646375,-0.03303767,-0.017747717,0.24498078,0.3296057,-0.034540076,-0.07336748,-1.0573772e-05,0.0,-0.025681918,-0.001344163,-0.010807699,0.13524194,0.14161675,-0.011202288,0.0021494718,-0.015398381,0.03175946,0.01737299,0.010819138,-0.021404285,-0.0075340164,0.029939152,0.011209789,-0.0033237669,-0.009314777,0.004092946,0.008740566,-0.016034715,-0.051379677,1.3570953e-05
20533,-0.07191428,-0.0041624224,-0.23172101,-0.0002301547,0.005437293,0.003380056,0.001795073,-0.0017955075,-0.118940234,-0.02732247,0.0052198027,-0.021505732,-0.020724315,-0.0071520344,0.032638296,-0.02833522,-0.068513565,0.01456364,0.032182742,-0.024327038,-0.089527436,-0.060878552,0.034252673,-0.09205825,-0.024556665,-0.029626766,0.121063665,0.08758305,-0.012939576,-0.18418907,-0.2507678,-0.13494529,-0.024984056,-7.922725e-06,0.0,-0.06775502,-0.034731496,-0.027837198,-0.09713116,-0.046762645,-0.024706427,0.006838942,-0.061231654,0.016826589,0.042273495,-0.042977665,-0.01969349,-0.0013653842,0.019636933,0.0076974565,-0.0025534877,-0.0070749423,0.0086332485,0.009261276,-0.01263815,-0.049996525,1.3570953e-05
23353,-0.06686398,-0.029726181,-0.15370575,0.00251115,-0.010285882,0.0022823934,0.00014365854,0.020103898,-0.06806753,0.0044934987,-0.037184197,-0.014161048,0.07410547,-0.023474148,0.05085596,0.08704448,0.052732468,-0.023031214,0.02366357,-0.0055858446,-0.04955733,0.0051726624,0.0060136532,-0.057393342,0.0068174507,-0.0259487,-0.06606852,-0.04307412,0.0066477526,-0.15874927,-0.18322054,-0.11642034,-0.020147432,-1.2898648e-05,0.0,0.018121092,-0.02251038,-0.041976668,-0.05085464,-0.101354346,0.01665942,-0.0015257814,0.053817354,0.036642026,-0.039451327,-0.020234767,-0.0032911268,-0.001376457,-0.021316392,-0.011680961,0.001949777,0.005107653,0.005604529,0.011130284,0.02285983,0.030415265,1.3570953e-05
13718,0.03130763,-0.03266765,0.78419477,0.0048112506,0.030302806,0.0030710201,0.010347446,-0.00097478286,-0.04833881,-0.015898185,0.009671093,0.018626401,-0.07698998,0.029680783,0.02568425,-0.00016552035,-0.0025742024,0.0017310116,-0.007852925,-0.033490695,0.023582878,0.043239098,0.0022303732,-0.017123979,0.016104344,0.056873832,0.059299245,0.028041624,0.0013791139,0.35113403,0.55444056,0.41316026,0.048934117,-1.0573772e-05,0.0,-0.043106697,-0.0059665027,-0.0046809674,0.12309783,0.055344306,-0.0074716285,0.004923041,-0.01946412,0.01739939,-0.07236434,0.008059987,0.0010050681,0.0043171165,-0.022237578,-0.0045501534,-0.0012294429,-0.007241633,-0.045869924,0.010164803,0.019928198,0.0055020414,0.00033800353
17468,-0.070483446,-0.03846434,-0.23933424,0.0004943679,0.011631986,0.0033521876,0.0025804546,-0.0046376344,-0.09441392,-0.027430693,0.039383493,0.010077554,-0.010649152,-0.003983265,-0.09795296,-0.19041468,-0.08367834,-0.052595172,-0.053477786,-0.045946337,0.058268726,0.016745085,0.015021224,0.004383989,-0.000751377,-0.012626798,0.09037141,0.072242886,-0.024213593,-0.17460537,-0.2251134,-0.13723312,-0.029576967,-1.0573772e-05,0.0,-0.0588899,-0.01659907,-0.009847464,-0.030751232,-0.06583035,0.015870636,-0.00026615558,-0.07111295,-0.035225514,-0.048600223,0.023432208,0.010620837,-0.0016210396,-0.027661173,-0.009914067,0.00034202664,0.013490436,0.007505037,0.009885654,-0.014734146,-0.032162696,5.1900215e-06
17763,-0.0084551275,-0.17115556,-0.18231976,-0.00096393144,0.009875185,0.0025527505,0.002618197,-0.0049908985,-0.044783182,-0.017997893,0.04574261,0.030214649,-0.0638041,0.02194988,0.045382768,-0.12603025,0.055900205,-0.028807476,-0.02004454,-0.03875855,0.025817825,0.101443484,0.009002777,0.1376449,0.026974164,-0.020209039,0.06091224,0.10269222,0.029046215,0.21160293,0.3642754,0.03968026,0.044270366,-1.0573772e-05,0.0,0.008021166,-0.007183635,-0.00071601494,-0.0070720497,-0.023905199,-0.0052661174,-0.0035355985,0.0020863917,-0.061021786,0.08580132,0.025883416,-0.012314896,0.012812033,-0.017661853,-0.010655038,-0.009566307,-0.010998955,-0.001916575,0.0075013977,-0.017735815,-0.037102956,7.841122e-06
24408,-0.13333479,-0.05405909,-0.050757196,0.00032854523,-0.0089621795,-0.00021069282,0.0056576994,0.01596006,0.15411204,-0.016734025,-0.0026683593,-0.009727522,0.04180246,-0.024463503,0.011660269,0.0975191,-0.08798273,-0.06364706,-0.005419529,-0.053103503,-0.081850976,-0.023458708,0.0055000884,-0.045354698,-0.07906432,7.4694044e-06,-0.06586075,-0.0394096,0.008458792,-0.12794104,-0.1631556,-0.10731418,-0.020837208,-1.2898648e-05,0.0,0.045143638,0.037163507,-0.035047982,-0.0305949,0.23813206,0.014497155,-0.0012435426,0.0704283,0.032852568,-0.014486115,-0.017374204,-0.00068919803,-0.001376457,0.019112833,0.007891269,0.00040263505,0.007961908,0.004074823,0.01103134,-0.011934294,-0.029940955,1.3570953e-05
19952,0.14930172,0.013091664,-0.22428617,-0.05083444,-0.057704538,-0.0033993924,-0.025561221,0.008154334,0.08968022,-0.034311246,0.00705079,-0.011836635,0.10596681,-0.016819397,0.04016236,-0.09754029,-0.08371436,0.07744615,-0.012985825,0.05910354,-0.037906867,-0.013669121,-0.018559534,-0.049272947,0.015652146,0.0004441628,-0.08609137,-0.03102172,-0.014253468,-0.14480086,-0.20652215,-0.11072463,-0.023418698,-7.922725e-06,0.0,0.05098558,0.025489507,0.006970745,-0.037904356,-0.024234975,-0.035827674,-0.00087001675,-0.04019086,-0.034007505,0.052236658,-0.013717563,-0.04418827,-0.0013653842,-0.024756912,-0.010104284,0.0024244378,-0.0046001477,-0.026236996,0.010423925,0.035114188,0.058828104,-5.053689e-07
13320,-0.085563935,0.051898364,-0.24294157,0.00054615067,0.004875608,0.0030363775,0.0038738362,-0.003784507,-0.11120234,-0.023144392,0.02077235,-0.00068123674,-0.10357556,-0.0012168705,-0.13583042,-0.014273764,-0.024662403,-0.05459025,-0.03372407,-0.073143385,0.020864345,-0.035939578,0.015029674,-0.004982195,-0.0695595,-0.028402675,0.12397324,-0.01758221,-0.025166716,-0.18580638,-0.23726468,-0.14677519,-0.028696146,-1.0573772e-05,0.0,-0.07355577,-0.02390366,-0.028544793,0.15696041,0.08725837,-0.11890634,0.015784409,-0.061125632,-0.034174453,-0.014391442,0.008178104,-0.003918758,-0.0016210396,-0.038794532,-0.00905296,0.00014279429,-0.010028231,-0.026793998,0.0072307666,0.00925496,0.027583752,5.1900215e-06
1544,0.100145616,0.00037901662,-0.18420821,-0.0008520196,0.011750674,-0.006888238,-0.018155964,0.0019095303,-0.083584815,-0.021780238,-0.058947213,-0.011907815,0.07648392,-0.036802165,0.025074404,0.10276157,0.024310531,0.051338818,0.032087937,0.057364304,-0.051895496,0.061296023,0.014218093,0.17349876,0.18024038,0.012087373,0.015823798,-0.0151154315,0.008683761,-0.13705294,-0.17002906,-0.10179699,-0.027078534,-1.1933477e-05,0.0,-0.046506472,-0.029186117,-0.022461062,-0.048333764,-0.056831602,0.0639341,0.0063571436,-0.051355332,-0.03819811,-0.022828152,0.022804953,0.0003320408,-0.001376457,0.016679803,0.012679621,0.004041513,-0.012134838,-0.0133973835,0.0061081634,-0.017259303,-0.04400887,-4.2372103e-06
7007,-0.09418957,-0.03927004,-0.079955116,-0.010705646,-0.05789242,-0.00066600915,0.01159266,0.009070099,0.17317425,-0.01035034,-0.024523659,-0.0060972176,0.026813116,-0.024185866,0.046736687,0.045706272,-0.10203663,-0.014741693,0.035922725,0.06588638,-0.08314769,-0.010272253,0.00202293,-0.04921039,-0.089360535,-0.0053122127,-0.10668418,-0.026459962,0.0040942384,0.18739118,-0.09189165,-0.17493796,0.016625924,-1.2898648e-05,0.0,0.020910006,0.033385877,-0.023732794,-0.0105082,0.054199323,0.07125835,-0.0020951217,0.03967107,0.036116056,-0.06892158,-0.016590934,0.017065523,-0.0030826493,-0.01974416,-0.009494629,-0.0014555347,-0.0045114667,0.0044212854,0.012372026,0.0057270955,0.025203058,1.3570953e-05
21010,0.13534206,0.016000863,-0.20327571,-0.0005524376,0.008899253,0.00350763,0.0017192349,-0.0023660834,-0.091401614,-0.006932642,0.008779047,0.006098482,-0.05462425,0.021119576,0.0036070687,-0.00058140873,-0.024694765,-0.03177821,-0.014993387,-0.020673329,0.039723497,0.11956671,0.016456824,0.07248769,0.041776013,-0.024894373,-0.04150195,0.08507128,0.0055338424,-0.14195663,-0.18595286,-0.10986745,-0.0285011,-1.0573772e-05,0.0,-0.039255545,-0.018229416,-0.014679161,-0.06193992,-0.045646116,0.026247691,0.0016917659,-0.028736304,-0.037865724,-0.059836198,0.021941697,-0.0023852189,-0.001376457,0.046444073,0.011897932,0.0038521332,0.012957535,0.005184774,0.007129612,0.014978094,0.035605658,-4.2372103e-06
9185,0.12173641,0.026000982,-0.21085522,-0.00063011004,0.0062593604,0.0040765023,0.002049029,-0.004601108,-0.07736407,-0.0028432985,-0.01589059,0.0048987707,-0.041591585,0.0006578949,0.0060275192,-0.009380714,0.023927469,0.0010254395,-0.005879926,-0.033596132,-0.0014472927,0.13170758,0.012408866,0.1585265,0.022461697,-0.0010927857,0.00091773254,-0.047910675,0.0358381,-0.14451027,-0.20043656,-0.10215819,-0.028431052,-1.0573772e-05,0.0,-0.029782554,-0.022704242,-0.010486597,-0.08170358,-0.07319967,-0.0024515248,0.0020033026,-0.027238492,0.016982356,-0.057996172,0.029498002,0.004924898,-0.001376457,-0.033694442,-0.012230521,0.0055090776,-0.014971632,-0.01943675,0.009438842,0.015479684,0.042210095,2.1457317e-06
15224,-0.005462781,0.029050175,-0.20590657,-0.0012110919,0.004777262,0.0015532724,0.0023214628,0.0003957335,-0.07804376,0.00505128,0.09585556,0.0131882,0.0607338,0.08176174,-0.043881174,-0.41003594,-0.13894108,0.062221512,-0.07056796,-0.116689004,0.069182456,0.18766022,-0.00050977885,0.21930265,-0.10095628,-0.03184114,0.13497937,0.08856004,-0.021546641,-0.12757556,-0.16237834,-0.10347731,-0.034074206,-1.0573772e-05,0.0,0.04670018,0.009987177,-0.017519347,-0.043112352,-0.031938218,-0.17476836,0.0024141446,-0.0034357724,0.049274947,-0.03993182,0.039970044,0.0034399908,-0.0013653842,-0.01682579,-0.011744916,0.00046326988,0.03789396,0.0039822417,0.009009322,-0.010432744,-0.024760624,5.1900215e-06
1540,0.01631317,-0.027337853,-0.38932347,-0.006229292,0.021477701,0.006120376,0.0016183804,-0.0042756074,-0.076796785,-0.02695822,0.026997596,0.057681266,-0.068754405,0.021402603,-0.053905815,-0.17496675,0.012482121,-0.04463188,0.003971259,-0.045349117,0.048723612,-0.016150646,0.015970176,0.0025483875,0.011824235,-0.033649717,0.097690605,0.030796094,-0.013483206,0.29080498,0.4005467,0.18824479,-0.09933259,-1.0573772e-05,0.0,-0.024412546,-0.017029375,-0.03322487,-0.047425937,-0.05816026,-0.01915642,0.008931905,-0.060807027,-0.03224933,0.0073903734,0.017245136,-0.0026778649,-0.00557003,-0.020096866,-0.004699711,0.00015437773,-0.007308088,-0.040332202,0.008118507,-0.019336756,-0.034100708,5.1900215e-06
7174,-0.061623156,0.056282166,-0.09576782,0.0031176803,0.0017732788,0.0027012944,0.0040595992,0.008749111,0.10423701,0.015085717,0.018911079,0.00090865,0.06802127,-0.019807864,0.05099728,-0.0063406187,0.08461825,-0.014997327,0.028701432,0.04869863,-0.042107254,-0.01149429,0.0073048584,-0.051200405,-0.042455807,-0.016898062,-0.103865154,-0.19677663,-0.02273356,-0.15322287,-0.1952902,-0.121115185,-0.024056636,-1.0573772e-05,0.0,0.03382288,0.005418633,0.018750427,-0.0366693,0.109958366,0.0044785617,0.004696093,-0.04848242,-0.069268554,0.007915259,-0.011616379,-0.03570839,-0.0016210396,0.030968118,0.010866687,-0.0024051995,-0.008711618,0.0070895376,0.008847596,0.011661269,0.059316915,-5.053689e-07
6732,-0.018580228,-0.06960519,-0.22047497,-0.0009004115,0.0042289924,0.0059491005,-0.022980986,-0.0012104429,-0.11390629,-0.02287915,0.0023711035,-0.02655605,0.08023723,-0.026143778,-0.020187594,-0.09306385,0.05632955,0.060211916,0.041703507,-0.022867247,-0.057693947,0.0024648255,0.0110899415,0.007041922,-0.008056202,0.008039985,0.006055879,-0.05098123,0.019896988,-0.16678764,-0.20092756,-0.12182435,-0.030387498,-7.922725e-06,0.0,-0.06373295,-0.035835747,-0.012855994,-0.04388296,-0.04855938,-0.049599037,0.004655504,-0.053441882,-0.052602883,0.09127784,0.019526754,-0.010320901,-0.0013653842,0.03169908,0.012690129,-0.002906283,-0.010213805,0.007679966,0.004783103,0.028085155,0.07993843,-4.2372103e-06
13880,-0.014271014,0.009531119,-0.090569995,0.0043166527,0.014266283,0.013995073,0.007394307,0.0047063227,0.17515905,-0.0007888839,0.010119047,-0.023712626,0.005692466,-0.010342211,-0.05311313,0.0685929,0.071926765,-0.066306405,-0.002599985,-0.056992657,-0.08160462,0.007881294,-0.0045974,-0.05454512,-0.00094568095,-0.016425716,-0.051812325,-0.097319454,-0.042973023,-0.14435121,-0.17887297,-0.11689405,-0.026018877,-1.2898648e-05,0.0,0.07477771,0.040499654,-0.011735315,-0.018965788,-0.08518012,-0.07070762,0.016703743,-0.016015815,-0.01990944,0.036788836,-0.014626056,-0.012243909,-0.0013653842,-0.0056791645,-0.00806314,-0.002743172,-0.012792717,0.014092358,0.008653925,-0.01982308,-0.018903613,-5.053689e-07
3676,0.16524275,0.014750877,-0.30714133,-0.0021792667,0.015665991,0.014773482,-0.0018126217,-0.0022225608,0.03286587,0.0020652213,-0.005764661,-0.00661612,-0.03179603,0.004288017,0.06380383,0.07684712,0.036847237,-0.02703344,0.030347625,0.044263724,-0.015318942,0.0837276,0.028809005,0.030265015,0.029017167,0.07591968,0.025963524,-0.028805641,-0.0067527685,0.17956302,0.21875559,-0.052387834,-0.0728061,-1.2898648e-05,0.0,0.02074038,0.007258281,-0.0029191938,0.12705155,0.12926516,0.06297124,-0.002084072,0.046819177,-0.038853765,-0.027483659,0.0031761625,0.008232681,-0.005836264,-0.024629744,-0.017363159,0.0019891413,0.004272041,0.003167286,0.008488307,0.018551778,0.042060122,-5.053689e-07
13720,0.113324046,-0.013715416,0.7032809,0.004775422,0.031268314,0.002788509,-0.032583136,-0.00031506567,-0.025178963,0.022224214,0.0038100982,0.0059081856,-0.037574694,0.0187106,0.048602335,0.06548602,-0.016966907,-0.0047006123,-0.009505664,-0.015796438,-0.0052993703,-0.0063688233,-0.063184924,-0.012060065,0.0331155,0.061274454,0.042233232,-0.00011003078,-0.008116042,0.28382695,0.42651027,0.37466994,0.046645854,7.866365e-05,0.0,-0.014785828,-0.00956754,-0.006705765,0.14974287,0.06963668,0.011385265,0.0016602324,-0.0067202155,0.018339474,-0.037067823,0.0008228831,0.00552581,0.0043171165,-0.016587501,-0.007921055,-0.0007937832,0.006596399,0.0030380103,0.011204487,0.02251951,0.022491025,5.946376e-05
26011,-0.17567256,0.025275342,-0.14379382,-0.024525294,-0.031303283,-0.0013936311,-0.022759499,-0.003130003,-0.092052296,0.013409649,0.03230441,-0.0028457155,0.015647734,-0.01184641,-0.019376462,-0.07118278,-0.18637432,-0.07528543,0.01842867,-0.01916211,-0.05008963,-0.102584615,-0.013604419,-0.131045,-0.02160589,-0.0002627603,0.18905781,-0.11942434,-0.048494615,-0.1557668,-0.23029636,-0.10139729,-0.023239385,-1.0573772e-05,0.0,-0.05424607,-0.02645966,-0.025097705,-0.088483036,-0.0056225085,-0.0695807,0.0006305821,-0.0057543237,0.003617929,0.06983862,-0.04128534,-0.059145845,-0.0013653842,-0.012874004,0.016671043,0.00046089443,0.016854305,0.005840581,0.010570862,0.033585574,0.11236874,-5.053689e-07
28054,-0.13603723,-0.0019895888,-0.23400573,0.001849561,0.0020097084,0.0024261447,0.0021428708,0.004571517,-0.13445449,-0.03811407,0.036239885,0.01803907,-0.1571133,0.013436127,0.05281195,-0.50387037,-0.005567001,-0.015635354,-0.0015599796,0.018627752,-0.10286822,-0.034713104,0.010146015,-0.14007944,-0.031544358,0.04036129,-0.05619776,0.077557266,0.011572036,-0.1651318,-0.2392937,-0.111410715,-0.03581883,-1.0573772e-05,0.0,-0.07751596,-0.018099897,-0.046318267,0.012475261,-0.079137385,-0.15996091,0.005637404,-0.056003563,0.06767387,0.058191855,-0.054467764,0.019875962,-0.0013653842,-0.0281274,-0.0064655305,0.00018773331,0.014225527,0.0046861907,0.008538892,-0.020706618,-0.053749423,5.1900215e-06
24745,0.007509997,0.033239312,-0.23484592,0.0003635657,0.009327242,0.003793061,0.0011958096,-0.00078889634,-0.12463865,-0.022644363,0.0029587427,0.0068148198,-0.0867348,0.013648388,0.06283661,-0.020013448,-0.0637518,-0.042004902,-0.016079355,-0.038364977,-0.079439975,-0.047117315,0.016340438,-0.07528183,-0.09424347,-0.036563545,0.009085195,0.05254237,-0.025435224,-0.20366077,-0.25690648,-0.14067161,-0.026368864,-1.0573772e-05,0.0,-0.06868666,-0.02880701,-0.012050692,-0.061651926,0.024289621,-0.03257443,0.0038404304,-0.051716667,0.028040512,-0.032424618,-0.025650593,-0.014774788,-0.0016210396,0.040155243,0.010764426,0.0002970876,0.010494853,0.004731837,0.008917722,0.013762353,0.048536193,1.3570953e-05
18281,-0.03445382,0.053213265,-0.25367996,0.0080075115,0.0079237195,0.0035345617,0.0033733158,-3.14574e-05,0.011267675,0.0063555986,-0.00323374,0.008992479,-0.031034118,-0.013072368,0.076624885,0.049902085,-0.18100476,-0.034539353,-0.023109566,-0.036374237,-0.041164357,0.002644761,0.0139356535,-0.071030915,-0.09926095,-0.016635105,-0.08620513,0.10152071,-0.019972771,0.25064752,0.3536641,-0.008963877,0.0296092,-1.2898648e-05,0.0,0.033728234,-0.0031715701,-0.016985642,-0.052478187,-0.059673727,-0.031995904,-0.0008301578,-0.033336356,0.026065696,0.025132706,-0.021177268,-0.0007313711,-0.0038567113,0.032521963,0.011972238,-0.0013377734,-0.0070009115,0.011917221,0.01187735,0.008197592,0.04509131,1.3570953e-05
10177,0.027060037,0.07128195,-0.24574392,0.012752961,0.010641437,0.005937025,0.004696766,-0.0036599129,-0.0805473,-0.062550075,0.05272585,0.0071493583,0.043129757,-0.025564125,0.025852228,0.050998054,0.03848234,0.04951242,0.02594987,-0.015202065,-0.046187244,-0.033640012,0.006136355,0.020972662,0.050229043,0.029157499,0.06134386,0.10396914,0.024173088,0.24453044,0.40567583,0.14793284,-0.09185061,-1.2898648e-05,0.0,-0.013953317,-0.021268785,-0.029282428,-0.054899875,-0.05707573,0.022481633,0.0065313224,-0.04908038,0.02739328,0.015029914,0.016239129,0.007953287,-0.00375652,-0.03252513,0.003315892,0.00027182605,-0.006598905,-0.027273923,0.0058471505,0.01043313,0.051824387,2.1457317e-06
11634,-0.031229602,0.01534763,-0.0789265,0.006577991,-0.007595167,0.0017136345,0.0069715455,0.020177517,0.22521469,0.008652174,-0.0022168315,-0.013168347,-0.005422938,-0.007639768,-0.033649065,-0.14741552,-0.12654598,-0.019607477,-0.039702352,-0.025137011,-0.021502404,0.009708496,0.030559216,-0.048813045,0.017537048,-0.008685788,0.0058431043,-0.14155692,0.04884223,-0.1590504,-0.17781268,-0.12787592,-0.023938704,-1.0573772e-05,0.0,0.09865907,0.04423512,-0.021556668,0.13506064,-0.025306419,-0.019677473,0.0024078079,-0.025181549,0.05670929,0.07942621,-0.017186556,-0.005673777,-0.0013653842,-0.015695889,0.0045364005,0.00031343524,0.015538912,0.004875129,0.010207029,0.017470833,0.04313379,1.9378258e-05
5148,0.08808696,-0.014823286,-0.20121932,0.00892159,0.034555256,0.0034431503,0.008233463,-0.0025829151,0.0056490204,0.007922964,0.0034789266,0.009608296,-0.048238743,0.0078011053,0.01397892,0.08845611,-0.028477749,0.027690448,0.0057568476,0.0674636,-0.048830654,0.010004435,0.028748043,-0.019080851,-0.055449635,0.060694396,0.045995608,-0.027340412,-0.012686137,0.30591872,0.44727814,0.5204387,0.039331228,-1.1933477e-05,0.0,0.0054267966,-0.009075717,-0.012805548,0.12374486,0.08938503,0.041061807,0.0016729555,-0.05168574,-0.012826902,-0.02520409,-0.010329503,-0.0019279295,-0.0011585169,-0.015367241,-0.008669158,0.0004357439,0.0042779543,0.004832648,0.0073197107,-0.010807136,-0.025513085,-5.053689e-07
23477,-0.13038728,0.005371117,-0.22272849,-0.022060346,-0.026778396,-0.021509886,-0.028535867,-0.024420645,-0.07450745,-0.060910627,-0.028203169,0.032870587,-0.093825735,0.010110048,-0.23620579,-0.4897305,-0.19099401,-0.02310566,-0.024234777,-0.12496144,-0.06127015,-0.085852824,-0.041205563,-0.16813032,0.024951586,-0.012032467,0.0164019,-0.16435088,-0.076761805,-0.16478974,-0.20276076,-0.08552575,-0.028563075,-1.0573772e-05,0.0,-0.088936284,-0.02345951,-0.023159066,-0.047810815,-0.020942356,-0.11777357,-0.013361724,-0.05489991,-0.17877342,0.023534156,-0.042257085,-0.051583696,-0.0013653842,-0.0069870707,0.02501573,0.0009535139,-0.014478167,0.008989292,0.007286342,-0.026575508,-0.09271147,-0.00020341863
18503,-0.052901175,-0.031363923,-0.18792678,0.0018402352,0.010064218,0.002824477,0.0030749931,-0.003653231,-0.115543395,-0.044554897,0.0021248446,0.006469099,0.028108275,-0.021408033,-0.06178104,0.09638479,-0.009465037,-0.007055561,-0.0008652882,-0.18094502,-0.0963055,0.0025989478,0.016473046,0.008673406,0.039346285,0.022352736,-0.036140677,-0.029434714,0.002835912,-0.13669197,-0.20625858,-0.11858998,-0.02878457,-7.922725e-06,0.0,-0.04447984,-0.019585578,-0.01119636,0.0006583831,-0.028672673,-0.12154191,-0.0033387225,-0.057960358,-0.08267653,0.12857577,0.033959463,0.012659927,-0.0013653842,-0.0127751455,-0.016920777,0.0025516544,0.01351952,0.007884561,0.004595134,-0.019932201,-0.03409266,2.1457317e-06
16994,0.20970862,-0.02578971,-0.2005001,0.00078532565,0.013427948,0.009006399,-0.00011609937,-0.0056657707,0.0047698338,0.0071717356,0.005716922,9.043541e-05,-0.030429902,-0.0028810976,0.008220272,-0.028038142,-0.12851322,-0.057520103,-0.011112139,-0.0048610917,0.026019933,0.030102737,0.026112838,-0.06562268,-0.009958063,-0.046499997,-0.049210787,-0.03956923,-0.014028372,-0.17391604,-0.22471946,-0.11190101,-0.027943585,-1.0573772e-05,0.0,0.012019967,0.015257076,-0.019461788,0.14286321,-0.05049681,-0.05439377,-0.0009792955,-0.052554797,-0.030963942,0.024501448,-0.017198732,-0.01875126,-0.0016210396,-0.018375793,-0.015647607,0.0025218779,0.015758466,0.0075358017,0.010012014,-0.013671806,-0.043173667,1.3570953e-05
9033,-0.072766006,-0.02423606,-0.19804597,0.0018403989,0.012490505,-0.0070393663,-0.019470664,0.0016913959,-0.13365126,0.019433312,-0.040436067,-0.009347698,0.046194606,-0.029004691,0.022815064,0.11162857,0.104655854,0.06279342,0.03289828,0.059134383,-0.041547902,-0.021150498,0.007170174,-0.08064259,-0.02338852,-0.027576396,-0.029841643,-0.034007538,0.0028431264,-0.16949803,-0.17970422,-0.11681376,-0.024544228,-1.1933477e-05,0.0,0.048627418,-0.038159303,-0.050272185,-0.08059224,-0.11002241,0.05798911,-0.0016024496,0.0730721,-0.034389794,-0.038916495,-0.020453338,-0.02161044,-0.001376457,-0.011595141,-0.0068541486,-0.009406014,-0.0074852086,0.0053230654,0.010756827,-0.018081954,-0.046726987,-5.053689e-07
1217,-0.07960258,0.077514745,-0.16815475,-0.018614171,-0.024374263,-0.0063720704,-0.02195306,0.015231428,-0.07016087,-0.0003734351,-0.07942846,-0.019898217,-0.050246485,-0.012410312,0.047856405,0.062809266,0.14410488,0.08711248,-0.0075473743,-0.01429532,-0.01714332,-0.04398982,-0.16769813,-0.08576397,-0.065116584,0.012494156,-0.07646873,-0.07443409,0.0042955843,-0.13478094,-0.23720148,-0.11145784,-0.027951922,-1.2898648e-05,0.0,-0.011942938,-0.019074429,-0.102576755,0.17098334,-0.057592098,0.007373489,0.0024471877,-0.08296263,-0.09486408,-0.020514444,-0.02127567,0.006903371,-0.0013653842,0.026442781,0.0012045685,0.00040929444,-0.0051205712,-0.021719133,0.008679557,0.018894643,0.06332472,1.3570953e-05
9838,-0.09924544,-0.02629323,-0.21722664,0.0028195886,0.0051664496,0.0027240447,0.002394392,0.023536364,-0.13002448,-0.0446122,-0.020914093,-0.007905936,-0.038504917,-0.110306196,0.015243607,-0.08004252,-0.052979268,0.11868942,0.013301459,-0.040348545,-0.11569906,-0.07610391,-0.03791318,-0.12134695,0.021779956,0.012211351,-0.045666866,-0.055225313,-0.07772593,-0.15709762,-0.21931896,-0.10475354,-0.030826813,-1.0573772e-05,0.0,-0.05224879,-0.031817332,-0.025480505,-0.103170246,-0.055798307,-0.13619612,0.0055480683,0.02038997,-0.07307216,0.11108585,-0.040537518,-0.0065788315,-0.0013653842,-0.025816469,-0.0032138224,0.0005277847,0.010976497,0.009113228,0.008883862,0.024954483,0.06161417,1.3570953e-05
9651,0.023913741,-0.020499406,0.8524755,0.00469453,0.03160567,0.005662009,0.011901574,-0.0015701167,-0.05642337,-0.010421355,0.010656584,-0.012126378,-0.04872658,0.025151486,0.00919501,-0.011580622,0.041884635,-0.059173115,0.0015006487,-0.038106117,0.01772797,0.022036877,-0.079132035,-0.0013877731,0.010007908,0.037129883,0.011535864,0.0052978666,0.0068870396,0.311722,0.5255057,0.38393885,0.050419904,7.866365e-05,0.0,-0.0230751,-0.007268597,-0.023006808,0.10603403,-0.04848346,-0.029185684,0.004910744,-0.037556276,0.015808187,0.01808422,0.0016746334,-0.008944616,0.004113603,0.016827183,0.008080757,-0.004045791,0.007879983,0.007183573,0.010815688,-0.019654445,-0.047830097,0.00033800353
24489,0.16986944,0.0029438513,-0.1610655,-0.050102502,-0.08394947,-0.004866948,-0.01356737,-0.03480173,0.092460416,-0.012373739,-0.061084226,-0.0026375544,0.03261131,-0.020802623,0.048451155,0.059626438,-0.027445419,-0.07300406,-0.025222182,0.019640805,-0.040618766,-0.009559058,0.001947891,-0.034170322,-0.012874754,-0.013898455,-0.08277969,-0.050660893,-0.04584866,-0.13789926,-0.20095739,-0.1046425,-0.018998887,-1.0573772e-05,0.0,0.041112382,0.027742932,0.08656513,-0.043576706,0.07803014,0.0050638267,0.0046904963,-0.051157434,-0.015189039,-0.032881357,-0.015481497,-0.064485416,-0.0016210396,0.018867584,0.010061445,0.002359923,0.009157657,0.0107201515,0.0077624097,-0.014223202,-0.051574424,-5.053689e-07
19307,-0.08559356,-0.015401769,-0.23987879,0.00031633227,0.009972289,0.004267287,0.0027504007,-0.0033583976,-0.13960196,0.0054096193,0.0015882143,-0.00220115,-0.054942753,0.02105796,0.070462815,-0.045271285,-0.05503028,-0.024648763,-0.008989051,-0.041872676,-0.09842821,-0.03934922,0.018224617,-0.07633363,-0.064489685,0.0034366397,0.021482183,-0.021809492,-0.026375914,-0.18999773,-0.24105889,-0.14548026,-0.0263572,-1.0573772e-05,0.0,-0.04616901,-0.02855974,-0.009272305,0.13966198,0.099649504,0.021863664,0.0064436784,-0.034470286,-0.035177365,-0.060822606,-0.030220598,-0.018312708,-0.001376457,-0.027871758,-0.010231961,0.0005081531,0.010380186,0.0042211395,0.009416359,0.011081612,0.030072158,-5.053689e-07
19365,0.22522935,-0.015366643,-0.09973738,-0.039337166,-0.053243853,-0.0037015486,-0.021772023,0.011214862,-0.019161059,-0.03586271,0.015048681,-0.0032723688,0.13361646,-0.025879389,0.010899396,-0.011103531,-0.01824529,0.05848191,0.037737135,0.039511014,-0.048831563,-0.029640492,0.0148175005,-0.034621827,0.014195377,-0.041563395,-0.048857853,-0.039235502,-0.012714585,-0.12853257,-0.21830711,-0.11354356,-0.017962178,-7.922725e-06,0.0,0.015625268,-0.02251923,-0.023667246,-0.10846375,-0.105750404,0.007240769,-0.0025808963,-0.031565923,-0.0656837,0.023100648,-0.016142214,-0.04330068,-0.0013653842,-0.023565788,-0.010144583,0.0024063305,-0.0040742764,0.004257137,-0.86397463,0.025269799,0.049386106,-5.053689e-07
9448,-0.055896565,-0.06560407,-0.042734288,0.0015281573,0.000840338,0.0051705474,0.009123819,0.007851492,0.20789589,-0.024003303,-0.030009486,-0.012590259,0.051740408,-0.016367722,0.03237688,0.08201871,0.08576122,0.01898053,0.02417064,0.073174916,-0.09582138,-0.011063317,0.00628456,-0.04585537,-0.052303776,-0.0073610316,-0.081827335,-0.032652143,-0.00060823024,-0.13230245,-0.16012892,-0.106302425,-0.017839368,-1.1933477e-05,0.0,-0.030449534,0.0298988,-0.0027679235,-0.01225206,0.11563101,0.063533984,-0.001269252,0.034039393,0.036364257,-0.030360991,-0.014360347,-0.00036092068,-0.001376457,0.021169255,0.0079755215,-0.0031143073,-0.006576441,0.0049097217,0.01132722,-0.011385887,-0.02952721,1.3570953e-05
17183,-0.017316693,-0.039040282,-0.2350374,0.0024206839,0.008174098,0.0025172993,0.0032016432,-0.008319519,-0.10051383,-0.0020232091,0.020425834,0.0022421298,-0.07012598,0.0156112155,-0.06848169,-0.20040318,-0.14430326,-0.07278908,-0.01679209,-0.04604308,-0.10619256,-0.058273196,0.015767034,-0.08549714,-0.0026006375,0.02880963,-0.06192025,-0.029574392,0.010105017,-0.18518166,-0.24838223,-0.140286,-0.032050554,-1.0573772e-05,0.0,-0.08012277,-0.021989005,-0.008738796,0.13105558,-0.0628643,-0.051091004,-0.0060509536,-0.05339809,0.008191788,0.05228635,-0.038441174,-0.012005577,-0.0013653842,-0.023455435,-0.009981334,0.00025224814,-0.010759606,-0.026464412,0.008670362,0.019504685,0.050646637,-5.053689e-07
27461,-0.055163458,0.09706857,-0.1696462,-0.012397511,-0.03738518,-0.003318782,-0.046194807,-0.01390105,0.20770404,-0.010046641,-0.074715875,-0.007015409,0.061971016,-0.028356696,0.045481972,0.07944413,-0.10409954,0.0076521453,0.0033374948,0.06537468,-0.08700423,0.0040533165,-0.15565538,-0.052720107,-0.118973255,-0.0077867853,-0.051081654,-0.014306994,-0.022976408,-0.1380143,-0.17962411,-0.10014896,-0.020588994,-1.1933477e-05,0.0,-0.02725269,0.044829395,-0.024766177,-0.008099077,0.09681329,0.06343547,-0.0014214109,0.04335156,0.031362567,-0.02370832,-0.020464482,0.020862842,-0.001376457,0.021805525,0.007992107,-0.003137085,-0.0064802947,0.006255829,0.010686369,0.0062855356,0.044282638,1.3570953e-05
7417,0.006586873,0.00839103,0.9782922,0.0025526085,0.017135357,0.0033782988,-0.0012266078,-0.0016955263,-0.050729107,-0.04592349,0.028105153,0.0060994327,-0.058150817,0.02398858,-0.034240223,0.0016889913,-0.0004685443,-0.020559883,0.02503918,-0.03772815,0.0036386915,0.054710045,0.02015048,0.082437284,0.0119819725,0.011716861,0.02663465,0.020364387,-0.0064166337,0.2566096,0.47404882,0.22754543,0.045665108,-1.0573772e-05,0.0,-0.029285312,-0.008641109,0.0022043323,-0.054165177,0.015715748,-0.004055383,0.0043737823,-0.03861888,-0.026940754,0.017116247,0.0104371235,-0.008878392,0.017602222,0.031130139,0.0125420485,-0.0038914972,0.010862575,0.0038677107,0.009173013,-0.01727217,-0.03818072,2.2955937e-05
17396,-0.004424105,-0.039816435,0.7943209,0.004123175,0.026747657,0.0034674502,0.009275444,-0.00031730736,-0.034982484,0.0066848407,0.016586801,0.07849604,-0.049960926,0.02611462,-0.006895813,0.059329603,-0.057800356,-0.04140289,0.052706026,-0.035300907,-0.0019614592,0.04537834,-0.049639888,-0.004640308,0.017280351,0.037924957,0.12653802,0.04781245,-0.010443106,0.31131423,0.5282206,0.38839585,0.050714627,-1.2898648e-05,0.0,-0.036110364,-0.006030315,-0.00416864,0.10343405,-0.031672888,-0.018807082,0.0036472124,-0.052353777,0.004898237,0.0521757,0.0027030604,-0.011732635,0.004113603,-0.018086437,-0.005369483,-0.0027183255,0.001801001,0.0072337957,0.010461762,0.025229782,0.014224526,0.00033800353
21718,-0.04756367,-0.047376264,-0.10948597,0.0015862082,0.012660023,0.011708759,0.0047967746,-0.014946817,0.1980637,0.019346945,0.0011353828,-0.015694652,0.04912949,-0.01553163,0.040467687,-0.002455762,-0.030493487,0.0048326566,0.041018244,0.067977935,-0.05364111,0.008195197,-0.008259388,-0.03673554,-0.08139885,-0.007860592,-0.07609587,-0.03519699,0.03407365,0.18140805,-0.09937325,-0.19029501,0.020130688,-7.922725e-06,0.0,0.010229892,0.053044446,0.0019140051,-0.025102356,-0.04585691,-0.0096394,0.0040798406,-0.028410746,-0.10308269,0.02859844,-0.030094048,-0.030748917,-0.0033272319,-0.019129181,-0.011373522,-0.002156053,-0.0069656274,0.010149741,0.012406028,-0.008682883,-0.026603578,-5.053689e-07
27816,-0.07983888,-0.036808323,-0.2489908,0.00035099598,0.009990253,0.0038105175,0.0027315293,0.0041682194,-0.13686627,-0.013985209,0.013579963,0.005800293,-0.065231666,0.015474892,-0.07518057,-0.11288185,-0.049963973,-0.06306641,-0.023778249,-0.05252934,-0.10044447,-0.062105447,0.019656084,-0.10556363,-0.028961452,0.056359015,-0.022287283,-0.04070597,-0.025822796,-0.19030128,-0.25995752,-0.1385582,-0.030888248,-1.0573772e-05,0.0,-0.08257299,-0.019747173,-0.033655092,0.12731239,-0.09723909,-0.0010456722,0.00011455605,-0.04145141,-0.01568372,0.029067395,-0.042921253,0.0057299156,-0.0016210396,-0.013167179,-0.0077757994,-0.0021716,-0.012676695,0.0053805895,0.008464357,-0.020131243,-0.045740165,-5.053689e-07
21485,0.09387564,0.023571245,-0.122830205,0.0009814521,0.0067723608,0.0042516417,0.003705468,-0.0049566925,-0.056468934,-0.011171896,0.013868239,0.036025357,-0.051218055,0.02393124,0.0474245,-0.061955348,-0.023296181,-0.029671473,-0.009585192,-0.05840121,0.037225366,0.13701941,0.053258903,0.15467274,-0.01262155,0.038240563,0.018180294,0.09158359,0.016548961,-0.14598942,-0.20563486,-0.112591065,-0.029684708,-1.0573772e-05,0.0,-0.031780977,-0.0106253335,-0.009103102,0.087702975,-0.065673776,-0.018388923,-0.0043060244,-0.03754561,0.014444141,0.030380134,0.03841341,0.0025796557,-0.0016210396,-0.020212179,-0.0075348467,0.002213744,0.016811049,0.009835378,0.0071997163,-0.027245034,-0.044060163,1.9266343e-05
14937,-0.021992372,0.004650631,-0.21575654,4.320998e-05,0.008986111,0.0035095369,0.0012318288,-0.0042371484,-0.101924405,-0.016158761,0.027624605,0.01423429,-0.088789634,0.021392243,-0.035681695,-0.017643247,0.00026548636,-0.03364442,-0.011524327,-0.046718985,0.016950658,0.18219852,-0.010632691,0.15939365,0.017717812,-0.034122217,-0.06177777,0.068498,-0.02649945,-0.1531718,-0.20433633,-0.12574185,-0.027217543,-1.0573772e-05,0.0,-0.053571396,-0.018195992,-0.02019415,-0.048893914,-0.04413556,-0.03012057,0.008728037,-0.08107158,-0.03593107,-0.1066431,0.039837413,-0.010693832,-0.0016210396,-0.035975803,-0.01194288,0.0018954241,0.013899676,0.005718798,0.007785516,0.01826581,0.023229387,5.1900215e-06
4902,0.18385021,0.036489785,-0.3217165,-0.0020931496,0.021452194,0.0034899549,-0.0018688526,-0.0026610754,-0.014974742,0.011910888,-0.005597869,-0.005376082,-0.033637557,-0.0033885357,0.05574974,0.061828133,-0.05140056,0.0057322476,-0.0060489005,0.06526664,-0.00028515025,0.0041247355,0.014101102,-0.013259279,0.030396728,0.096155964,-0.0031452517,-0.014008576,-0.016352005,0.19956467,0.31157678,-0.05604725,-0.07387312,-1.2898648e-05,0.0,0.03439121,-0.00836962,-0.007132673,0.00160327,0.12409614,0.024677362,0.0047501978,-0.010282861,-0.041499466,0.010212674,-0.00066498655,-0.004283165,-0.005836264,-0.027456528,-0.011319563,0.0005647754,-0.0034292093,-0.025540913,0.007801488,0.013934756,0.033363596,-5.053689e-07
26518,0.0030698066,0.07501948,-0.08984864,0.002559032,0.0055247024,-0.013248555,-0.034734085,0.017919898,0.17985988,0.0029961236,-0.046990003,-0.023030749,0.08400576,0.0063788067,0.050723337,0.059784077,0.108954854,0.05877513,-0.012611901,0.05294479,-0.022965789,0.0132962,-0.002335941,-0.03679829,0.00796885,0.024703918,-0.063298956,-0.03167275,0.0014411069,-0.13551463,-0.18693978,-0.10680875,-0.025939422,-1.1933477e-05,0.0,0.053279474,0.035206538,-0.0062646843,0.14665647,-0.09822381,-0.0052152853,-0.0012063319,-0.04832781,0.025969006,0.024720497,-0.011990197,-0.012880129,-0.0013653842,-0.023063455,-0.01212923,-0.0017651283,-0.0046001477,0.008247075,0.010329599,0.024521198,0.033214416,1.3570953e-05
11492,-0.08322273,0.008347317,-0.2503949,-3.6602192e-05,0.008709649,0.0034601078,0.0010644835,-0.002365796,-0.15643293,-0.039381504,0.009138031,0.013475191,-0.1133171,0.018625746,-0.02560114,-0.025260294,-0.010963864,-0.0116244685,-0.000886217,-0.025656786,-0.107558794,-0.06658865,0.015789084,-0.09547612,-0.014943593,-0.027469764,-0.04636269,0.078618705,-0.014097769,-0.1855699,-0.24345364,-0.14192647,-0.028423712,-1.0573772e-05,0.0,-0.08198374,-0.026800347,-0.038657222,-0.11088372,-0.049545813,-0.037953705,-0.00032861135,-0.07163886,-0.05551024,-0.04810847,-0.036579203,-0.025045708,-0.0016210396,0.045889094,0.014551037,0.00040654145,0.010626613,0.009416316,0.00752304,0.014665516,0.054799266,5.1900215e-06
825,0.21608941,-0.031944074,-0.19909999,0.0030793697,0.009357803,0.0042166817,0.0022063956,0.00091212906,-0.030457502,0.009050216,0.011861929,0.0041554887,-0.03560508,-0.0056392862,0.027600473,0.113766685,-0.052689306,-0.0070863096,-0.009576801,-0.04239204,-0.048849735,-0.023599481,0.022995748,-0.03788728,-0.0897208,-0.004270912,-0.011672216,-0.032395516,-0.022135215,-0.15560539,-0.22972593,-0.12737314,-0.02543022,-1.0573772e-05,0.0,0.0029717823,-0.02015931,-0.00029748684,-0.061249834,0.10946657,0.005412699,-0.0013303328,-0.05259715,0.013965832,-0.017465197,-0.018747889,0.004356591,-0.001376457,0.021290433,0.013233948,-0.012738081,-0.012033438,0.0043347343,0.008308948,-0.008268937,-0.026279138,1.3570953e-05
21415,-0.08369665,-0.029540686,-0.07146003,0.00101102,-0.011093125,0.0014880295,0.0025036228,0.021965647,-0.06904655,0.01739607,-0.026260164,0.005904532,0.009046716,0.00549895,0.04637965,0.09056977,-0.035968833,-0.030346395,-0.014928795,-0.02697986,-0.039561357,-0.017792726,-0.016098069,-0.065094426,-0.09232761,0.0025758597,-0.07441308,-0.048679695,0.010827638,-0.16276933,-0.20895267,-0.13223459,-0.021653865,-1.2898648e-05,0.0,0.07402401,-0.027570046,-0.0017559624,-0.03993684,-0.08454268,-0.037665404,-0.001284007,-0.042970695,0.094533734,0.073009886,-0.024119828,-0.00057925837,-0.0013653842,-0.012900654,-0.007881694,-0.0021867454,-0.009530347,0.0041752327,0.01142481,-0.011817966,-0.025864603,1.3570953e-05
23385,0.08711102,0.026396606,-0.18678685,0.00877283,0.021493888,0.0057513774,0.009505972,-0.003084207,-0.08031834,0.009124534,-0.010973918,-0.0060120616,-0.058757454,0.051458765,-0.01334133,0.008947031,0.08026311,-0.013686288,0.03916058,-0.03232582,0.020367317,0.0007712061,0.016633049,-0.012754205,0.013587066,0.066008896,0.031822212,-0.032443006,-0.0064858277,0.34816095,0.4554759,0.52145165,0.047500167,-1.0573772e-05,0.0,-0.02777181,-0.0148294,-0.014019902,0.11150173,0.091459535,0.016668461,0.009157199,-0.021030746,-0.02582535,-0.0011774207,-0.0006049066,0.0031143446,-0.0014632588,-0.02821811,-0.0092788655,0.0005002587,0.006366892,0.004837097,0.00700252,0.01461785,0.037950616,-5.053689e-07
21105,-0.10120694,0.039527368,-0.08530215,-0.020098604,-0.013268753,-0.00031991882,0.0046884706,0.007948967,0.19446498,0.00089905236,-0.035555553,0.0099813575,0.04586694,0.0051736496,0.067574136,-0.06918074,-0.044972513,0.037525497,-0.118430585,0.04289802,-0.018725464,-0.0031855698,-0.0009791248,-0.05058896,-0.009460205,-0.007288489,-0.11094351,-0.033280104,0.004540137,0.19882426,-0.12019001,-0.18446343,0.015115453,-7.922725e-06,0.0,0.03741255,0.058807235,-0.03894275,0.17002383,-0.08883846,-0.024623472,0.0012104943,-0.041625466,0.018735716,0.05856473,-0.019780664,0.031926148,-0.0017156233,0.016272262,0.017045712,0.00023764746,0.007828145,0.005779588,0.012219795,-0.015948907,-0.051283594,1.3570953e-05
20767,-0.014075692,0.03365705,-0.19629015,-0.00061619736,0.015798295,-0.0069697755,-0.018720753,0.00071896287,-0.09054838,-0.073116966,-0.061539356,-0.0018118415,0.073844284,-0.04269839,-0.023220163,0.083911784,-0.024918271,0.08554088,0.031363487,0.0721203,-0.047502816,0.08658862,0.0113430135,0.1679579,0.20473613,0.030132718,0.00487344,-0.01880098,0.0069022607,-0.1232235,-0.18975385,-0.12024885,-0.0272967,-1.1933477e-05,0.0,-0.027270341,-0.02300283,-0.040551703,-0.032153536,-0.07831792,0.010958695,-0.0047090147,-0.044014566,-0.031121142,0.030367935,0.025418974,-0.017149875,-0.0013653842,0.018743867,0.020857904,-0.010471971,-0.012164233,0.002214859,0.0037103863,-0.018074676,-0.042761873,-4.2372103e-06
4528,0.05820126,-0.029934637,-0.21803012,0.007549373,0.024174435,0.0061754887,0.0013931314,-0.0017681284,-0.071233556,-0.016652692,0.012514999,0.009915202,-0.03940908,0.034871895,0.028550873,0.010020521,0.07099927,-0.017121734,-0.02629412,0.057331406,0.04762588,0.020147894,0.013772702,0.014576645,0.002580021,-0.025092194,0.10255665,0.073301055,0.014800395,0.28398183,0.39716285,0.43687707,0.041072134,-1.0573772e-05,0.0,-0.02182078,-0.012864843,-0.0073381686,-0.0652318,0.09817435,0.02213747,-0.0011100324,-0.07448358,0.0100409025,0.016497368,0.008130845,-0.017942877,0.0052601276,-0.011079106,-0.0014533054,0.00050026056,0.0046071466,0.0049507567,0.008019226,-0.013416251,-0.021125939,1.3570953e-05
24413,0.14147009,0.022134488,-0.20080876,0.0017259975,0.01451734,0.0043740436,0.0017227336,-0.0026183755,-0.041905273,0.0062723854,-0.014238708,-0.022220386,-0.038545974,0.023284813,0.045987304,0.061286155,-0.024402462,0.011512946,0.048419807,-0.031762633,0.029354997,0.034096166,-0.005728207,0.009222358,0.049586948,0.039361157,0.053187393,0.100390755,-0.00031827018,0.23857556,0.37053528,0.28548056,0.041976646,-1.0573772e-05,0.0,-0.017570993,-0.014857293,-0.033430018,0.11776106,0.095178895,0.032989837,0.0015656777,-0.008978304,0.021045068,0.0041033854,0.0075501143,-0.0060865814,0.0071029044,0.041568797,0.013173487,0.0005433387,0.0071445396,0.004166849,0.009154667,0.021321312,0.044311624,1.3570953e-05
24076,-0.011892679,-0.012880214,0.7442787,0.006669924,0.02066363,0.0030843525,0.0017964473,-0.0031094027,-0.028468788,-0.030308254,0.044100422,0.02088686,-0.058125827,0.043358516,0.034631852,0.05733012,-0.029486217,-0.012315883,-0.021117833,0.06709949,0.008226083,0.0452725,0.026241768,0.11356559,0.027779382,0.0012652839,0.06515529,0.09940426,0.012278698,0.270322,0.48293212,0.36104566,0.023337916,9.595956e-05,0.0,0.038335957,-0.006632955,0.022763029,-0.05614222,0.028371057,-0.002575497,-0.0005920634,-0.017191725,-0.0009470221,0.062944,0.018053763,0.002931663,0.004113603,0.031988412,0.019213002,-0.0012541187,-0.0050975317,-3.9808845e-05,0.011861846,0.018145243,0.028866755,9.109431e-05
21325,-0.015399226,0.05041169,-0.16393392,-0.002247479,-0.008482423,0.0007830692,0.004997129,-0.0064965254,0.16519903,-0.0071084504,0.021378148,0.011905833,0.0029034219,-0.0032453632,-0.10305316,-0.008605154,-0.04065673,-0.039954685,0.042227603,-0.044511426,-0.05968689,-0.030522104,0.025747571,-0.03743284,-0.0035804848,-0.014337645,-0.1193459,-0.16788305,0.10938736,0.20055227,0.27747175,-0.0661997,-0.05862437,-1.0573772e-05,0.0,0.055472743,0.027079064,-0.01703972,-0.020454757,-0.04997546,-0.021512799,0.02117248,-0.0033329763,0.13322459,0.06879885,-0.020698542,-0.016150998,-0.005922408,-0.005281216,0.007131486,-0.0018714229,-0.013903194,0.011344568,0.008767613,-0.019966086,-0.066364326,-5.053689e-07
8047,0.07647454,0.024834946,0.6870811,0.0065074298,0.02848414,0.0020558555,0.012005342,-0.00078566215,-0.022566129,0.023913065,-0.0122604715,-0.02556859,-0.043759324,0.012595718,0.030553602,0.036514614,-0.05042218,-0.0315506,0.046290085,0.04926082,-0.012198163,0.01388032,-0.037712924,0.012230001,0.022263337,0.05392461,0.06712721,0.076072395,-0.0018960121,0.26897612,0.4541447,0.3526106,0.046917927,9.595956e-05,0.0,-0.019617079,-0.009198494,-0.017120691,0.016871518,0.046339095,0.025719844,0.0015656777,-0.013387041,0.018288007,0.009831411,0.0022569327,-0.006123092,0.0052601276,0.022184813,0.003743572,-0.0035025342,0.0045550144,0.005035536,0.010829834,-0.022629105,-0.039922282,0.00033230815
29317,-0.017453156,-0.12787917,-0.05967314,-0.012120565,-0.059810307,-0.013039211,-0.012905528,-0.00455498,0.16377825,-0.023757592,-0.02826186,-0.014382942,0.033185717,-0.024996389,0.047051355,0.06507018,0.13980666,0.06149304,0.045913093,0.06874083,-0.10019961,-0.014250277,0.008009445,-0.052311942,-0.01766371,-0.0053278613,0.057396527,-0.033387966,-0.011884671,0.19784875,-0.07316233,-0.13877974,0.017737325,-1.1933477e-05,0.0,0.003546901,0.03419111,0.05967327,-0.021423053,0.2259122,0.09195103,-0.0029325457,0.05110837,0.042762674,0.008389136,-0.010990564,0.018160006,-0.0030826493,0.019713035,0.009916391,0.0003913621,-0.004332686,-0.025787733,0.01237841,-0.00817468,-0.027332298,1.3570953e-05
20436,0.1584297,-0.03824541,-0.04318975,0.0038948948,-0.006673098,-0.0002949084,0.000490097,0.014530148,0.13266625,0.033308998,-0.0063677803,-0.02954567,0.04649524,-0.016553761,0.0662631,0.1048665,-0.059353884,-0.02278388,-0.0059552332,-0.057867825,-0.07123781,0.018950153,0.014671806,-0.02811739,-0.06631058,-0.0077054785,-0.06832404,-0.03695067,0.012340751,-0.13595484,-0.18409038,-0.1097902,-0.020841425,-1.0573772e-05,0.0,0.06943093,0.029814621,0.039461534,-0.032512326,0.11136622,-0.004454081,-0.0013870827,-0.035302885,0.02123428,-0.013504069,-0.01684172,-0.021155618,-0.001376457,0.017874805,0.010491973,0.00090710656,0.00960352,0.0044047725,0.009061217,-0.018610483,-0.03382197,1.3570953e-05
3072,-0.021600131,-0.027199997,-0.41203862,-0.006043462,0.0096072415,0.0051167584,0.0019326134,-0.004289896,-0.09774931,-0.042782716,0.02147475,0.008835611,-0.08528976,0.018393876,-0.085897915,-0.16557023,0.075788,-0.033039905,0.0067531345,0.06276567,0.020648865,-0.014194174,0.021412572,-0.010825828,-0.014684786,-0.016607057,-0.009513113,-0.042461257,-0.02617545,0.23984563,0.37018305,-0.035555523,-0.09146176,-1.0573772e-05,0.0,0.016327605,-0.02663403,-0.03557478,-0.10089324,-0.06078463,-0.012066079,0.01438885,-0.034270708,0.05141857,0.041507915,0.0026737945,-0.0052889436,-0.005922408,-0.018648276,-0.009316985,-0.0016817385,-0.006554858,0.008415798,0.0070101125,-0.01911456,-0.037295133,5.1900215e-06
6472,-0.1732295,-0.017272262,-0.1791652,0.004376759,-0.012268254,0.00021652805,0.0017492519,0.004831231,-0.20714147,-0.04968239,-0.044109352,-0.008405039,0.0868936,0.06945509,-0.25619215,-0.32835007,0.019092394,0.013199155,-0.022701569,-0.012190271,-0.07897683,-0.15667896,-0.04015683,-0.14463818,-0.05914336,-0.018273314,0.2153744,-0.05539913,0.00946546,-0.15498379,-0.19651811,-0.093537815,-0.02894602,-1.0573772e-05,0.0,-0.09096964,-0.02973452,-0.055158388,-0.15463087,-0.092167355,-0.14742652,-0.01971481,-0.08675232,0.15851481,0.03971906,-0.049259696,0.031904645,-0.0013653842,0.0011737678,0.004799485,0.0005176228,0.022311654,0.010770749,0.007296805,-0.009206747,-0.06864669,-0.0020998314
16840,-0.057993814,-0.0014468058,-0.119490966,-0.0022104792,-0.021001078,0.014005392,-0.0002698413,-0.011471527,0.15585391,0.019332925,0.004558106,-0.0037691721,0.034182347,-0.012682097,0.039889082,0.014828327,0.1373917,-0.03626898,0.05290325,-0.03220376,-0.03837934,0.03202672,-0.0048597595,-0.055026386,-0.0241488,-0.0059923716,-0.079854555,-0.040957633,0.080975436,0.20336542,0.28146815,-0.007312087,0.017203707,-1.0573772e-05,0.0,-0.0017575785,0.033780582,0.0034336662,-0.04204911,0.09927286,-0.024744488,-0.001954505,-0.055153243,-0.0026913446,0.016751274,-0.011481987,-0.005762224,-0.0075340164,0.040557407,0.018953588,-0.0014734268,-0.006481966,0.0045851152,0.008575282,0.007602731,0.05838019,-5.053689e-07
27496,-0.061231438,0.012380703,-0.105893224,0.0007726772,-0.002647196,0.0017984272,0.028561968,0.043702185,0.19922502,0.03152778,-0.09033572,-0.01264999,0.019621845,-0.0022420099,0.01967305,-0.009446873,-0.07555337,0.032242328,0.014268407,0.04852069,-0.04740675,-0.028505765,-0.032336794,-0.029750083,-0.041506875,-0.01080987,-0.0014652368,-0.026665997,-0.00034860522,-0.15112735,-0.17547403,-0.113752,-0.033401214,-7.922725e-06,0.0,-0.030475216,0.05216568,0.00010947036,-0.011178705,0.10688721,0.056334727,-0.0022498136,-0.034147173,-0.09698067,0.010981158,-0.017429171,0.0013631475,-0.0016210396,0.02763128,0.017166175,0.00014399746,0.0063863774,0.01013654,0.008546458,0.0060487865,0.08485833,-5.053689e-07
28352,0.124278225,0.014854959,-0.2763251,-0.0103508625,0.018830841,0.004644225,0.009262559,-0.0027195225,-0.0579473,0.025793012,-0.013340293,-0.0011042376,-0.05599534,0.014742117,-0.015265572,0.046750188,0.070131496,-0.026578972,0.040059175,-0.020529129,0.018479887,0.043491796,-0.026056016,0.024458257,0.041853506,0.03923207,0.009117812,-0.043663833,-0.021389397,0.29100037,0.3506425,0.4151907,-0.105572075,-1.0573772e-05,0.0,-0.021522328,-0.016827017,-0.016984692,-0.036464043,0.12282344,0.014397603,0.0065027764,-0.021177186,-0.071427464,0.0016081001,0.0048971027,-0.00892784,-0.0018340456,-0.027307156,-0.008522391,0.0005647754,-0.006604152,-0.01991487,0.00601047,0.0148811545,0.035272676,-5.053689e-07
15103,0.089830086,0.017954458,-0.24451146,0.007571516,0.01200013,0.004228383,0.0020756596,-0.0027977661,-0.06422337,0.008703671,-0.0122687,-0.0016583053,-0.047396075,0.026644401,0.0616503,0.0810943,-0.031278517,-0.014048444,-0.0031696442,-0.0263299,0.01125184,-0.0031378062,0.022625754,-0.00089150236,-0.019165594,0.080356136,0.0638767,-0.023398427,-0.022025162,0.24441275,0.3834101,0.010275243,0.043714218,-1.0573772e-05,0.0,-0.024786886,-0.013883533,-0.018193483,0.17880532,0.09411638,0.017657507,0.0026585853,-0.0024335103,0.03932902,-0.027617652,-0.0010550057,-0.015819488,-0.0037705677,0.029755997,0.009834089,-0.010176294,-0.009005028,0.0045647747,0.008910247,-0.013587534,-0.03799158,-5.053689e-07
26968,-0.1638842,-0.0047393194,-0.2471766,0.0001756737,0.008438306,0.00295929,0.0013111596,-0.0006111013,-0.15460823,-0.0069268835,-0.024819309,0.0010672361,-0.04760213,0.009171995,0.022319954,-0.026261363,-0.03986142,-0.009999092,0.046841636,0.048030656,-0.08112471,-0.085297406,0.019196862,-0.09775579,-0.022588858,-0.04308394,-0.025520165,-0.054390952,-0.043553725,-0.18478437,-0.24634081,-0.12324454,-0.027731434,-1.0573772e-05,0.0,-0.07900437,-0.03132101,-0.021479331,-0.04513204,-0.05821608,-0.016532164,0.0065524345,-0.063904144,-0.0597331,-0.039199743,-0.044384167,-0.033381436,-0.0016210396,0.024798622,0.00911495,-0.0025534877,-0.010706438,0.00492838,0.010707164,-0.013123841,-0.06193056,-5.053689e-07
24817,-0.06980696,0.0109569905,-0.20751368,0.0020945228,0.009808057,0.0032212413,0.0027422593,-6.823108e-05,-0.08915964,-0.028668255,0.1007833,-0.06914311,-0.032507014,0.017316533,-0.087651044,-0.07977706,-0.12440513,-0.046870567,-0.023562893,-0.03553507,0.070347056,0.18587767,0.004999971,0.26670846,0.06464269,0.0007364082,-0.0037704771,0.10014738,0.012454675,-0.13373736,-0.18567617,-0.13280106,-0.02985403,-1.0573772e-05,0.0,0.07096295,-0.011745964,0.00095154735,-0.031922717,-0.018307382,-0.057406537,0.011061581,-0.0085302945,-0.03183068,0.023704397,0.047202732,-0.020052498,-0.0013653842,0.055761803,0.033314463,0.00040654145,0.024410369,0.004029781,0.00848999,0.014387971,0.04474956,1.4581801e-06
11621,-0.026467502,-0.03497186,-0.23022677,0.0005334382,0.0072279493,0.0036825235,0.0031757432,-0.0052368203,-0.084277056,-0.024340658,0.054690856,0.011229876,-0.043994,0.004052663,-0.098257594,-0.022386193,-0.05875832,-0.04473881,-0.0398169,-0.07626818,0.029295174,0.15684533,-0.011722278,0.2271518,0.046583377,-0.01931104,-0.054593395,-0.032719452,-0.030347608,-0.14691684,-0.20601417,-0.13080062,-0.028436702,-1.0573772e-05,0.0,-0.020387536,-0.013399656,-0.0138821835,-0.029641014,-0.062917344,0.059753288,-0.000274812,-0.058879573,-0.051598337,-0.031021342,0.036926735,-0.032649547,-0.0016210396,-0.026954973,-0.009998461,0.0019989705,0.01699896,0.0038643533,0.010526527,-0.0050881235,-0.019202061,5.1900215e-06
3605,-0.075830966,-0.00603135,-0.12849452,0.00046916713,0.0035240217,0.0037857753,0.0048284633,-0.0026987079,-0.15023582,-0.034485426,-0.0009293267,0.028614394,-0.08832592,0.016019698,0.051089026,-0.025071172,-0.049169302,0.008039361,-0.0019859236,-0.03481941,-0.11378571,-0.040292118,0.018489094,-0.088214174,-0.13470423,-0.03682887,-0.025565239,0.059851225,0.00072533963,-0.20299219,-0.26172104,-0.14366357,-0.026358448,-1.0573772e-05,0.0,-0.086106405,-0.024756288,-0.018282838,-0.051779065,0.070068516,-0.034573376,0.0037187682,-0.04160905,0.03403852,-0.06492352,-0.030332545,-0.018736066,-0.001376457,-0.027795855,-0.012707038,0.00066244643,0.010678746,0.0047231745,0.00924526,0.012298742,0.03329313,1.3570953e-05
5745,-0.20776254,0.022741565,-0.10760525,0.005231008,-0.010754656,0.007122926,0.0038262275,0.007764212,-0.0575634,0.0038664753,0.035667628,0.012788565,0.016705064,0.0016192219,-0.08944628,-0.11025363,-0.050762028,-0.08678889,0.014296645,-0.043370858,-0.070437916,-0.06593109,-0.008229547,-0.10441959,-0.06358748,0.00070488703,0.14296566,-0.11189453,-0.0079614865,-0.16702482,-0.19877204,-0.116053276,-0.024092153,-1.0573772e-05,0.0,0.100008056,-0.02193802,-0.023698816,-0.03463191,-0.07173274,-0.006035869,0.016268402,-0.041756704,-0.002660973,0.028367732,-0.023208749,0.014325747,-0.0013653842,-0.0032503703,0.015432575,-0.0024051995,-0.012104514,0.005209803,0.009590043,0.02271567,0.059431434,5.3019357e-06
16133,0.11549071,0.02374821,0.87959194,0.003822597,0.02089261,0.004658554,-0.0009766893,-0.0016153102,-0.03054841,0.03059124,-0.009872893,0.0031113033,-0.058069795,0.02145045,0.052973855,0.008582832,-0.02760304,-0.026764626,-0.013969336,-0.02086011,-0.013666585,0.033210084,-0.020504411,0.011875233,0.024969943,0.046097346,0.04776207,-0.0019633356,-0.0104720425,0.25037894,0.47310328,0.032067474,0.042778928,-1.0573772e-05,0.0,-0.013018144,-0.008877173,-0.013457031,0.030176692,0.035311334,0.0017193707,0.0016160472,-0.018257722,-0.013618574,-0.047174186,0.002406836,0.0048343013,0.021277525,-0.022045474,-0.0063864826,-0.0007292668,-0.0069850786,-0.011913704,0.008832515,0.020635627,0.029147731,5.946376e-05
7666,-0.012472815,-0.007140615,-0.09886542,-0.029066164,-0.0072662174,0.0015451342,0.0055054002,-0.040654313,-0.059910208,-0.0082889,-0.09032991,0.01648044,-0.06052539,0.03002339,0.029025964,0.11538382,-0.09205224,-0.018159946,-0.0042002834,-0.04150334,0.017030245,0.032076355,0.018809978,-0.04036843,0.0076711494,-0.010929885,-0.035697635,-0.05100529,0.035664238,-0.16050096,-0.23231947,-0.13256492,-0.02504066,-1.2898648e-05,0.0,-0.0402571,-0.007834053,-0.0201153,0.16859001,-0.07570644,-0.05063343,0.0017322092,-0.035473328,-0.03874425,0.044079408,0.0050483076,0.02730478,-0.0013653842,-0.012943246,0.000588261,-0.012412491,0.013387759,0.0070231496,0.00890001,-0.02848955,-0.042249925,5.1900215e-06
4385,0.033313643,-0.053150926,-0.2917817,0.0051228586,0.011292986,0.0030892368,0.005173398,-0.019746624,-0.0386585,-0.037129607,0.01610975,0.016530091,-0.024727255,-0.026383437,-0.12351362,-0.09747648,-0.1239076,-0.022898274,0.043889876,-0.0847023,-0.09263507,-0.037247267,0.01985163,-0.055551752,-0.004636363,0.006661102,-0.09511306,-0.04324766,0.055877943,0.22543517,0.38089305,-0.017256288,-0.06402552,-1.0573772e-05,0.0,-0.040340256,-0.008542985,-0.0072501707,-0.005404544,-0.086610265,-0.14189379,0.008553508,-0.0064297975,0.096997574,0.06997977,-0.03749772,0.016258316,-0.005922408,-0.009682484,0.0049309935,-0.0018480842,-0.0092655,0.008763261,0.008884371,-0.017593479,-0.05154714,-5.053689e-07
20693,0.15529929,-0.019676793,-0.21994956,0.0032125437,0.011812905,0.0037921371,0.0012904415,-0.0019722201,-0.04479775,0.012144852,0.006784728,0.00035428104,-0.039564393,-0.0034516088,0.034213886,0.06752324,-0.063465804,-0.025587758,0.03231725,0.05451744,-0.06597186,-0.027247814,0.016242046,-0.040092215,-0.0540323,-0.026344618,0.024356483,-0.037618764,-0.0112096965,-0.16189809,-0.20626633,-0.11599915,-0.024545662,-1.0573772e-05,0.0,1.3885046e-05,-0.020186817,0.0025379057,-0.041852985,0.13295706,0.054907124,-0.001292156,-0.029144697,-0.029944932,-0.028157923,-0.017666182,-0.02422322,-0.001376457,0.028011251,0.012800511,0.0037876184,0.0076525863,0.0052271727,0.009509365,-0.013441232,-0.033580456,-5.053689e-07
19648,-0.033742014,-0.052233323,-0.05800283,0.006046257,-0.026944436,-0.0009131206,0.0058717695,-0.009900546,0.19199197,-0.008943101,0.005953881,-0.0128753465,-0.029528014,-0.015628755,-0.10482292,-0.021159673,-0.13156486,0.08290002,0.035297412,-0.016973084,0.003734024,0.032051574,-0.007151756,-0.06698787,-0.014996819,0.035414387,-0.10969189,-0.029043498,0.050289556,0.1878894,-0.1037208,-0.1894999,0.014325611,-7.922725e-06,0.0,-0.047624625,0.038575336,-0.005011666,0.17547026,-0.04887854,-0.028101731,-0.003553614,-0.042270113,0.027604144,0.068464614,-0.031961847,-0.03449164,-0.0017156233,-0.038366303,-0.0061525963,-0.012664225,0.011220136,0.009759223,0.010106808,0.02174751,0.026554607,-5.053689e-07
29550,-0.28057393,0.0004787866,-0.2916962,-0.010247368,-0.020423982,0.0014069737,-0.0003951814,-0.0041494234,-0.14418316,-0.02864876,-0.0046240212,0.0025047986,-0.053338975,-0.013015156,0.046734184,-0.37564567,-0.14814703,0.084641114,-0.033703417,0.036265787,-0.08333792,-0.041435696,-0.0071878023,-0.08809478,-0.0007044021,-0.030587273,-0.04178519,0.031314008,-0.010935166,0.21770357,0.34646592,-0.025412139,-0.08391304,-1.0573772e-05,0.0,-0.054714214,-0.022161013,-0.035594616,-0.08802167,-0.025196578,-0.14860427,0.0075482205,-0.04283877,-0.040153228,0.047844704,-0.04934446,0.048477165,-0.0038567113,0.009751186,-0.002852635,-0.0021948146,-0.0075737736,0.0055993856,0.010930591,-0.022753032,-0.073372945,-5.053689e-07
28279,-0.09029005,0.027514724,-0.22659013,0.0030809212,0.009075708,0.0019839997,0.0021760745,-0.0024828278,-0.11820596,-0.01639147,0.044916764,-0.04186451,-0.07707392,0.016004354,-0.10360857,-0.5221956,-0.1415839,0.0009254214,-0.07671045,-0.08255381,0.08730228,0.15774177,0.007267945,0.3108615,0.02752363,0.056148157,-0.034693368,-0.077956825,-0.047735672,-0.13070776,-0.18798469,-0.10936168,-0.03154928,-1.0573772e-05,0.0,-0.009795701,0.013168417,-0.017597942,0.001955851,-0.07871435,-0.17696533,0.0009286151,0.017408654,0.15344971,0.051086456,0.03732217,-0.04042863,-0.0013653842,-0.032241143,-0.019002018,0.0042693475,-0.045993425,-0.04291934,0.0065322965,0.03107249,0.032746788,1.4581801e-06
10046,0.14673315,0.012252391,-0.2090211,-0.0006182045,0.009208477,0.00350763,0.0019455899,-0.0043044346,-0.07944242,-0.011046973,-0.007532274,0.00096051977,-0.051223718,0.05135573,0.0008325331,-0.0041920766,-0.02336481,-0.00211787,-0.008137758,-0.023599578,0.03030855,0.066257074,0.015751494,0.048647374,-0.05514513,-0.036686268,0.0113894325,0.04505034,0.011230561,-0.16125207,-0.21438308,-0.10974067,-0.027833376,-1.0573772e-05,0.0,-0.039532483,-0.018217409,-0.0078324,-0.043151807,-0.05350634,0.0068988595,0.0017052207,-0.027936986,0.016254362,-0.07110918,0.018900888,0.00045704274,-0.001376457,-0.033238746,-0.007936258,0.0038521332,0.012946778,0.005296716,0.009260791,0.013176132,0.021777235,2.1457317e-06
18607,0.0979416,0.0036958978,-0.34795204,-0.002982448,0.025070986,0.0041548903,0.001044767,-0.0033303972,-0.0028718594,0.010513988,-0.03245295,0.0077433595,-0.054532837,0.015427556,0.054643236,0.0975987,-0.055009123,-0.028251514,0.039228156,0.04191074,-0.047621503,0.0021342228,0.02567309,-0.019849118,-0.0087699685,0.061052043,0.021340027,-0.030480674,0.014065016,0.21100391,0.36747023,-0.064316034,-0.078004844,-1.2898648e-05,0.0,-0.031438842,-0.006106295,-0.012421888,0.11944238,0.12408712,0.030257309,0.012499608,-0.0090689175,-0.044941697,-0.009234012,-0.0204797,-0.006525214,-0.005836264,-0.021506373,-0.010809217,-0.00351289,-0.004100155,0.0055367923,0.008150859,0.013492411,0.03392968,-5.053689e-07
23974,0.14788331,-0.02547968,-0.23879574,0.0013365257,0.009323831,0.0041425065,0.0012714384,-0.0033380517,-0.10203399,0.005162412,-0.01608018,0.0039652344,-0.043387007,0.012174602,0.04618057,0.019029418,-0.057022355,-0.027948903,0.00044053144,0.07805365,-0.024557926,-0.054382402,0.021138389,-0.053425483,0.011352019,0.06782359,0.041982803,-0.029657148,-0.023837235,-0.1718431,-0.2311607,-0.13233544,-0.028991185,-1.0573772e-05,0.0,-0.062081844,-0.021693498,-0.029649708,0.15418133,0.11884653,0.042570934,0.0064736963,-0.032889478,-0.026939789,0.049723156,-0.019820362,-0.00031821028,-0.001376457,0.021684473,0.006159364,-0.011261762,-0.007348248,0.004762798,0.009039413,-0.012209051,-0.051399093,-5.053689e-07
17496,0.1269019,-0.0047484026,-0.22059853,0.0004136136,0.010896901,0.003431204,0.0010848738,-0.0051119,-0.095134705,-0.013996857,-0.003276988,-0.00493316,0.035707913,-0.026721705,0.032487296,-0.010334275,-0.031489678,0.038203657,0.047820058,0.044554625,-0.042974915,0.017943388,-0.0059687197,0.017449532,0.04582899,0.031608462,0.0012823818,0.09786908,-0.026668077,-0.16651048,-0.19972987,-0.10768835,-0.026807167,-7.922725e-06,0.0,-0.014299382,-0.019110708,-0.03839414,-0.081132844,-0.0722906,0.052093904,-1.0132033e-05,-0.037173055,-0.045763776,-0.0005998995,0.022336802,-0.0052822935,-0.001376457,-0.034347426,-0.008967457,0.0023632506,0.005291793,0.003912414,0.008692393,0.024485255,0.042494252,-4.2372103e-06
15423,-0.093405314,-0.024758192,-0.27231276,-0.00078815885,0.0039746845,0.00183055,0.0020189323,-0.0016953286,-0.09225503,-0.100482516,0.05029952,0.0059200935,-0.051717892,0.0028952863,-0.13571368,-0.16098449,-0.057900507,-0.06255286,-0.046952408,-0.08163347,-0.0740952,-0.06984012,0.003472152,-0.061258927,-0.069681644,-0.023329912,-0.02993715,-0.05947014,-0.0238339,-0.17979792,-0.23399144,-0.11601611,-0.031775583,-1.0573772e-05,0.0,-8.1863385e-05,0.023320502,-0.035887543,-0.03588173,-0.12248213,-0.050891656,0.014160197,0.002992621,0.10063009,0.017356355,-0.011279544,0.00069401925,-0.0013653842,-0.019067487,-0.012091106,-0.0025534877,-0.014134729,0.005272784,0.0055428944,-0.010272097,-0.01680644,5.1900215e-06
6374,-0.013210485,-0.032418676,0.7123089,-0.028313952,0.015035426,0.0039207684,0.012698725,-0.0017590816,-0.057917036,-0.020221207,0.039494447,0.032986104,-0.056473147,0.0027377205,0.00026329304,0.043001622,0.058300216,0.016962409,0.0019988958,-0.032105505,0.013074046,-0.00891537,0.028522823,0.066088974,0.018959086,-0.04159868,0.08677729,0.10212711,0.01251366,0.25667813,0.44706237,0.3014324,0.03623675,8.877918e-05,0.0,0.045487326,-0.006109282,-0.019736277,-0.07170387,-0.02875962,-0.01811851,0.009158999,-0.028735945,0.048518606,0.024123432,0.016399015,-0.0034223904,0.004113603,0.037216622,0.0039993166,-0.0012000877,-0.0023687456,0.009198753,0.011883107,0.03647967,0.032839462,0.00033800353
21963,-0.02602636,-0.10701785,-0.09147091,-0.029525252,-0.07631898,-0.0061936015,0.008130771,-0.052261937,-0.026153574,0.11954839,0.008177611,-0.0487641,-0.05047659,-0.004693193,-0.016153207,-0.29551435,-0.13962343,0.029450033,-0.012237662,-0.16532063,-0.08756716,-0.025875695,-0.18829644,-0.43413317,-0.024420865,-0.034027264,-0.14581642,-0.05579668,0.0779882,-0.14944649,-0.18071441,-0.11245087,-0.035180405,-1.0573772e-05,0.0,-0.079957716,0.051053554,-0.026991872,-0.025950314,-0.0010561112,-0.18518956,-0.006632505,0.029203834,-0.05363627,0.015251411,-0.022102537,-0.0087383175,-0.0013653842,-0.008873716,-0.006653172,-9.9194e-06,-0.010628739,0.005272317,0.007881824,-0.013425361,-0.047139928,5.1900215e-06
8570,-0.13627283,-0.010117098,-0.13924925,0.00032957672,-0.012271258,0.004490056,0.0052709663,-0.012089119,-0.044084035,-0.010129595,-0.0043762824,-0.009048432,-0.035747524,-0.018100463,0.038237825,-0.33124557,0.07939684,0.06350461,0.0450243,-0.008859629,-0.13157625,0.006397958,0.0238619,-0.0555969,-0.07405205,-0.020680169,-0.051843096,-0.033718783,-0.015970355,-0.16518113,-0.19178858,-0.091473,-0.021188248,-7.922725e-06,0.0,0.08164482,-0.0024581673,-0.023720901,-0.015464457,-0.0707534,-0.053936385,-0.0038369335,-0.052475482,-0.013014154,0.057711743,-0.005625031,0.01833298,-0.0013653842,0.002171435,0.012952275,-0.0021037613,-0.010355519,0.008525403,0.009831576,-0.011261855,-0.0640023,-5.053689e-07
3180,-0.11451867,-0.064586245,-0.17044245,-0.029694764,-0.052575685,-0.004115293,-0.028892461,-0.027345404,-0.08326583,-0.018917756,0.016659396,-0.023244409,-0.05140016,-0.014176907,-0.1492547,-0.1439365,-0.33907607,-0.11528374,-0.031862587,-0.14608376,-0.0994378,-0.030933093,-0.016138177,-0.1036284,-0.17390026,-0.104409434,-0.114944965,-0.019679055,-0.024239548,-0.15673152,-0.19037327,-0.09309972,-0.026246045,-1.0573772e-05,0.0,0.062988155,-0.011578302,-0.03456511,-0.044154633,0.0067066145,-0.13354398,0.008958753,-0.0041959193,-0.1195735,0.03226985,-0.020545205,-0.059891608,-0.0013653842,-0.0040192585,-0.015406451,0.00035533938,0.011228594,0.004897273,0.009725984,0.0184955,0.038690493,1.3570953e-05
12005,0.072816744,-0.042271513,-0.24247758,0.00052929315,0.008475746,0.00784449,0.005334435,0.014013696,-0.113152914,-0.00474274,-0.029036075,-0.005780258,0.29815513,-0.06892786,-0.055437796,-0.01728714,0.05432542,0.064003296,0.049335808,0.07955927,-0.07874228,-0.033447526,-0.0820654,-0.05359171,0.032351926,-0.01392586,-0.023719002,-0.051013414,-0.013578006,-0.15251097,-0.19819477,-0.124144755,-0.02678292,-7.922725e-06,0.0,0.0113501055,-0.024253972,-0.015447853,-0.14239028,-0.09557134,0.04104124,0.0046666088,-0.045361776,-0.09150699,0.025882984,-0.019690225,-0.015386576,-0.0013653842,-0.021024887,-0.00884246,-0.0027426109,0.0030556298,0.007407235,0.008812883,0.017128646,0.060732663,-4.2372103e-06
3242,-0.040931623,0.029521545,1.0265605,-0.008367142,0.02238849,0.0031001682,0.00825872,-0.0014885573,-0.06814455,-0.012595424,0.024634484,0.003877266,-0.07009274,0.014230006,-0.011907293,-0.08445507,-0.0019209523,-0.02347992,-0.0062668836,0.07240912,0.018063378,0.028525382,0.021057094,-0.021354664,0.010767969,0.04774311,0.0323673,0.044416424,-0.004524692,0.33565345,0.60017216,0.4107238,0.055937734,-1.0573772e-05,0.0,0.00024236551,-0.005746099,-0.004696051,0.16555943,-0.053508844,-0.031444278,0.01923533,-0.030310709,-0.041017536,0.06761772,-0.007993367,-0.016173635,-0.0015818586,0.037469167,0.018810024,-0.0027183255,-0.0040778457,-0.03544732,0.012454657,0.030283215,0.055194028,6.515915e-05
1148,-0.25799417,-0.0057848245,-0.28881782,-0.002400172,0.003197256,0.0019761485,-0.0047132648,-0.02182532,-0.16916241,-0.054119367,-0.017712023,0.0029375812,-0.04652277,0.0066120895,0.06324625,0.05899631,0.12628902,0.1484589,-0.010421861,-0.029973188,-0.08655651,-0.04464399,-0.019177506,-0.10827501,-0.0529731,-0.033531364,-0.08619039,0.08201935,-0.14837559,0.26161152,0.39809743,-0.0110385725,0.032726858,-1.0573772e-05,0.0,-0.029353129,-0.023899738,-0.04703266,-0.12981032,-0.079191275,0.015969584,0.0012296038,-0.00075483124,-0.0669776,0.0426157,-0.032153316,-0.0020882874,-0.0038567113,0.020127062,-0.006099024,-0.0021948146,-0.009680492,0.0031756912,0.011239322,-0.009882517,-0.050100684,1.3570953e-05
7039,-0.07524438,0.026783086,-0.05313147,0.0039644977,-0.027094526,0.0038119126,0.0044220006,0.0057012904,0.19624111,0.006817411,-0.032613736,0.0061332905,0.06243382,-0.017493691,-0.20055209,0.048131347,-0.073543444,-0.03194991,0.019449156,-0.05485648,-0.09468639,-0.06984742,0.005954089,-0.053291243,-0.042928316,-0.05253704,-0.0919184,-0.073472016,0.007825216,0.16747724,-0.09393479,-0.1935685,0.012382549,-1.2898648e-05,0.0,0.012517709,0.06026234,0.018802717,-0.06459636,-0.065472625,-0.028505864,0.01617641,-0.05176004,-0.09064637,0.009819637,-0.01907956,-0.055067055,-0.0017156233,0.022777367,0.013273239,0.00029443915,0.011123134,0.0053430283,0.009949479,0.010242566,0.025103804,-5.053689e-07
14090,-0.09091151,0.009810755,-0.24552453,-0.0001107897,0.007771616,0.0039056705,0.0033959239,-0.0014582179,-0.11491285,-0.034424625,0.019753257,-0.009785586,-0.091052875,0.015585723,-0.021603052,-0.024317835,-0.017924583,-0.031862635,-0.046842713,-0.060344655,0.03789643,-0.043080334,0.019062907,-0.043785475,-0.011537263,0.03961727,0.11821641,0.070893,0.00039308635,-0.19206455,-0.25488582,-0.1433841,-0.029706232,-1.0573772e-05,0.0,-0.025585946,-0.021707416,-0.027201004,0.16888545,-0.07773958,-0.038852185,0.015124353,-0.09072171,0.036432505,-0.0844944,-0.021333385,-0.0073897075,-0.0016210396,0.05447634,0.012842924,0.0017411307,-0.010275671,-0.028579753,0.010562348,0.014481378,0.030481873,1.9266343e-05
23986,0.14871776,0.010220166,-0.21183313,0.0016587386,0.012515439,0.004274972,0.0023200316,-0.00277926,-0.036805924,0.0077658608,-0.03811821,0.004180534,-0.048713483,0.013640423,0.046284262,0.13716455,-0.056105155,-0.03232419,-0.002099093,-0.0317369,-0.059088938,-0.01870552,0.02538368,-0.037193704,-0.023871208,0.09663029,0.032585524,-0.033516165,-0.01829621,-0.1611954,-0.20228384,-0.119392365,-0.027037386,-1.0573772e-05,0.0,-0.043439582,-0.02024035,-0.025321245,0.19295102,0.12910499,0.07176269,0.006476258,0.13422868,0.03223015,-0.019150391,-0.015913816,-0.007562267,-0.001376457,0.02969558,0.012057668,0.003633325,0.012936862,0.004430109,0.008474737,-0.016738525,-0.03737508,-5.053689e-07
17030,0.12320472,0.0024009796,-0.1956395,-9.237253e-05,0.006938888,0.0034692315,0.0015866368,-0.0024517882,-0.082173355,-0.017257754,0.0032329413,-0.0042109843,-0.06317593,0.021621458,0.02132966,-0.0055449056,-0.04420277,-0.030807914,-0.014274846,-0.03334078,0.03412295,0.14438121,0.011074081,0.15077874,0.022744684,-0.00521562,0.0749205,0.09105653,0.03163314,-0.13687946,-0.18258207,-0.102443315,-0.027068006,-1.0573772e-05,0.0,-0.027993817,-0.021182345,-0.017241044,-0.065094,-0.047393613,0.008538209,0.001700246,-0.021876426,-0.035619233,-0.016209314,0.033806752,0.003341942,-0.001376457,-0.014702792,-0.0062114764,0.0054445625,0.01705661,0.003759495,0.007773672,-0.013519238,-0.032622635,-4.2372103e-06
28499,-0.046278093,-0.031391773,-0.05169917,0.0033214665,-0.0064709894,-0.0008177233,0.0059906184,0.014565133,0.19071262,0.010391991,8.203508e-05,-0.002379395,0.040222242,-0.019656507,-0.092428684,0.0865913,-0.055043615,-0.027037011,-0.010578207,-0.056757186,-0.045120887,-0.014180142,0.0018394832,-0.059895333,-0.034362912,-0.0054703522,-0.06994893,-0.037003163,0.012033807,-0.13594495,-0.1725369,-0.13453367,-0.020801136,-1.2898648e-05,0.0,0.041841507,0.037599206,0.006018788,-0.03225996,0.08291705,-0.0022336629,0.0038200712,-0.055370335,-0.058402486,0.011445526,-0.020932758,-0.013562648,-0.0013653842,-0.017750988,-0.0057124346,0.0002937599,-0.01290434,-0.034565628,0.00905011,-0.007637121,-0.020633874,-5.053689e-07
23244,-0.019199518,0.009680807,-0.23743118,0.00020268852,0.009555499,0.0033828574,0.0029788332,-0.0020065808,-0.108144075,-0.0087265335,0.04067847,-0.016417071,-0.10183814,-0.0031233327,-0.10236357,-0.10486275,-0.085328065,-0.06725149,-0.045209777,-0.056530718,0.04966669,0.16493417,-0.0074012047,0.06336835,0.007548735,-0.022883615,-0.014031719,-0.044814665,-0.044261053,-0.1566785,-0.21834756,-0.1299219,-0.029541051,-1.0573772e-05,0.0,-0.06140094,-0.013399656,-0.013843435,-0.022136647,-0.026802221,-0.0050281496,-0.0002673656,-0.05404611,-0.01678686,0.021920854,0.010160423,-0.009847705,-0.0016210396,-0.036831547,-0.016415637,0.00040654145,-0.013412881,-0.02217779,0.010059217,0.01041929,0.028673984,5.1900215e-06
5985,0.025242653,-0.0018784333,-0.21834005,-0.00023400747,0.0066520358,0.0034437522,0.0011418216,-0.001774199,-0.08632326,-0.005945585,0.0356928,-0.012488452,0.0029415297,-0.022509303,-0.02309614,0.0034230726,0.009937686,0.009306773,0.029563272,0.05739042,0.05023043,0.11763042,0.024982901,0.086501576,0.3490115,0.02914027,0.15482819,-0.02994167,-0.05091222,-0.15344939,-0.1719832,-0.118430816,-0.026827509,-7.922725e-06,0.0,-0.043379575,-0.020397242,-0.017515138,-0.059584633,-0.024592688,0.040837254,0.00653015,-0.03543214,-0.033522964,0.01932338,0.025949819,0.00022167285,-0.0016210396,0.031654984,-0.008297067,-0.0028051047,-0.009343276,0.0042308597,0.0050259773,-0.009249716,-0.038023096,1.4581801e-06
23146,-0.07519579,0.00029990525,-0.16816023,-0.031238893,-0.09086225,-0.012104746,-0.04090264,-0.027694084,0.12915549,0.017625922,-0.035056043,-0.0018185969,0.047045983,-0.025199024,0.05953746,0.083526865,-0.016256519,-0.01890396,-0.0100528365,-0.041619886,-0.041993108,-0.048504952,0.0019175783,-0.040547922,-0.05922457,-0.058606405,-0.06313427,-0.053569984,-0.0007036573,-0.15082479,-0.2009825,-0.113535374,-0.02008955,-1.2898648e-05,0.0,0.042449273,0.015515051,0.016890462,-0.057728596,0.11858286,0.013269107,-0.0013187269,-0.050170936,0.020019088,-0.08762246,-0.018825615,-0.038950887,-0.001376457,-0.02117906,-0.007972168,9.2628194e-05,0.007348839,0.004543483,0.010101798,0.008725453,0.02925565,1.3570953e-05
18903,0.061066046,-0.027001945,-0.12252,-0.00072759116,-0.006156832,0.014091811,0.002777884,0.012517234,0.14073287,-0.012081421,-0.035711654,-0.010644428,0.05897472,-0.021006683,0.05997052,0.05872058,0.15611058,-0.025523476,-0.0058461223,-0.024249416,-0.042381532,0.030050317,0.023204884,-0.031140706,-0.015052466,-0.008932712,-0.019272443,-0.052001685,0.004057403,0.1934878,0.25995612,-0.051789038,-0.04456608,-1.2898648e-05,0.0,0.022982411,0.016913611,-0.021258306,-0.02554487,0.09755336,0.020730251,-0.0013757849,-0.01532445,0.0337802,-0.022204649,-0.010107198,-0.04236735,-0.005836264,-0.019595856,-0.009514932,0.0005738467,0.006372934,0.004543483,0.010420707,0.01456029,0.030405292,1.3570953e-05
6566,-0.07629934,-0.05154245,-0.2511891,0.0006166985,0.0069599464,0.0038624464,0.0037266575,-0.0033971446,-0.12718016,-0.029996583,0.0028854408,0.011425926,-0.102411926,0.017270152,-0.06219028,-0.03844522,-0.11300575,-0.053331435,-0.049750507,-0.05510557,-0.018905953,-0.067520075,0.023704296,-0.08358097,-0.009300908,0.0136752585,-0.0028732636,-0.043749403,-0.019113116,-0.19251886,-0.2594515,-0.1435203,-0.02979965,-1.0573772e-05,0.0,-0.060951628,-0.022312602,-0.03357053,0.17088643,-0.042953663,-0.09080297,0.0017827516,-0.055258382,0.03176031,-0.0033968012,-0.014765101,-0.014140537,-0.0016210396,0.035702106,0.013861915,0.00018773331,0.013393434,0.005284721,0.009309601,-0.017047234,-0.04943576,1.9266343e-05
22028,-0.103156306,-0.01843693,-0.24418317,0.0036446464,0.014737399,0.0006338101,0.0037452877,-0.0067914817,-0.08937709,-0.014277745,-0.0011871884,0.005635284,0.010589218,0.09875573,0.03854537,0.09693971,0.094161525,-0.021898948,-0.02125589,0.07801554,-0.036358107,-0.021095907,0.015367558,-0.15701169,0.058199488,-0.15445317,-0.051370934,-0.11322923,-0.026479313,-0.15216339,-0.22529936,-0.11408752,-0.03336617,-1.2898648e-05,0.0,-0.08373771,-0.021965532,-0.02246189,-0.17492892,-0.11212331,-0.03692089,0.003180042,-0.012412642,0.16579445,0.18151568,-0.0306191,-0.0146644525,-0.0013653842,-0.029193416,-0.020444818,0.008583205,-0.021645678,0.003810618,0.010565989,0.02251744,0.03142321,5.1900215e-06
6216,-0.06865953,0.014820675,-0.19952336,0.0113435425,0.026271552,0.0034755247,0.0074866307,0.014191267,-0.05703239,-0.0070474013,-0.040776372,-0.011388637,0.070412025,-0.021715658,0.045057543,0.061186787,0.011229768,0.047285236,0.02548608,-0.036430165,-0.04994992,0.01455863,0.0041681184,-0.042922348,-0.05917746,-0.053462606,-0.05840101,-0.03739529,-0.0116553735,0.31057557,0.39048415,0.40884295,0.031294037,-1.1933477e-05,0.0,0.00019524082,-0.014008268,-0.018274045,-0.05948996,-0.057052467,0.005666386,-0.0019347155,-0.018843655,0.031454343,-0.04220651,-0.011216165,-0.0034517492,-0.0011585169,0.031325806,0.016487606,0.0001637917,0.005891451,0.010453926,0.010056905,0.01506736,0.04380937,1.3570953e-05
2699,0.0037369588,0.034736607,-0.36722916,-0.0063611357,0.0074402094,0.006600863,0.0015203283,-0.0018447365,-0.08211751,-0.027473498,0.0250274,0.011745017,-0.09447009,0.0010387017,0.010231389,-0.019474585,0.024493365,-0.044051502,-0.02626972,0.0330982,-0.017119607,0.014618157,0.008464246,0.011959007,-0.015191303,-0.034946673,0.14303918,0.098267116,-0.017035134,0.22954482,0.3809358,-0.03741988,-0.08824369,-1.0573772e-05,0.0,-0.057987973,-0.031365603,-0.049565334,-0.117146656,-0.05600347,0.0011680811,0.005602046,-0.043295834,-0.045822646,0.008724574,0.021810286,-0.021816645,-0.0075340164,-0.029713878,-0.011382872,0.00015437773,-0.0052935225,-0.033097137,0.007292384,-0.012184267,-0.03991044,5.1900215e-06
4056,-0.009871385,-0.005287032,-0.22765984,0.0001943662,0.00084728526,0.0039261538,0.0018641909,-0.0033295709,-0.105128355,-0.0272168,0.025688311,0.035703577,-0.07453354,0.0184418,-0.023696374,-0.03768008,0.0026226197,-0.049251325,-0.005291329,-0.047738485,0.030056912,0.016909942,0.020165257,0.034453444,-0.0283359,0.029362256,0.115411974,0.094354495,0.0058392463,-0.18136762,-0.2419803,-0.14082347,-0.02953119,-1.0573772e-05,0.0,-0.02955975,-0.014665024,-0.01883087,0.16166814,-0.059234384,-0.038831264,0.009377208,-0.073499784,0.02332236,-0.059962727,0.023866901,0.0136077795,-0.0016210396,-0.030437335,-0.0073608034,0.0016766159,0.0132875545,0.0057520876,0.010291966,-0.014661676,-0.01792605,1.9266343e-05
544,-0.028778749,-0.032551013,-0.20014231,0.0022409738,0.0081598405,0.0050539826,-0.00084330817,-0.017667145,-0.11585339,-0.0040787854,0.006099214,-0.005979469,-0.068631165,0.00032693858,0.040958744,-0.0689436,0.07326361,0.09055643,-0.10809516,0.027877167,-0.084771,-0.03841006,0.0070499843,-0.081422426,-0.01518998,-0.018527783,-0.027872693,-0.06901409,-0.059960164,-0.19652262,-0.23343651,-0.110819854,-0.027079001,-1.0573772e-05,0.0,-0.053483624,-0.034207124,-0.007360605,-0.04028534,-0.1360234,0.012586103,0.005483893,-0.0030844104,-0.13476644,0.08420094,-0.0213435,-0.026416093,-0.0013653842,-0.011019047,-0.0060836794,-0.0030125328,-0.0077085313,0.009106897,0.010875604,-0.01881663,-0.04888977,1.3570953e-05
15997,-0.026389714,0.006686254,-0.22210135,0.00012439629,0.0033820411,0.0032866104,0.002355097,-0.0042756074,-0.09143997,0.005367084,0.045900196,-0.010082093,-0.09653215,0.01675291,-0.0711434,-0.11896561,-0.06634359,-0.029049536,-0.059285384,-0.052710894,0.03140512,0.1773232,0.012400288,0.15059659,-0.008853558,-0.025767755,0.04353132,0.11125678,-0.0038977894,-0.13791716,-0.20659538,-0.12521198,-0.029528888,-1.0573772e-05,0.0,-0.04887676,-0.010907799,-0.0082724625,-0.056422014,-0.035038207,-0.08885417,0.0036864323,-0.072333224,-0.036025982,-0.016644938,0.03876157,0.014260571,-0.0016210396,-0.041342948,-0.016542437,-0.0027426109,-0.014788734,0.005386015,0.0103211505,0.010514283,0.039337207,5.1900215e-06
24984,0.07064154,0.05833507,-0.06355754,-0.016990809,-0.05462981,-0.011661919,-0.015515827,-0.0046173315,0.14813584,-0.026241148,-0.060091984,-0.018243758,0.07455425,-0.024199277,0.046541244,0.063556194,0.134468,0.06527632,0.048751444,0.06652855,-0.08665687,-0.0065310043,0.006123567,-0.051410023,0.0029247392,-0.0009486784,0.05832933,-0.032619253,-0.012491085,0.16924761,-0.056835745,-0.13031642,0.017725049,-1.1933477e-05,0.0,-0.0068603344,0.032321725,0.08111888,-0.010212403,0.25213876,0.1097963,-0.0030483657,0.06873886,0.041877598,-0.0030752448,-0.010990564,0.016651038,-0.0030826493,0.022653436,0.009916391,0.00089816237,0.0046109846,0.0046310066,0.012184658,-0.014337307,-0.024756651,1.3570953e-05
22848,-0.1420565,0.015736153,-0.25497246,0.0010887492,0.002697696,0.0033853652,0.0022950005,-0.0042915824,-0.17539445,-0.02825126,-0.0075482065,0.007125484,-0.047698475,0.03078107,0.016705181,-0.01006249,-0.019339733,-0.007023007,-0.054791413,-0.04290934,-0.10937455,-0.06768863,0.01198239,-0.13482653,-0.020687358,-0.03038206,0.0060313223,0.06291055,0.0052428674,-0.19430597,-0.25672305,-0.1307683,-0.027175717,-1.0573772e-05,0.0,-0.09109299,-0.02821193,-0.041126996,-0.037603453,-0.05910575,-0.037360027,0.0065281624,-0.040735956,0.08385833,0.081316836,-0.048318226,0.002434022,-0.0013653842,-0.012071075,-0.009445246,-0.0025534877,-0.013074358,0.00056880305,0.009191321,-0.018133676,-0.016129408,1.3570953e-05
29842,-0.16939376,0.027091334,-0.23034194,0.0030864815,0.0068051754,0.0014798479,0.0024168033,-0.00097211555,-0.12059344,-0.05300776,0.037467882,-0.008029889,-0.09557526,0.016227195,-0.158704,-0.14265195,-0.18324248,0.10829454,-0.07185453,-0.10186854,-0.08071852,-0.066282764,-0.001074646,-0.09621046,0.010309136,-0.007943771,-0.060577042,-0.05093872,0.0066250917,-0.17990924,-0.23027898,-0.11025354,-0.031715784,-1.0573772e-05,0.0,-0.08059547,-0.020316128,0.0031261467,-0.062348966,0.0054366738,-0.1902069,0.0061996086,-0.0011111603,0.02304233,0.08400195,-0.019979373,-0.011233814,-0.0013653842,0.037252355,0.017579854,-0.003201656,-0.011419925,0.009061922,0.0043437225,0.032153763,0.07177488,1.9266343e-05
20073,-0.10296845,-0.022733249,-0.23963675,-5.0919523e-05,0.0070572235,0.0038707217,0.002143146,-0.0016262191,-0.12101266,-0.012422943,-0.004118188,0.014731835,-0.036658157,0.020831563,-0.017812451,-0.030690026,-0.048587725,-0.016676925,-0.054563127,-0.10604104,-0.07690655,-0.052472092,0.0184611,-0.096821174,-0.08885942,0.0052929497,-0.04446274,-0.031254567,0.004096548,-0.19185242,-0.253685,-0.13889576,-0.027110891,-1.0573772e-05,0.0,-0.06637673,-0.02464954,-0.015597277,0.16244626,-0.060255665,-0.043845106,0.012256617,-0.12989064,0.03830822,-0.083950385,-0.031153217,-0.019578423,-0.0016210396,-0.020295985,-0.004890474,0.0004436383,0.013689953,0.0045943474,0.010570754,-0.008909832,-0.027355134,1.3570953e-05
18114,-0.07474695,0.03583558,-0.1684486,-0.0191868,-0.049757767,-0.012989909,-0.02861501,-0.0036382587,0.19745906,-0.00446816,-0.058679435,-0.013385284,0.045992676,-0.024295118,0.05130506,0.08995931,0.14360142,0.057930578,0.045648,0.07569704,-0.09368782,-0.009242071,0.006472258,-0.047711972,-0.0009235211,0.003438427,0.052059434,-0.023559917,-0.021428566,-0.120003775,-0.12794708,-0.089699626,-0.019474633,-1.1933477e-05,0.0,-0.0035502873,0.033423293,0.083993725,-0.0039611207,0.27783674,0.111741565,-0.0022478746,0.07219024,0.044332936,-0.005242464,-0.0134060215,0.017091585,-0.001376457,0.028847663,0.011492268,-0.003137085,-0.004271153,0.0049543404,0.011476886,0.0062038763,0.017378094,1.3570953e-05
3470,-0.07414528,0.0057192305,-0.2495368,0.00088333385,0.008970377,0.0034564515,0.0023779687,-0.0042371484,-0.10781089,-0.029784556,0.024964632,0.0245751,-0.103331044,0.016352719,-0.07158177,-0.013468878,0.00089468,-0.04844537,0.005497647,-0.044038747,-0.052950982,-0.048602026,0.016948186,-0.028777828,-0.004771772,-0.02082555,-0.07737005,-0.019674486,-0.012578137,-0.18804543,-0.24401374,-0.13827942,-0.027250716,-1.0573772e-05,0.0,-0.05429545,-0.025322251,-0.016593847,-0.095417745,-0.060793787,-0.036435384,0.019577762,-0.055644076,0.030684942,-0.0021033795,0.014091118,-0.025800241,-0.0016210396,-0.040032674,-0.014677769,0.00040654145,0.010749866,0.0076754414,0.008454389,0.013298235,0.029583182,1.9266343e-05
23935,0.096679024,-0.025180094,0.6579152,0.0028637573,0.024869982,0.0027493278,-0.01900271,-0.0010874632,-0.025125975,0.028559206,-0.04094587,-0.015616513,-0.040966794,0.007953275,0.026702516,0.056948133,-0.019674491,0.042453427,0.055272628,-0.016298516,-0.011595028,0.010657361,-0.025598286,0.009934918,0.011779315,0.026154663,0.100488015,0.0929317,-0.003433697,0.27185342,0.44789323,0.32670105,0.04086232,8.877918e-05,0.0,-0.0145896245,-0.0012560776,-0.027575389,-0.024524603,0.040357865,0.027823003,0.0014587084,-0.012116928,-0.009186004,0.014351546,0.002739627,-0.003150901,0.0052601276,0.011863209,0.0049572764,-0.0035025342,0.0021247356,0.0019179173,0.010916704,-0.020031603,-0.03828489,0.00033230815
997,0.038486037,0.018412774,-0.36011496,-0.0070308293,0.00018607063,0.0041792192,0.006460275,7.798674e-05,-0.097489506,-0.021074668,0.007852175,0.0074141882,-0.055685803,0.018233491,0.07407665,0.055196814,-0.028128944,-0.012225036,-0.00599523,-0.027970804,-0.0796663,-0.013797146,0.033115517,-0.024569144,-0.07268064,0.0429802,-0.021264896,0.07712539,0.001559747,0.29777706,0.4343717,0.18528768,-0.09865097,-1.0573772e-05,0.0,-0.036994018,-0.014269911,-0.014689442,0.199501,-0.067044534,0.02217321,0.0037557967,-0.028167851,0.0368389,-0.050429415,-0.027111158,-0.015872471,-0.0058222166,0.037363146,0.012977168,-0.002666767,-0.006925362,0.0046455017,0.010116804,0.013094755,0.030287804,1.3570953e-05
19714,-0.046108853,-0.11216308,-0.16902378,-0.020814532,-0.057310246,-0.018979007,-0.039538648,-0.015906012,0.20892568,0.00494652,-0.010156956,-0.022315243,0.05643565,0.027516197,0.054874517,0.052944142,0.1802718,0.012492635,0.033630088,-0.09433453,-0.11851622,-0.014416148,-0.21987578,-0.05060178,-0.087717004,-0.055403285,-0.09464076,-0.02664896,-0.023650808,-0.13828455,-0.18876168,-0.09654344,-0.015583736,-1.1933477e-05,0.0,-0.0057792943,0.037310027,0.00951256,-0.018870808,0.07768475,-0.057181887,-0.0013930748,-0.019700065,-0.075464964,0.054950364,-0.014042725,0.014441904,-0.0013653842,0.00027276872,-0.0056215944,-0.0012664117,-0.009770199,0.0036904279,0.009037175,0.0018438093,-0.0140632,1.3570953e-05
5803,0.10881613,-0.091471896,-0.13309772,0.005307243,-0.010949112,0.006477768,-0.00024611957,0.014138555,0.10200794,0.027928159,-0.004954333,-0.038814574,0.0021115728,-0.0046058227,0.0043108403,-0.23121889,0.068883836,-0.009388055,-0.0740105,-0.10106449,-0.026165968,0.010061992,-0.019884787,-0.054034643,-0.015364912,-0.1086098,-0.045547053,0.026317112,0.010366224,-0.14142309,-0.16571037,-0.09604168,-0.024322752,-1.0573772e-05,0.0,0.07975088,0.03192406,-0.028388236,0.06631768,-0.13455103,0.03389693,0.015978014,-0.032229256,-0.12400673,0.13940904,-0.014329865,-0.009483439,-0.0013653842,0.015918314,0.028506007,-0.012557886,-0.012589342,0.0056479857,0.0075149643,-0.0024055028,-0.053818006,1.3570953e-05
3384,0.026049133,0.0042670523,-0.21722765,0.010565707,0.009262258,0.0039007,0.005486895,-0.0041693337,-0.017812768,0.00987002,-0.0012295605,0.018559908,-0.010881892,-0.0036032537,0.045069695,-0.049543623,-0.053639304,0.058408596,-0.01017934,0.07495965,-0.053888526,-0.009197758,0.019060375,-0.039453644,0.018850198,-0.03335841,-0.075169966,0.069846906,-0.008720334,0.3450726,0.4669436,0.48855793,0.041848622,-7.922725e-06,0.0,0.007733807,-0.01025383,-0.0288833,0.107860655,-0.043660495,-0.014438929,-0.0015143944,-0.054130524,-0.016172245,0.06971816,-0.012059056,-0.0067979405,-0.0012110719,-0.027962834,-0.010765068,0.00010767924,0.0041981786,0.0045793992,0.011153126,0.022052698,0.045453876,-5.053689e-07
357,-0.09027132,-0.045595095,-0.25556725,0.00047813548,0.006726642,0.0033551813,0.0018946264,-0.004126484,-0.11430236,-0.03753894,0.03313403,0.0003448946,-0.091377035,0.020806659,-0.106799975,-0.19642545,-0.007901767,-0.037099723,-0.005631466,-0.046738718,-0.0059783035,-0.046376932,0.0172427,-0.03000603,-0.02301964,-0.013183255,-0.057341374,-0.024256798,-0.0141502805,-0.18311588,-0.23536016,-0.13697445,-0.030326521,-1.0573772e-05,0.0,-0.061055545,-0.024525335,-0.019861035,-0.074785374,-0.057870865,-0.10040441,0.014353128,-0.07053051,-0.035027113,-0.0037061803,0.013841519,0.0012504498,-0.0016210396,-0.014707365,-0.012131942,0.00034202664,0.013761073,0.007662447,0.008430344,-0.01251063,-0.031952985,5.1900215e-06
6526,-0.16479608,-0.030961603,-0.23476994,-0.0011710864,0.012592253,0.0018925524,0.0022493377,0.0051574646,-0.08670137,-0.04889273,0.011739709,0.0122188805,0.14303578,-0.021337455,-0.106720515,-0.14563406,-0.034667462,0.049902,-0.035075016,-0.04398368,-0.06846314,-0.07844845,-0.010733681,-0.090739794,0.027127279,0.021005858,-0.0696328,-0.04079774,0.0039212713,-0.17613408,-0.23991406,-0.1360822,-0.027509471,-7.922725e-06,0.0,-0.08755805,-0.006564708,-0.028356748,-0.030405708,-0.07046622,-0.058776118,0.0036495305,-0.032775447,0.08136392,0.025370907,-0.025234025,0.014864209,-0.0013653842,-0.021433873,-0.019894278,0.00040654145,0.011067941,0.008372997,0.0069729593,0.015079158,0.057039257,-4.2372103e-06
28203,0.04468773,0.06554271,-0.13159652,0.00502332,-0.0036770995,0.002772054,0.004443846,0.016531706,0.075434715,0.013564082,0.0007843666,0.0034212894,-0.033128686,-0.0102310665,0.055198587,-0.07932558,0.042055264,0.06803196,-0.01533796,-0.038881212,-0.07944034,-0.022149578,0.005491064,-0.03897751,0.0025127383,0.017232222,-0.059022874,-0.04043584,0.0077845743,-0.1644905,-0.2042761,-0.11063198,-0.029256083,-1.0573772e-05,0.0,0.08234524,0.008444112,-0.02267025,0.1369119,-0.14582762,0.02371771,-0.00456693,-0.028877076,-0.046304945,0.06875616,-0.015158252,0.00013659103,-0.0013653842,-0.012545525,-0.010379676,-0.011569964,-0.009855856,0.0042147897,0.009680862,-0.019931404,-0.042745136,1.3570953e-05
6134,-0.10318674,-0.06071651,-0.2124959,-0.03140856,-0.07291367,-0.0056729713,-0.07044278,-0.014344281,0.09426948,0.0022818733,0.017927583,0.014273506,-0.05113985,-0.014090748,-0.09230353,-0.007806797,-0.030212926,0.1407917,0.016100217,-0.014392047,-0.08713346,-0.029414771,0.003399332,-0.05531241,-0.113318436,0.0058291242,-0.13947126,-0.19263995,-0.024288148,-0.15910816,-0.1896862,-0.1267787,-0.022451779,-1.0573772e-05,0.0,0.0673365,0.00855658,-0.0008947855,-0.055732936,-0.07574227,-0.027795164,0.01638379,-0.016875759,-0.03126807,0.008095006,-0.020798279,-0.008980326,-0.0013653842,0.004653251,-0.007977783,-0.002634741,-0.015462431,0.008645504,0.00925694,-0.011438283,-0.03345781,-5.053689e-07
9426,0.03390777,0.035596564,-0.345779,-0.014017535,0.008723707,0.0033799952,0.008270383,-0.0036024603,-0.09275522,-0.018548578,0.020624576,-0.017239938,-0.07390274,0.016994124,-0.00066526595,-0.05437285,-0.01713568,-0.03754215,-0.0027019863,0.08456488,-0.014860156,-0.0294823,0.020265741,-0.03697171,-0.028846337,0.06674154,0.0007222523,-0.011994993,-0.02103192,0.35286584,0.48009166,0.44220722,-0.11303479,-1.0573772e-05,0.0,-0.062587105,-0.014506359,-0.026310785,0.18244784,-0.052952252,-0.009089102,0.009572184,-0.048660114,-0.048804026,0.0134873865,-0.013700977,0.0070290044,-0.0018340456,-0.032666028,-0.011627456,6.4599226e-05,0.004240624,0.008107513,0.0070468853,0.0166783,0.040568747,5.1900215e-06
20870,-0.06357003,-0.049635634,-0.22189172,0.0039915955,0.002704211,0.001994513,0.0019548498,0.00010331669,-0.041244928,-0.036473148,0.08961495,-0.0063526584,-0.010583142,0.04306697,-0.12645948,-0.14711116,-0.083454154,-0.12658182,-0.02489783,-0.03309613,0.0547133,0.17619832,0.0019991822,0.23848706,-0.023238169,-0.027688013,-0.063522056,0.12392528,0.013659353,-0.13045982,-0.17235632,-0.13815795,-0.029528888,-1.0573772e-05,0.0,0.032827,-0.011175961,0.0012508214,-0.107466,-0.01734847,-0.052906882,-0.009756006,-0.03226185,-0.0011068308,-0.011360148,0.04845843,0.009950998,-0.0013653842,0.059235077,0.026194844,0.00050021696,0.024854183,0.0042002276,0.0104955835,0.010527402,0.036638767,5.1900215e-06
26723,-0.030755814,-0.068376556,-0.028704247,-0.0020802475,-0.07781545,-0.0013574685,0.010822652,-0.024470782,0.16461575,0.11317229,-0.026813474,-0.0025645762,-0.1810942,-0.027933676,0.06388481,0.096829765,0.06637626,-0.03443663,-0.08490161,0.055259038,-0.06919748,0.022081334,-0.11377951,-0.10109291,0.025231313,-0.1489571,-0.008893423,-0.08104088,-0.11452241,-0.1301233,-0.20454119,-0.10327976,-0.038365707,-1.2898648e-05,0.0,-0.060290936,0.04950169,-0.0015163587,-0.17838785,-0.06038986,-0.18803614,0.0034229485,-0.026461339,0.020363946,0.06870748,-0.02476402,0.026042977,-0.0013653842,0.004599086,0.025984978,0.008694959,-0.009677897,0.008415107,0.009660192,-0.024721518,-0.060095567,5.1900215e-06
27163,0.039555065,-0.0152187105,-0.1969544,0.0013965489,0.0025318777,0.0038284087,0.0012991016,-0.0008273553,-0.08055232,-0.003584698,0.018781226,-0.014761194,-0.07280116,0.022799745,0.034073804,-0.018139077,-0.011324319,0.0076876055,-0.01148609,-0.04130641,0.03977717,0.14735924,-0.0035440922,0.156495,-0.077721536,-0.020259123,0.05738243,0.076627806,0.014278071,-0.16344811,-0.19896886,-0.12068219,-0.025934638,-1.0573772e-05,0.0,-0.03338794,-0.017222013,-0.023704313,-0.04311423,0.05825405,-0.022664882,0.0052514374,-0.047867745,0.016509216,-0.0622577,0.03898245,-0.003924899,-0.0016210396,0.04055248,0.012274617,0.0005979317,0.014505047,0.0033146841,0.008263251,-0.010274974,-0.026244452,1.9266343e-05
28851,-0.18599096,-0.01564416,-0.08270721,-0.017017161,-0.045844883,-0.0072915717,-0.029492935,-0.015041122,-0.07382992,0.047304105,-0.009015336,-0.03202518,-0.09854698,-0.027176494,0.020154735,0.04387694,-0.28451437,-0.09109743,-0.048853263,-0.08634576,-0.084923446,-0.041836604,0.002613552,-0.10716647,-0.17926985,-0.11569302,-0.07697699,-0.046053853,-0.0130068455,-0.14191902,-0.21270852,-0.1151934,-0.018859733,-1.2898648e-05,0.0,0.07543907,-0.020052936,-0.06578249,-0.1458113,-0.08199237,0.0063177426,-0.0033119735,-0.021419557,-0.22773185,0.042547897,-0.020644631,-0.045566138,-0.0013653842,-0.019087018,-0.01048934,0.0003984194,-0.005799639,0.0041557197,-1.0085759,-0.001263222,0.0043676933,1.3570953e-05
18,-0.14284022,-0.0073083616,-0.21031758,0.0018917696,0.023241455,0.00048011256,0.00058755756,0.0034970166,-0.012950525,-0.030256249,-0.022322303,0.032888316,-0.028666887,-0.055917464,-0.14948064,-0.101903364,-0.010594116,-0.049326215,-0.029599879,-0.055414107,0.0147500485,-0.006191463,0.0022089966,0.030321782,0.059122387,0.038640413,0.09892031,0.056206424,-0.20664541,-0.16102,-0.18018405,-0.12271321,-0.030356836,-1.0573772e-05,0.0,-0.033661023,0.011619383,-0.0018102429,-0.0075818906,-0.035914574,0.0042952336,-0.0007378195,0.0066255857,-0.1678066,0.22002798,0.03157618,-0.019596737,-0.0013653842,0.026031187,0.011848684,-0.001878219,-0.019261496,0.0101219835,0.0032389604,0.020471843,0.087582685,7.841122e-06
27418,-0.06931217,0.02038842,-0.14916457,-0.034535393,-0.06598326,-0.007350649,-0.027701953,-0.005630672,-0.06499242,0.00020515309,-0.037025053,-0.013438993,0.07644983,-0.025340438,-0.06794273,0.074187346,0.11659415,0.09745426,0.051280376,-0.0385622,-0.032045443,-0.042634133,0.003888662,-0.059037935,-0.0046775453,0.00988056,-0.059909754,-0.11208277,0.009366707,-0.15364292,-0.196947,-0.12489104,-0.02227963,-1.1933477e-05,0.0,0.06049687,-0.027789587,-0.025387501,-0.042493157,-0.08174124,-0.031364437,0.0038153864,-0.027209606,0.09936972,0.084809735,-0.016380144,-0.022396334,-0.0013653842,0.010862841,0.006956499,-0.0027198335,-0.013325113,0.0038905765,0.00838301,-0.017260514,-0.05503818,1.3570953e-05
5767,0.021399878,-0.026091622,-0.21842587,0.00093491975,0.011085487,0.004268892,0.0021571307,-0.0030375794,-0.048686076,0.0033751188,-0.019807026,0.010093585,-0.033282008,0.01058666,0.05343081,0.13068166,-0.06983372,-0.022074848,0.036828272,-0.04924076,-0.07200211,-0.0220451,0.018257348,-0.048266027,-0.073799014,0.025362877,0.029188607,-0.028788915,-0.006638839,-0.17144474,-0.20608841,-0.13358699,-0.025971321,-1.2898648e-05,0.0,-0.04125299,-0.022115579,-0.019855041,0.17298323,0.12270339,0.069466084,0.0064911423,0.12914091,0.033265542,-0.004748163,-0.021510193,-0.013951428,-0.001376457,-0.015800668,-0.008700312,0.0004436383,-0.012133015,-0.021648185,0.008852077,-0.009865726,-0.02291841,-5.053689e-07
10204,-0.0050224876,-0.015005448,-0.24175675,2.410352e-05,0.0063971337,0.003350176,0.0023175413,-0.002454477,-0.12042705,-0.024555517,0.010487355,0.005903707,-0.07803437,0.0186138,-0.01916575,-0.030054972,-0.024813361,-0.034756593,-0.041424625,-0.037234686,-0.021187993,-0.077704586,0.018252097,-0.060627874,-0.009139627,-0.01753085,0.01203317,-0.018347524,0.008651519,-0.1935934,-0.26361647,-0.13664994,-0.027224772,-1.0573772e-05,0.0,-0.07143637,-0.026125103,-0.027661351,-0.0508035,-0.08530763,-0.03911062,0.0098126,-0.06777206,-0.026313104,-0.04422375,-0.0076509533,0.002987839,-0.0016210396,0.03194087,0.00993616,0.00034202664,0.013235422,0.010588013,0.009400153,-0.015702652,-0.045379683,1.9266343e-05
16841,-0.022685444,0.009628883,-0.22779879,0.00050429,0.0066012684,0.0034174286,0.0026841776,-0.0024042549,-0.09819511,-0.02698109,0.03614477,0.0019157517,-0.084634095,0.018326338,-0.050133448,-0.09846439,-0.05980149,-0.04460636,-0.010290741,-0.045966506,0.056247547,0.025169378,0.014560823,0.006518541,-0.01696583,-0.0189878,0.1444697,0.10054548,-0.030301908,-0.17539534,-0.22277842,-0.13855408,-0.028686257,-1.0573772e-05,0.0,-0.033968233,-0.015900785,0.006745447,-0.03496003,-0.027044311,-0.037933614,0.003382342,-0.05952613,-0.024074713,0.009640749,0.023432208,0.0071125356,-0.0016210396,0.05083222,0.013778351,-0.0025534877,-0.012568076,0.0077351364,0.0099428715,-0.009066927,-0.04528458,5.1900215e-06
6600,-0.007291356,-0.028924529,-0.24955723,0.00052343495,0.0010232785,0.0034741892,0.0015082315,-0.0024042549,-0.11529715,-0.024740957,0.011536602,0.009111518,-0.07329315,0.027483702,0.018389402,-0.016891444,-0.13459359,-0.0068411324,-0.012554847,-0.037116084,-0.06521746,-0.0781351,0.017263444,-0.07990653,-0.007979587,-0.0273122,0.019994628,0.06946196,0.0022399416,-0.19489704,-0.25112137,-0.13785052,-0.02845541,-1.0573772e-05,0.0,-0.077548966,-0.02659386,-0.024782589,-0.03654528,-0.05700326,-0.037573554,0.0048617003,-0.044430945,-0.026666764,0.020200383,-0.01438614,-0.019234873,-0.0013653842,0.022126457,0.011679024,0.00034202664,0.013261673,0.0055410783,0.009544874,-0.019026661,-0.03830019,-5.053689e-07
15304,-0.010339731,0.02360885,-0.23839562,0.0009306437,0.009679731,0.0033952412,0.0029943457,-0.001606095,-0.10873269,-0.03711927,0.03288266,-0.015095908,-0.088262156,0.013955253,-0.14708397,-0.08080856,-0.08151539,-0.0436743,-0.04588617,-0.050864942,0.07067853,0.088269606,0.013875787,-0.0060273088,-0.008062668,-0.016469149,-0.012803336,-0.049179453,-0.036264088,-0.16488154,-0.22212502,-0.13634129,-0.030172924,-1.0573772e-05,0.0,-0.054734964,-0.012902574,-0.016855525,-0.02394318,-0.054093033,-0.015501953,0.012366736,-0.036817264,-0.025358751,0.029535877,0.01429586,-0.0015227651,-0.0013653842,-0.03857145,-0.012174508,0.00040654145,-0.013412881,-0.03814879,0.008322277,0.018600307,0.041834425,5.1900215e-06
4349,-0.07708842,0.09222531,-0.04218372,0.0012077631,0.0037953518,0.00786039,0.006340203,0.011358058,0.20709737,0.007381626,-0.049472813,-0.0037480604,0.06379725,-0.018162882,0.04478939,0.08651406,0.06926009,-0.028369594,0.023735218,0.050051466,-0.051783606,-0.012633577,0.014692217,-0.040322974,-0.13616282,-0.049589235,-0.05602854,-0.030411707,-0.0018944715,-0.14233863,-0.1555452,-0.098650515,-0.024061434,-1.2898648e-05,0.0,0.04275763,0.037316855,-0.025365038,-0.012971393,0.15574045,0.07383709,-0.00128055,0.04998087,0.030566901,-0.04201143,-0.0149799,0.0013404121,-0.001376457,-0.021854479,-0.007931869,-0.0033034305,-0.004799984,0.0051337583,0.010269124,0.013590965,0.032181602,1.3570953e-05
3265,0.08849737,-0.4862547,0.8262673,0.0003546066,0.014125654,0.0029984224,-0.0038014154,-0.0017143585,-0.03939043,-0.0047773607,-0.015996365,0.0009576124,-0.04487394,-0.033586208,0.0403643,0.043803282,-0.042661622,-0.037807543,0.023792531,0.045064673,0.017634971,0.010371223,-0.0017649553,-0.004717176,0.037278447,-0.026007703,0.02554712,-0.015697522,-0.036989454,0.22806826,0.37771842,0.04140624,0.048158243,-1.0573772e-05,0.0,-0.0044554826,-0.00907424,-0.032643106,-0.06309689,-0.039645698,0.021646475,-0.0026150355,-0.011128063,-0.019049095,-0.07072296,0.0041676993,-0.010269795,0.021277525,0.022463992,0.010612052,0.0003547836,0.0047190734,0.0035566692,0.010466171,0.036454022,0.042868346,2.2955937e-05
3929,-0.16955987,0.04613563,-0.12586227,0.0057257162,-0.0070412476,0.00086513645,0.00459501,0.0068785897,-0.08763166,-0.015650941,0.01893384,0.00094327144,0.03513068,0.005541604,-0.09280526,-0.08801942,-0.12685846,-0.050139554,-0.027942808,-0.07620156,-0.084373534,-0.053562842,-0.0067592678,-0.09584916,-0.06673297,-0.0031782673,-0.090509474,-0.07903727,-0.0038610268,-0.16979972,-0.19094248,-0.11582985,-0.024997616,-1.0573772e-05,0.0,0.063894995,-0.0211636,-0.011984217,-0.029774314,-0.050126668,0.0053900788,0.014286845,-0.027821604,-0.05548598,0.022081535,-0.023275025,0.042311966,-0.0013653842,-0.009734913,-0.009593639,-0.0024051995,-0.01081135,0.0057436526,0.00998056,0.017718313,0.0293107,-5.053689e-07
2110,0.10970117,-0.0449075,-0.18339312,0.0044734133,-0.007241464,0.001955706,0.0018522533,-0.015262024,-0.036587883,0.012329044,-0.011035024,0.0059710857,-0.03698754,-0.0013658068,0.042612113,-0.3028554,-0.1754408,-0.025746128,-0.017614348,0.038226053,-0.07120141,-0.02886256,0.02852726,-0.08075128,0.0049609756,-0.0152712595,-0.030636296,-0.030463664,0.05940157,-0.15343127,-0.22328699,-0.10584728,-0.02309296,-1.0573772e-05,0.0,0.015331101,-0.024789004,0.0046430198,-0.049129408,-0.073199846,-0.10836604,0.0063014464,-0.03337728,0.09075753,0.005380944,-0.022613348,-0.001131782,-0.0013653842,-0.005347981,-0.0011218511,0.002208959,0.0085205,0.006905654,0.009432585,-0.021298088,-0.055775333,-5.053689e-07
28453,0.070646465,0.008880537,-0.35571018,-0.009913903,0.008952182,0.0033943478,0.0026183533,-0.003520593,-0.08478484,-0.0058428254,0.012324483,-0.0017916968,-0.04483974,0.04429487,-0.057166513,-0.03501986,-0.10013559,-0.026759628,0.042476967,-0.024807999,0.027073834,0.053372175,0.014606231,0.07058687,0.0096747475,-0.023697652,-0.03555849,-0.045576476,-0.025654394,0.15656143,0.2732679,-0.06448777,-0.08627139,-1.0573772e-05,0.0,-0.02671161,-0.01637882,0.00056657597,-0.061680906,-0.029097043,-0.017261501,0.006622484,-0.047521584,-0.05398326,0.049863257,0.03122524,-0.0066160965,-0.005922408,-0.029136868,-0.008913823,0.000654552,0.0077077583,0.005682713,0.009550437,0.020099854,0.046697833,-4.2372103e-06
6060,-0.036488265,0.034270708,-0.20251031,0.003112916,0.0021670037,0.0020414388,0.0028920586,0.0015064471,-0.018375473,-0.008585448,0.07248554,0.026481934,0.07188572,0.10410899,-0.017709583,-0.13710265,-0.20323566,0.11080451,-0.028580377,-0.22243309,0.024916312,0.123939164,0.09886734,0.22712877,-0.083810166,0.008873187,0.12494759,0.031671304,0.009403324,-0.14222725,-0.19329296,-0.12184612,-0.02759575,-1.0573772e-05,0.0,0.044449836,0.010007018,-0.003779077,-0.03564245,0.070320316,-0.13050354,-0.008602821,0.0085178325,-0.025844349,-0.095896035,0.04183355,-0.007445371,-0.0016210396,-0.020919112,-0.007963076,-0.0216517,-0.04547314,0.008091352,0.00932615,0.017241346,0.02765156,5.1900215e-06
3141,0.11256721,0.03647206,-0.21571708,0.005580585,0.018966015,0.0035186303,-0.0011058331,-0.004477288,-0.06702583,0.022325626,-0.018916538,0.0010435185,-0.052310806,-0.0063739885,0.03640267,-0.0012649159,0.060600404,-0.018430151,-0.012443032,-0.027058274,0.03389005,0.046549954,-0.0042157723,0.019008808,0.017177017,-0.042047143,0.027965933,0.0878168,0.021966837,0.25902042,0.3687582,0.39199755,0.042227324,-1.0573772e-05,0.0,-0.016915113,-0.004646599,-0.0514622,-0.028447274,0.08227526,0.016704744,0.0014311181,-0.006849444,0.0056587686,0.0075413324,0.0016529422,0.0005406297,0.0052601276,-0.029522473,-0.014742864,0.0006331173,0.007493023,0.0026387596,0.009163858,-0.014118522,-0.040304706,1.3570953e-05
22227,-0.06353145,-0.025706572,-0.16049221,-0.031004312,-0.08909216,-0.032997735,-0.024115818,-0.023927104,0.1530095,0.001372528,-0.00080595585,0.006455922,0.03340621,-0.018914562,0.054923043,-0.036591,-0.061014272,-0.039986257,-0.010740403,0.076972865,-0.032584984,-0.03625607,0.033372317,-0.042428404,-0.057690416,-0.00986129,-0.15615204,-0.22436951,-0.023789559,-0.13879076,-0.19007091,-0.12516233,-0.021010173,-1.0573772e-05,0.0,0.029625574,0.04370985,0.055490166,-0.018375682,0.099241406,0.011373444,-0.0012341839,-0.026114913,-0.03898522,-0.0035727893,-0.018962929,-0.035367683,-0.001376457,-0.012814425,-0.0033622524,-0.0013707737,-0.011033003,0.004981907,0.009117354,-0.014557472,-0.04914984,5.3019357e-06
2037,-0.14812927,-0.009900911,-0.2628537,8.877895e-05,0.004049103,0.006738531,0.0017138621,-0.0012171345,-0.11666865,-0.006351953,0.013431013,0.0023634539,-0.080017045,0.009069872,-0.09740065,-0.021594983,-0.035338633,-0.019244878,-0.010047218,-0.03664007,-0.11348203,-0.05714136,0.021961588,-0.10628729,-0.13097288,-0.0263051,-0.01892978,-0.05409615,-0.030594073,-0.18505597,-0.24135508,-0.14219122,-0.028012915,-1.0573772e-05,0.0,-0.07804243,-0.028476877,-0.0023554948,-0.030323835,-0.04334138,-0.031038469,0.00212223,-0.05146854,-0.044523288,0.01870267,-0.044505864,-0.057389807,-0.0016210396,-0.023161763,-0.005961876,-0.0019663684,-0.012994719,0.00609315,0.009607284,-0.008624821,-0.03198882,-5.053689e-07
10258,-0.20273156,-0.011165649,-0.098685585,0.0019007073,-0.012997476,-0.0007812366,0.0039133686,0.010498008,0.11923468,-0.010008232,0.016245035,0.0023184463,0.028089866,-0.012161764,-0.12043547,0.0057215826,-0.21042517,-0.05031692,-0.043332018,-0.04966245,-0.05766813,-0.024011698,-0.011612939,-0.055130996,-0.10521576,-0.017152762,-0.10886137,-0.18438333,-0.014873639,-0.14452702,-0.18680513,-0.12069611,-0.021488376,-1.0573772e-05,0.0,0.07203663,0.010243822,-0.010817321,-0.012582274,0.010019884,-0.038361643,0.0025321692,-0.035137232,-0.056593318,0.029183941,-0.019069238,-0.050462954,-0.0013653842,0.034142647,0.010201493,-0.0023218375,-0.015328562,0.0052798414,0.01091596,0.011326363,0.051480796,-5.053689e-07
1889,0.004241001,-0.017867252,-0.19680406,0.008576306,0.010189068,0.005577553,0.00602102,-0.0024709487,-0.0695818,-0.009719269,0.034115937,0.03988566,-0.06409894,0.016703656,0.042481773,-0.16878429,0.054815188,-0.03568931,0.039416313,-0.036412254,0.009027943,0.015817843,-0.036524206,0.045103364,0.018675849,0.030180875,0.15499993,0.09686053,-0.006957321,0.30048782,0.42525202,0.42927474,0.05087208,-1.0573772e-05,0.0,-0.013883639,-0.0125802895,-0.026215687,0.10308442,-0.035279576,0.0029166166,-0.0038740328,-0.040283427,0.018187648,0.05221319,0.0041316724,0.0016455562,0.004113603,-0.023467101,-0.007765888,0.00010767924,0.0019006855,0.0055215014,0.008768653,0.03235407,0.056652337,1.9266343e-05
24078,-0.0053492035,-0.083567746,-0.1781896,0.0017769085,-0.012970328,0.0019137829,0.0031984043,-0.014220459,-0.13759837,0.038950935,-0.013311633,0.0071512177,-0.09131001,0.016533997,0.02141538,-0.50184506,-0.07693963,-0.022313615,-0.012295108,0.009397539,-0.029952677,-0.024868302,0.03227235,-0.12812383,0.004443908,-0.074400574,-0.047347616,-0.1230469,0.052957863,-0.15944813,-0.23341824,-0.10677869,-0.028602282,-1.0573772e-05,0.0,-0.06394076,-0.021683363,-0.018490477,0.032248024,-0.05163892,-0.17082371,0.008565586,-0.08254735,0.045049865,0.059869185,-0.035863698,-0.026433382,-0.0013653842,0.028728181,0.016365718,0.0006195218,0.010711196,0.004966562,0.0086532235,-0.020834856,-0.08034309,7.677931e-06
5840,-0.012366845,-0.07992829,-0.20517018,-0.018753588,-0.088333696,-0.018960826,-0.03242353,0.005792378,0.19375166,-0.017685754,-0.025045587,-0.017735295,0.046741214,-0.02104672,0.045947067,0.08882079,0.12874536,0.04373308,0.048531927,0.06624668,-0.14439037,-0.012001086,0.0033098552,-0.048464324,-0.048138376,-0.059720226,-0.05932318,-0.026471706,-0.020827636,-0.14284168,-0.17127678,-0.10809429,-0.01723402,-1.1933477e-05,0.0,-0.039075177,0.03721546,0.0016220476,-0.026319198,0.10706633,0.07592141,-0.0022755947,0.044926118,-0.0061111683,-0.011186638,-0.012394916,0.02110921,-0.001376457,-0.012752951,-0.0055923876,-0.002947962,-0.0063980613,0.0049097217,0.0099979965,-0.008465917,-0.031041509,-5.053689e-07
25626,-0.08746207,-0.04525645,-0.24341364,0.0049602296,0.010822813,0.007237398,0.0023006077,-0.017929204,-0.070918776,-0.07292913,0.04010877,0.078487836,-0.02029863,0.05453559,-0.13754463,-0.17641112,-0.033542898,-0.037682068,-0.04776255,-0.016582448,0.13185257,0.13167028,0.018072495,-0.004713458,0.0057534967,0.016080912,-0.04159028,-0.05514806,-0.010813151,-0.13242026,-0.19715475,-0.12827602,-0.032465074,-1.0573772e-05,0.0,0.053134177,-0.009535314,-0.017218623,-0.18441126,-0.021723356,-0.16915381,0.007850002,-0.054214116,0.14181162,0.08117248,0.022297911,0.022976361,-0.0013653842,-0.015557085,-0.014520612,-0.002986935,-0.016256636,0.0056550084,0.006484065,-0.016192868,-0.042769082,-0.00053829385
19009,-0.1799252,-0.07725742,-0.1723485,-3.112582e-05,0.0038500554,-0.0007143679,0.0016260599,0.010588064,-0.18530595,-0.011289455,0.013926709,0.011160723,-0.018959189,-0.025352629,0.017502103,-0.01624127,-0.033254795,-0.054701176,0.03300795,0.038719162,-0.1090099,-0.083274156,0.014182777,-0.16661777,-0.032673065,-0.08157745,-0.0692105,0.06711421,-0.03551302,-0.1493908,-0.23571306,-0.12089512,-0.02386595,-1.0573772e-05,0.0,-0.046497524,-0.03001789,-0.041837666,-0.1328994,-0.10024671,-0.0012829567,0.0041385842,-0.07388983,-0.05781531,-0.07520835,-0.052386776,-0.042797267,-0.0016210396,-0.015613128,-0.006614372,0.00034202664,-0.007477589,0.007905147,-0.8479083,-0.008820024,-0.030141247,-5.053689e-07
28181,-0.053741667,-0.021413634,-0.10307401,0.0029728005,-0.001998119,-0.0073532,0.001919196,0.0287419,-0.065778695,0.02357439,-0.0359525,-0.019651473,0.04799244,-0.0159455,-0.01849139,0.09408075,0.123502955,-0.0017735271,0.0015581185,0.03876553,-0.042833056,-0.003899108,-0.0026283653,-0.047589544,-0.0065535433,0.0006052958,-0.09291181,-0.12774806,0.024563763,-0.15043001,-0.18033233,-0.12166116,-0.022569412,-1.1933477e-05,0.0,0.052123584,-0.018553987,-0.033416856,-0.025470834,-0.08432015,0.03627067,0.0023098555,-0.062378433,-0.046076976,0.011766966,-0.015310826,0.0053402027,-0.0013653842,-0.014835465,-0.004817452,0.00039637962,0.008653054,0.0074044853,0.010280413,-0.014727098,-0.026136054,-5.053689e-07
27920,0.009627557,-0.028468275,-0.19874965,0.0077657662,0.030847978,0.008416337,0.0064894916,-0.009474388,0.10694278,0.000599474,-0.013324134,-0.004090075,0.02132887,-0.01975874,0.027120009,0.07586443,-0.03571078,0.045901004,0.02995197,0.04745415,-0.03378298,0.03723086,0.027328758,-0.030860836,-0.034717,-0.0068480712,0.02118407,0.1141886,0.001852944,0.24931043,0.350925,0.4211586,-0.07780677,8.877918e-05,0.0,0.005096131,0.015184413,-0.008819253,-0.036413677,0.07714111,0.05648653,-0.0023492891,0.016500063,0.024337163,-0.016854063,-0.010398485,0.0030275339,-0.0011585169,-0.01567934,-0.0073748734,-0.0028535393,-0.0042057545,0.0050115143,0.009420877,-0.007813948,-0.020769726,1.3570953e-05
8903,-0.15899003,0.077113345,-0.12928006,0.0008195337,0.011159733,-0.0007608556,0.0069330796,0.012289451,0.095804885,0.001976113,-0.010768659,-0.0012979121,0.0039474056,0.009922878,0.059113227,-0.045637947,-0.18506056,-0.035112638,-0.11286381,-0.050073534,-0.05077362,-0.027086569,0.020333223,-0.05080195,-0.13785164,-0.017661896,-0.014773026,0.011337701,-0.049624752,-0.1710434,-0.20510459,-0.12640029,-0.025924778,-1.0573772e-05,0.0,0.083334886,0.01188846,-0.03735362,0.15651363,-0.07156163,-0.070250586,0.0072147823,-0.042601965,-0.05994442,0.06907144,-0.018061118,-0.0001916681,-0.0013653842,0.029315285,0.01822698,-0.001856966,-0.010930376,0.012669209,0.010756097,0.014964017,0.045977622,1.3570953e-05
25241,-0.009331074,-0.038921423,-0.21039252,0.0018164921,0.008023547,0.0032157658,0.0021675823,-0.003698273,-0.1073873,-0.029990593,0.047075994,0.0063809934,-0.02367121,-0.013450564,0.0037261983,-0.0021038027,-0.08581569,-0.035517726,-0.010679559,-0.09396297,-0.008904302,-0.021910064,0.008932654,0.004431973,0.05400263,0.042673495,-0.020136517,-0.041253872,0.032933842,-0.16552298,-0.21592213,-0.12416795,-0.027127543,-1.0573772e-05,0.0,-0.0450109,-0.022974124,-0.022512125,-0.0330085,-0.023883568,-0.08565943,0.004323605,0.042562563,-0.07571794,0.11705643,0.023508612,0.0075758104,-0.0013653842,-0.01677682,0.009889001,-0.0025534877,-0.012626635,0.0025263678,0.007355034,-0.020786216,-0.038304266,2.1457317e-06
12105,0.065414,-0.007384622,-0.34341908,-0.0012248005,0.014154831,0.0037563485,0.0010654812,-0.0026995342,-0.04000985,0.0060119587,-0.024088774,-0.0041999323,-0.05845802,-0.0052102935,0.045613613,0.1036406,-0.017034143,-0.040044803,0.04352008,0.044411205,-0.07043318,-0.014401928,0.016854212,-0.036992703,-0.009603104,-0.030302642,0.019025946,-0.03789702,-0.0043333303,0.23368496,0.3591542,-0.038364485,-0.07488924,-1.2898648e-05,0.0,0.01351808,-0.0077674934,-0.010030341,-0.04424589,0.072487,0.022698682,0.008540602,-0.0038254443,-0.044951867,-0.020420257,-0.01775423,-0.0024005978,-0.005836264,-0.01505053,-0.009123893,0.00015437773,-0.0042381887,-0.038873434,0.010800762,-0.013480206,-0.034360975,-5.053689e-07
11080,0.02544782,0.03624116,-0.41991025,0.0012981796,0.008508306,0.0017246809,0.0023539702,-0.0032478278,-0.07502907,-0.010596493,0.024911236,0.026085777,-0.059450716,-0.045223784,-0.03353922,-0.1088693,0.0154956635,0.023191372,0.041535728,-0.08987659,0.01773378,0.0030619875,0.01489818,-0.0014889506,0.05221552,0.051380277,-0.013871187,-0.044440843,-0.037231166,0.20293257,0.29012138,-0.0018895576,-0.10817762,-1.0573772e-05,0.0,-0.041349612,-0.028246973,-0.02690941,-0.06282604,-0.037149653,-0.20491695,0.009279087,-0.0041356315,-0.07767874,0.08637802,0.026010381,-0.0032094168,-0.005922408,-0.030714942,-0.0114802765,0.00021889256,0.007145505,0.0046613147,0.006262885,0.02299062,0.06915385,7.841122e-06
13996,-0.1422561,0.001066694,-0.078607105,-0.00011524036,-0.007333068,-0.008829122,-0.05174004,0.005348715,0.17115003,-0.008746056,-0.07536039,-0.0666975,0.100379735,-0.026563555,0.04365416,0.10159197,0.1803466,0.049992792,-0.0030372324,-0.045692373,-0.07773578,0.008602597,-0.1216433,-0.062522024,-0.07788672,-0.010983845,-0.05642446,-0.03657074,-0.0006298678,-0.13829201,-0.1598796,-0.075870246,-0.017317975,-1.1933477e-05,0.0,-0.011301,0.028937927,-0.011852023,-0.007414053,0.09583211,0.04434294,-0.0019801403,0.053890888,0.025878552,-0.02342197,-0.012737518,0.005506836,-0.001376457,0.0005847838,0.0071115578,0.00044571506,-0.01785633,-0.017067615,0.009576244,-0.011792183,-0.036691915,1.3570953e-05
28141,-0.079827346,0.025614787,-0.13716133,-0.023970285,-0.056939054,-0.0066719223,-0.033465732,0.00937519,-0.07632872,0.011392628,-0.03481738,-0.031891163,0.06646176,-0.022289459,0.062751524,0.08429672,0.11002287,0.06965749,0.050096598,-0.009718541,-0.022607986,0.010381781,0.0087222345,-0.07633108,0.008104784,-0.0048820553,-0.07496301,-0.05796306,-0.005457022,-0.15375951,-0.20911762,-0.11308327,-0.019326663,-1.1933477e-05,0.0,0.028089855,-0.02028083,-0.035614252,-0.03380124,-0.08225408,-0.009702273,-0.0014750485,-0.043285206,0.00972694,0.06197431,-0.015408985,0.016923804,-0.0013653842,-0.012467432,-0.008146225,-0.0026075186,-0.009530347,0.0049295668,0.009685567,-0.01562421,-0.033639234,1.3570953e-05
12956,-0.07929372,-0.29810554,0.73112756,0.0066892724,0.011332486,0.0064371396,0.017111966,0.011079556,0.12187794,0.019988962,0.017131357,-0.01203574,0.0714334,-0.022820288,0.0078116925,0.059372894,0.07989933,0.0452951,0.039559886,0.069442764,-0.031337164,0.048300758,0.007992683,0.038164355,0.05575824,0.024599982,0.09684739,0.07898921,0.012845451,0.25051287,0.38006672,0.36057127,0.044600904,-1.1933477e-05,0.0,0.012998048,0.022808008,0.006712305,-0.015489076,0.226757,0.010966111,-0.0028384873,-0.013265076,0.03322671,-0.023732955,-0.0052503673,0.0039223954,-0.0011585169,-0.011755076,-0.004314057,0.006146486,-0.002650655,0.00578923,0.012456893,-0.069544286,-0.023122288,0.00033230815
22713,-0.08710563,-0.01590671,-0.18376747,0.0033591595,0.001062916,0.0011079517,0.0025901722,0.0062065204,0.02954652,-0.055685356,0.04365388,0.018617237,-0.016669758,0.03742809,-0.06904172,-0.2240159,-0.08671074,-0.011743038,0.037012085,-0.03735765,0.07811192,0.17023891,-0.00079330616,0.32454893,0.019407589,0.03237998,-0.009444478,0.13227774,0.019170206,-0.10340565,-0.16578542,-0.097142324,-0.029537404,-1.0573772e-05,0.0,0.037355825,0.03527539,0.0016990067,-0.012170821,-0.030327316,0.046038013,-9.346951e-05,0.04429462,-0.13292912,0.27335104,0.04660139,-0.002705798,-0.0013653842,-0.01673149,-0.027499136,0.0020634853,0.045011833,0.0072401166,0.0065350225,0.0118568195,0.049410366,7.841122e-06
6273,0.043138474,-0.027002411,-0.19561735,-0.00016311603,0.0026290715,0.003508014,0.0015907582,-0.0018103821,-0.093192965,-0.021270921,0.012768241,-0.02120005,-0.0580679,0.060535513,0.015283171,-0.0051595457,-0.0124697,-0.030613573,-0.009605811,-0.03119629,0.012289331,0.17804006,0.013193728,0.16289146,0.037402414,0.033559993,0.07650783,0.09648514,0.034633547,-0.14059818,-0.17685977,-0.11076125,-0.028330276,-1.0573772e-05,0.0,-0.03633322,-0.021182345,-0.035004355,-0.03206035,-0.014113377,0.013010919,0.008025085,-0.019073237,-0.033463158,-0.047965534,0.034432463,0.008739714,-0.001376457,0.02076327,0.009218173,0.0018309093,0.011688322,0.0020676875,0.008334262,-0.0134203015,-0.032596134,-4.2372103e-06
25852,0.0061329673,-0.0012939387,0.80421644,-0.000993636,0.0128371725,0.003260408,0.00045276064,-0.0017293999,-0.023318138,-0.021361876,0.042496566,0.0045565004,-0.055505235,0.015871141,0.054214545,-0.045194887,0.010244934,-0.02135263,-0.23477323,-0.03025191,0.030104266,0.038766354,0.0057796,0.0665648,0.05167604,-0.035929378,-0.046151884,0.08063375,-0.050379764,0.25250334,0.4491442,0.1981086,0.04855104,-1.0573772e-05,0.0,-0.0120889945,-0.009119717,-0.013258987,-0.07881832,-0.010813206,0.022235174,-0.0020128507,0.01747206,-0.12176926,0.108065926,0.013869386,-0.016400654,0.011210007,-0.026763624,-0.01401286,-0.002520952,-0.008441776,-0.049898118,0.011728978,0.025866887,0.037588213,9.109431e-05
8025,-0.262635,-0.04801849,-0.18533687,0.0046874243,-0.017245924,0.001918871,0.00048775435,0.009624142,0.096539415,-0.012954426,0.031587373,-0.019988213,0.084925845,-0.017702278,0.046252385,-0.017507346,-0.07597493,0.059108656,0.034259472,0.04613029,-0.027882049,-0.010290602,-0.006315562,-0.04210978,-0.0567219,-0.025531761,0.0035023545,0.039062925,-0.13120028,0.18279201,0.2980786,-0.06985332,-0.041743293,-7.922725e-06,0.0,0.009877374,0.029497724,0.011808632,-0.038721852,0.11016299,0.008358451,-0.002285954,0.0031266904,-0.003291564,0.00021467026,-0.019696565,0.0059933383,-0.0037705677,0.0029810932,0.007974408,-0.00088319037,-0.006822311,0.0109493835,0.010639882,-0.0060810447,-0.05804572,-5.053689e-07
23170,-0.009071239,0.036632534,0.810493,-0.009769251,0.019572848,0.0075274054,-0.003392477,0.0024174952,-0.011630444,-0.0035127318,0.071054794,0.05238292,0.22834408,0.021487378,-0.03152042,-0.11143803,-0.15741844,0.15409315,0.023291854,-0.23506573,0.050129283,0.061189726,-0.063746296,0.008013449,0.11943838,0.023468968,0.13801512,0.017385451,-0.002609561,0.34078854,0.53338385,0.3582951,0.061066695,-1.0573772e-05,0.0,0.0054934695,0.01940695,0.026968887,0.059009045,-0.0027507963,-0.104657784,0.0107978005,-0.09716756,-0.22664307,0.010405529,0.004649914,-0.057307724,0.004113603,-0.011366399,-0.016796459,-0.00039473156,0.014359679,0.010279365,0.008107281,0.042919327,0.034398,0.00033800353
29093,-0.13795903,0.09518001,-0.20125626,0.0007237467,0.0015341241,0.0030363775,0.0028361105,-0.002759799,-0.033879872,-0.017618822,0.048005994,-0.02583588,-0.014585605,0.13892066,-0.13221635,-0.13574404,-0.04341535,-0.037218634,-0.040427487,0.0034816896,0.00015109395,0.090442345,0.13011478,0.050256103,-0.00573403,0.029729404,0.09464321,0.10982066,0.015985344,-0.12560378,-0.1990935,-0.13156298,-0.03093193,-1.0573772e-05,0.0,0.0016647466,0.0024576068,-0.037736233,0.09146259,0.019001296,-0.06477911,0.0010261713,-0.016763078,-0.0397925,0.014171203,0.04080579,0.0063672834,-0.0016210396,-0.04127753,-0.017779488,0.0015424879,0.010468181,0.0048626214,0.009876224,0.027184613,0.0052346876,5.1900215e-06
28686,-0.031260256,-0.028544184,-0.19800423,0.0003492143,0.0016256941,0.004542911,0.0024871288,0.0027640376,-0.1020586,-0.028719787,0.016907912,0.013633242,-0.06699016,0.017965637,0.013322447,-0.03115892,0.02538322,-0.052366607,-0.023429547,-0.06004553,0.014775801,0.11229646,0.094963536,0.2084361,-0.034491953,-0.05158328,0.060760442,0.06762883,0.010352385,-0.1493846,-0.20950091,-0.11950293,-0.030523272,-1.0573772e-05,0.0,-0.003988956,-0.0071391496,-0.030357176,-0.0381009,0.036859166,-0.021197475,0.009907935,-0.029487656,0.009492704,0.015358623,0.039168432,-0.013930732,-0.0016210396,-0.025347406,-0.008401228,0.0017997399,0.014915898,0.0138210105,0.010389316,-0.020068927,-0.026801096,1.9266343e-05
7207,-0.25678957,0.0101471,-0.21586688,-0.004933585,0.0065128356,0.013962105,0.0025926956,0.017363153,0.12569945,0.016025305,0.026358288,-0.0072503043,0.057612438,-0.023097627,0.051504027,0.046250187,0.13805032,-0.06327584,-0.0041540246,-0.045989245,-0.038605973,-0.014863925,-0.022029316,-0.0475654,0.005286391,-0.050324295,-0.058168545,-0.016062671,-0.055513915,0.2090033,0.27596974,-0.041524317,-0.067259766,-1.0573772e-05,0.0,0.009460497,0.0130026825,-0.010553533,-0.05042559,0.105324075,-0.020981643,-0.001263209,-0.0032013718,0.020297345,-0.029522479,-0.008781235,-0.016393136,-0.005836264,-0.017996078,-0.007885404,-0.0014703935,-0.0068475846,0.010269398,0.010255115,0.0073469114,0.03677116,1.3570953e-05
6718,0.017218262,-0.07508272,-0.34284076,-0.0047050314,0.010423617,0.004954544,0.0027686304,-0.0019980324,-0.08756622,-0.0057975133,-0.023202691,0.010753693,0.012415485,-0.008772437,0.033775985,-0.17222123,0.105124906,-0.007817083,-0.011835221,-0.020362647,-0.05937973,-0.031855572,0.015003832,-0.04283952,0.0034916995,-0.032980047,-0.06539509,-0.036568787,0.010533264,0.26958305,0.3802873,-0.0020566275,-0.06894189,-1.0573772e-05,0.0,0.005330614,-0.012599049,-0.021949738,-0.025546622,-0.10858119,-0.017761204,-0.0012897423,-0.04396552,0.036602065,0.019227395,-0.013851627,-0.012184865,-0.005922408,0.020104466,0.021854766,-0.0016817385,-0.00923998,0.010380987,0.011126412,-0.021474702,-0.06582968,1.3570953e-05
29016,0.0026730723,0.021318857,0.9737862,0.0035126302,0.012576067,0.0034962576,0.0019505715,-0.0014542186,-0.058432575,-0.0027127676,0.045865547,0.034223165,-0.06261207,0.01613356,0.042079028,7.731305e-05,0.004113189,-0.020491714,-0.004924031,-0.018783327,0.033691235,0.041147176,0.02086209,0.022836057,0.001121861,-0.057110004,0.13286439,0.08879942,0.014160431,0.29787287,0.53401077,0.22911456,0.04440209,-1.0573772e-05,0.0,-0.03822562,-0.008397847,-0.010647687,-0.09122306,-0.02134445,-0.008799045,-0.00082119444,-0.039065633,0.019307468,0.014170338,0.010709895,-0.0031381075,-0.00375652,-0.028626459,-0.0033858933,-0.002520952,0.0017969842,0.0030027202,0.0126055,0.02359668,0.03865461,9.109431e-05
775,0.08282412,-0.008222113,-0.22677372,0.009246317,-0.0001725344,-0.0013876661,0.003115199,0.0014926313,0.010732305,-0.00053246913,0.029220104,-0.0030593493,0.12308598,-0.022292994,0.050896928,-0.232795,-0.02213934,0.09483098,0.020938188,0.043146458,-0.025828427,-0.012087865,0.016689576,-0.03558076,-0.002446485,0.002206905,-0.0276093,0.04393438,-0.1478308,0.21382853,0.32058564,-0.034971982,-0.06883305,-7.922725e-06,0.0,0.06993627,-0.015025618,-0.024847953,-0.007062645,-0.059868004,0.009235173,-0.0007921995,-0.017648187,0.14446977,0.061693408,-0.024554584,0.01916372,-0.0038567113,-0.010301947,-0.0037198956,-0.0037596857,-0.007012401,0.0083116405,0.0111918785,-0.009825821,-0.053913705,-5.053689e-07
1527,-0.021340653,0.0072133536,-0.22265539,1.2777615e-05,0.008785359,0.0034631672,0.0011734039,-0.0042756074,-0.10162492,-0.023453353,0.027047254,-0.012654669,-0.08201036,0.02349849,-0.056554798,-0.00010249606,0.006020599,-0.03307972,-0.00078709796,-0.04793155,0.03750823,0.16254058,0.012395393,0.1485727,-0.0094488645,-0.016260345,-0.03522524,-0.0011880877,-0.004439423,-0.13997895,-0.20309608,-0.13144822,-0.028415766,-1.0573772e-05,0.0,-0.022699594,-0.021100037,-0.026578952,-0.05898861,-0.060366638,-0.029026465,0.0032044062,-0.07433471,-0.04068367,-0.111826055,0.033592016,-0.018336393,-0.0016210396,-0.033492934,-0.012281179,0.0018954241,0.013899676,0.009589479,0.008606523,0.015380543,0.021858906,5.1900215e-06
15811,0.101052,-0.046991285,0.80428517,0.0018770038,0.026752884,0.013674275,-0.0036912602,-0.005458191,0.06915093,0.023618547,0.0019013967,-0.008249056,-0.026960716,-0.0049643787,0.009835539,-0.010509179,0.05267477,-0.026383637,0.008521644,0.04775888,0.015406674,0.016556272,0.025723051,-0.00271306,-0.0097367745,-0.019943973,-0.003755208,-0.0045743124,0.017149406,0.24843547,0.4242199,0.2084074,0.04587831,-1.0573772e-05,0.0,0.01606645,0.007818163,-0.015639162,0.121962026,0.07441563,0.029362481,-0.002202953,-0.0078528635,-0.01215368,-0.0030293413,0.00075114425,-0.05628477,-0.004124465,-0.0142261535,-0.0137589555,-0.014050077,-0.006423018,0.0036162036,0.009394228,-0.018556979,-0.041909892,5.946376e-05
19663,-0.124431275,0.0043185866,-0.17875777,0.0037156716,-0.0132370675,-1.5824015e-05,-0.008019913,0.011227421,-0.17046453,-0.062051237,0.038961478,0.03430906,-0.092421964,-0.00075889134,-0.19820252,-0.40770862,-0.115189105,-0.07069421,-0.040976845,-0.16426998,-0.12163524,-0.038994517,-0.014221658,-0.0995945,-0.0023348462,0.018498298,0.118444026,-0.0789129,0.0022613648,-0.15994996,-0.21348624,-0.10149322,-0.025746798,-1.0573772e-05,0.0,-0.07351466,-0.032218337,-0.031498265,-0.020895792,0.002569241,-0.0923244,-0.0054052896,-0.044399556,0.0027081135,0.048178602,-0.051995408,0.0046659177,-0.0013653842,-0.001427603,0.002139803,-0.0046267575,-0.014590519,0.010115501,0.0067934585,-0.017249718,-0.101366594,-0.00021749495
29364,-0.25533283,-0.06808617,-0.13512185,0.001886113,-0.0041500484,0.0083322935,0.008637252,-0.004359626,0.09294486,0.01123529,-0.0013338942,-0.044626962,0.116476506,-0.079878874,-0.07047197,-0.20015728,-0.12044553,0.13640453,0.026372699,0.09183548,-0.0601576,-0.17447837,-0.24790283,-0.05522866,-0.0025924363,-0.004173628,-0.08452659,-0.028551327,-0.012007731,-0.14035448,-0.18665975,-0.1160267,-0.023478938,-7.922725e-06,0.0,0.052686717,0.016605902,0.031566277,-0.0001789853,-0.029204573,-0.090629674,0.021917922,-0.06331333,0.11947496,0.036894675,-0.018458355,-0.043210737,-0.0013653842,-0.01864773,0.01142589,0.00028692576,0.0128675755,0.00808691,0.010876158,-0.00925027,-0.04108702,-5.053689e-07
6524,-0.0031713047,0.008861811,-0.2233384,-0.0013684845,0.002468572,0.0042957054,0.0014667241,-0.0007668985,-0.099398576,-0.034039065,0.008648671,-0.009012471,-0.13444754,0.017814156,0.0541369,-0.01856325,-0.021659778,-0.029805796,-0.0730639,-0.03296,0.025538076,0.10671491,0.015875973,-0.0981786,0.002109848,0.009359246,-0.04221604,0.08150686,0.01048507,-0.1760163,-0.23474571,-0.1326382,-0.02976529,-1.0573772e-05,0.0,-0.06329528,-0.019104354,-0.034638885,0.10097262,-0.05996733,-0.038822636,-0.004802527,-0.061867796,-0.028328896,-0.02284974,-0.01777053,-0.011305419,-0.0016210396,0.05373499,0.014456988,0.00025224814,0.012994329,0.008004359,0.009942328,0.019803591,0.048739754,1.9266343e-05
18167,0.21432246,0.01479081,-0.19414634,0.0028149367,0.011805942,0.0039126663,-0.0012298682,-0.0026710555,-0.059878346,0.007184897,-0.016365806,0.004090233,-0.040471736,0.0073387707,0.039771635,0.11070647,-0.039806988,-0.042948965,-0.0051302193,0.043819014,0.047612015,0.051794447,0.01803507,0.0061978986,0.029603327,-0.024442302,0.007260994,-0.019843547,0.016902223,-0.14075379,-0.21450503,-0.11091878,-0.025017768,-1.0573772e-05,0.0,-0.00553397,-0.015125042,-0.021415621,-0.05818084,0.10732036,0.02566693,-0.0020727497,-0.023834785,0.007926357,0.018548459,0.006597331,-0.007421791,-0.001376457,0.029422564,0.008001552,0.0022987358,0.013510957,0.0052657668,0.010602436,-0.016394012,-0.03520819,1.3570953e-05
27233,-0.1534243,0.024981897,-0.0754116,-0.00013088151,-0.07141787,-0.019024411,0.016577248,0.008790207,0.14378393,-0.01194257,-0.062351633,-0.021534724,0.067076884,-0.036507253,0.059781916,0.06726295,0.15050788,-0.020501558,0.04828316,-0.010595321,-0.11420427,-0.008812632,0.008170076,-0.039404497,-0.08808825,-0.06523835,-0.08068487,-0.030180782,-0.010470098,-0.14201677,-0.15978883,-0.10524483,-0.018377155,-1.2898648e-05,0.0,0.031031156,0.027882874,-0.013479826,-0.05215437,0.076276675,0.04229952,-0.0014268726,0.045077138,0.04211331,-0.03056446,-0.008563578,0.017522415,-0.001376457,0.028422797,0.011230667,-0.003137085,-0.005139271,0.0046297014,0.0106296595,0.0058885845,0.04058604,1.3570953e-05
13776,-0.1737897,0.023663815,-0.2793324,-0.02194254,-0.019701937,-0.00072211144,-0.011268219,0.0076291235,-0.04970563,-0.024704399,0.018872332,0.025304759,0.051825956,-0.027643273,0.07856002,-0.24372362,-0.05117301,-0.07319069,-0.020359498,-0.07562819,-0.067305736,-0.01681134,-0.034232356,-0.077521205,0.03928347,-0.107792035,-0.055880837,0.060450304,-0.061553936,0.20920494,0.3371452,-0.013181443,-0.08656224,-1.0573772e-05,0.0,-0.040056147,-0.027125182,-0.04635544,-0.04156482,-0.0059255953,-0.31100592,0.0035524624,-0.053268235,0.064206764,0.07772957,-0.04042231,0.057060376,-0.0038567113,-0.014722944,0.0029717602,-0.012805465,-0.008097967,-0.038643174,0.009767651,0.01924704,0.06458756,5.1900215e-06
6452,0.08186727,-0.060051996,-0.19979514,0.001962295,0.0123245595,0.0071588047,0.002911332,0.009624518,0.09199202,0.039669674,0.016989741,-0.0114171915,0.002183442,-0.014515738,0.04200991,-0.23949426,0.11213061,0.04951199,-0.016379176,-0.04165088,-0.04813225,-0.018615102,0.023256915,-0.046262324,-0.0012976953,-0.053122625,-0.050099127,-0.015526196,0.005201988,-0.15682308,-0.19620544,-0.113982506,-0.02580928,-7.922725e-06,0.0,0.07601908,0.014888867,-0.00021149646,-0.030176561,-0.059562843,-0.041031405,-0.0015298474,-0.046399347,-0.027264891,0.030482583,-0.009457905,-0.02807122,-0.0013653842,-0.016065326,-0.009238792,-0.011560287,-0.009521236,0.009920727,0.009812804,-0.02220517,-0.05672832,-5.053689e-07
8005,-0.10404445,0.02013591,-0.22865924,0.00031633227,0.010208254,0.004247006,0.0019617826,-0.002983458,-0.12625557,0.0070711575,0.02315599,-0.00015251247,-0.07941352,0.020508757,0.069717765,0.10115102,-0.062648766,-0.030324735,-0.006239334,0.06608146,-0.12492808,-0.028310345,0.0192908,-0.070645586,-0.06319761,0.004250216,-0.066233285,-0.008843492,-0.012786571,-0.17290063,-0.23135073,-0.14190367,-0.0263572,-1.0573772e-05,0.0,-0.04766166,-0.02500042,-0.009859358,0.18601517,0.123423144,0.024190059,0.006474409,-0.028347827,-0.037654277,-0.06644422,-0.02560229,-0.015824832,-0.001376457,0.039686505,0.014491598,0.0005081531,0.008169991,0.004664921,0.007924336,0.011081612,0.037933696,-5.053689e-07
27749,-0.003970194,-0.024104672,1.0370054,0.006088299,0.01903131,0.0034972497,0.001275584,-0.001586483,-0.043756142,-0.016991392,0.03997401,0.0058276076,-0.0693514,0.023065574,-0.07724741,-0.10131134,-0.05633763,-0.03420341,-0.006453609,-0.031390525,0.02060814,0.058556426,0.021356821,0.083591975,-0.00988501,-0.018665902,0.10696694,0.030371543,-0.011158904,0.24316366,0.5023985,0.060091536,0.052057955,-1.0573772e-05,0.0,0.004236361,-0.007329295,-0.0011807303,-0.071943715,-0.01550052,-0.08203234,-0.0010069486,-0.049679734,-0.018247373,-0.07469486,0.018457158,-0.0010441751,0.02653115,-0.013195947,-0.00918491,-0.0038914972,0.011102324,0.009048531,0.013108983,-0.018024677,-0.025128784,6.515915e-05
13721,0.0035609053,-0.03493141,-0.3614213,-0.006529835,0.002123807,0.0039076745,0.0010647863,-0.001833508,-0.05707537,-0.02474698,0.026186062,0.035728205,-0.057744242,0.026562618,-0.04012837,-0.013118467,0.018835558,-0.07875329,0.06784444,-0.02425197,0.014973362,0.118759334,-0.035501547,0.07686992,0.0085221175,-0.013281937,0.14800496,0.11569435,-0.01351065,0.20252778,0.30288282,-0.06414301,-0.09096884,-1.0573772e-05,0.0,0.033893947,-0.01575887,-0.019836104,0.009973629,-0.05395931,-0.038454063,0.008886129,-0.04149894,-0.05009214,0.02157237,0.030460777,0.012005968,-0.005922408,-0.013055396,-0.0056055007,6.4601045e-05,0.011500909,0.009676569,0.00983991,-0.017229037,-0.020900803,5.1900215e-06
18809,-0.06015488,-0.03341393,-0.21079274,0.0030084306,0.009047219,0.0041654687,0.0020308695,-0.0031367773,-0.083871074,0.0067289793,-0.013466783,-0.000760801,-0.012045285,0.008480654,0.018102951,-0.12459621,-0.058810443,-0.016323382,-0.03916644,0.07259227,-0.06873377,-0.043384753,0.0155284405,-0.0794659,-0.047762133,0.021410184,-0.08416898,-0.0061106444,0.0013580252,-0.1841532,-0.24974933,-0.12610291,-0.028059063,-1.0573772e-05,0.0,0.0006851274,-0.024596045,-0.022684766,0.14355583,-0.09426611,-0.025443517,-0.001492663,-0.043493535,0.020531211,0.08778567,-0.022844823,-0.009664576,-0.0013653842,-0.019769033,-0.007958075,-0.0021716,-0.0075648474,0.01299956,0.01088766,-0.019200182,-0.04885907,1.3570953e-05
29249,0.16440411,-0.022504661,-0.31666303,-0.002609065,0.010422279,0.004300305,-0.0020315298,-0.0015178518,-0.0016123051,0.016322188,-0.014965575,0.0056344774,-0.03512618,0.011599239,0.047711078,0.09811229,-0.037760567,-0.01405242,0.033679564,0.03728671,0.038882792,0.06190547,0.006163744,-0.0045811953,0.023069767,0.08423131,0.026461113,-0.016747855,-0.0010645881,0.18757688,0.26195154,-0.07070069,-0.08101147,-1.0573772e-05,0.0,-0.02627744,-0.0034419694,-0.009327071,0.13803,0.14308742,0.030873911,0.0021025587,0.041182186,-0.04885124,-0.041490648,0.010608582,-0.010332782,-0.005836264,0.02153971,0.011284387,0.0019246265,0.007751182,0.0033660447,0.008572942,-0.015882324,-0.04704564,-5.053689e-07
26775,0.05948018,-0.00039593954,0.6768001,0.003054336,0.034814633,0.0014986405,0.010877166,-0.0026059938,-0.0032429502,0.04147204,0.025537582,-0.005988525,-0.046031065,0.0025980556,0.028264105,0.06066992,-0.010178723,0.02347678,-0.0087659145,-0.026444634,-0.007581785,-0.009808924,-0.0012737119,0.08165671,0.010155996,-0.025386361,0.074910395,0.06158663,0.0063585956,0.253865,0.43260884,0.24312763,0.031201256,8.877918e-05,0.0,-0.017795773,-0.009076725,-0.010265367,-0.06477456,0.068776555,-0.018477315,-0.011632715,-0.04158177,-0.0012383664,-0.0014567514,0.012114481,-0.00071387447,0.0043171165,0.018565768,0.0048034997,-0.0017558136,0.0026602768,-0.000982482,0.011214965,-0.02225342,-0.032033168,0.00033230815
14308,-0.12700532,0.026577108,-0.27279687,-0.002435233,0.0074328296,0.0012194305,0.0031521332,-0.00055630784,-0.14225177,-0.11221089,0.085653625,-0.021804044,-0.0494985,-0.048851,-0.16578859,-0.14127855,-0.18372847,0.081034504,-0.10625534,-0.1717242,-0.054240506,-0.09012118,-0.0013088596,-0.09264156,-0.0697031,0.024061328,-0.012960492,-0.07121449,-0.0048109354,-0.17959991,-0.23915821,-0.10336095,-0.035288624,-1.0573772e-05,0.0,-0.018070912,-0.015736425,-0.021030324,0.13772175,-0.02722874,-0.20708278,0.008170339,-0.027740782,-0.113132894,0.029988697,-0.017560534,-0.031789705,-0.0013653842,-0.014631751,-0.010488709,0.00019224576,-0.025133556,-0.050909504,0.0074062953,-0.012929615,-0.022763453,1.9266343e-05
28885,-0.11182717,0.0094560785,-0.21201916,-0.032602564,-0.055744875,-0.0058666416,-0.037074454,-0.023849087,0.094135635,-0.008557632,-0.035624158,0.014427771,0.03562014,0.012428348,-0.11753646,0.06985747,-0.047900245,-0.02699697,-0.10829449,-0.070914984,-0.04765631,-0.020272791,0.013381467,-0.06591469,-0.10739311,-0.020000892,-0.1101937,-0.18276279,-0.015092215,-0.14639574,-0.19679968,-0.123718485,-0.021142405,-1.2898648e-05,0.0,0.06682357,0.008054356,-0.029435247,0.106356025,-0.09307111,-0.052771043,-0.0017091164,-0.04871521,-0.021842834,0.072743796,-0.01988966,-0.012243234,-0.0013653842,-0.013116592,-0.0032458166,0.00019714727,0.018794833,0.0060502724,0.009311508,0.0146916965,0.013984815,1.3570953e-05
26187,-0.17982559,-0.009583518,-0.23688035,0.00033978213,-0.00078817864,0.0037857753,0.0013624019,-0.0002796268,-0.15777795,-0.03448876,0.013237623,0.0016449143,-0.11649902,0.015493684,0.025236363,-0.03294229,-0.035403993,-0.010218532,-0.008670161,-0.03194297,-0.12152443,-0.03825146,-0.01224488,-0.11478261,-0.106723554,-0.030102434,0.12516123,0.08688743,-0.00029929588,-0.1988941,-0.2589197,-0.13419352,-0.026139544,-1.0573772e-05,0.0,-0.10419401,-0.030967183,-0.04523066,-0.054625504,0.08870674,-0.042916186,0.02530051,-0.040250633,0.028227303,-0.07153721,-0.05075282,-0.019282985,-0.001376457,-0.022763833,-0.0117622195,0.00066244643,0.010669176,0.008386116,0.009323827,0.010152681,0.026442273,1.9266343e-05
14278,0.11439716,0.014491518,-0.18201873,0.002863775,0.0044661127,0.004380362,-0.0011944114,-0.0038225115,-0.04803532,0.05585594,-0.04271798,-0.014624296,-0.077548854,0.008583453,0.02979363,0.05431098,-0.011675736,-0.044565506,-0.012940229,0.031305883,-0.006737605,0.020226061,-0.06831604,0.009375298,-0.011886073,0.05438744,0.059463535,-0.031076051,-0.0035402798,0.24032868,0.34269238,0.27232632,0.038313776,-1.2898648e-05,0.0,-0.014686284,-0.0050568213,-0.027002253,-0.037074056,0.018674742,0.03872661,0.0016362548,0.019389288,0.012028941,-0.046700414,0.0049841646,-0.042316765,0.0071029044,-0.02816281,-0.008812686,0.0019891432,0.004438337,0.0036113267,0.008300363,-0.01837001,0.022477359,-0.0021588248
19336,-0.16177665,0.017432336,-0.17145978,0.003111682,0.008849999,0.0019191699,0.0016588608,-0.023096206,-0.14840122,-0.02004554,0.004797175,-0.0064240103,-0.016209826,-0.016284788,-0.18265052,-0.30809492,-0.1681711,-0.056390334,-0.05752847,-0.08069555,-0.1311199,-0.04116982,-0.001284007,-0.10399346,0.031388495,0.06903296,-0.1249313,0.010180644,0.011216332,-0.16672431,-0.20022261,-0.10449546,-0.03068621,-1.0573772e-05,0.0,-0.08873105,-0.03089983,-0.042145297,-0.065787956,0.001802329,-0.15666208,-0.0012229831,0.012981438,-0.0656856,0.109278716,-0.05168795,0.009836168,-0.0013653842,-0.012432339,-0.00030527654,0.0005545699,0.011385273,0.003981173,0.008454314,0.043270312,0.06273437,1.3570953e-05
8465,-0.12091142,-0.035452902,-0.24939483,-0.0075475816,-0.002848317,0.0034550722,0.0026939525,-0.0014239713,-0.17257802,-0.040928572,0.014591854,0.03566285,-0.09626405,0.015999876,-0.0073687527,-0.04969376,-0.012009781,-0.045979917,-0.07206819,-0.06532656,-0.116667,-0.08520809,0.014783781,-0.13150908,-0.060109057,-0.012839713,-0.07727195,0.0268304,0.036404677,-0.18700494,-0.25410384,-0.13524064,-0.030917915,-1.0573772e-05,0.0,-0.046072472,-0.025533728,-0.04833301,0.17890194,-0.055457477,-0.037283227,0.024760118,-0.14217767,0.028220784,-0.019261587,-0.051028997,0.0056075146,-0.0016210396,0.03224466,0.013369497,0.0004436383,0.013656172,0.0043837107,0.010199713,-0.010267471,-0.032956272,1.9266343e-05
13513,0.14371476,0.025625508,-0.20454374,-0.0007108658,0.006577004,0.0039392915,0.0017377242,-0.0041117575,-0.08538032,-0.011947155,0.01408729,0.0026601949,-0.039827667,-0.00019961808,0.008898149,-0.013814382,0.02352827,-0.022956822,-0.04704448,-0.03002975,0.02658685,0.026241252,0.014528351,-0.0044868346,0.012009914,0.012976972,-0.023234803,-0.04098602,0.0026023786,-0.17245936,-0.21170633,-0.10278036,-0.027672691,-1.0573772e-05,0.0,-0.05850894,-0.022504697,-0.0052587194,-0.071618944,-0.08886426,-0.04020336,0.0003931585,-0.06632639,-0.03328715,0.01466086,0.01728265,-0.003658548,-0.0016210396,-0.03284785,-0.008489872,0.0023632506,0.012946778,0.008510907,0.007970123,0.013585993,0.040156502,2.1457317e-06
419,0.12539627,0.035059355,-0.22314845,-0.00058195204,0.008112071,0.0035226063,0.0017011004,-0.002660098,-0.09094392,-0.0065412056,0.0042290324,0.005209919,-0.047760118,0.009392199,-0.024571598,0.0069887876,-0.030767862,-0.00897457,0.0012127717,-0.031256765,0.01970049,0.06848369,0.014389614,0.06041472,0.043338425,0.0064617987,-0.03125091,-0.05086639,0.031171398,-0.1516837,-0.1893639,-0.11227071,-0.029693319,-1.0573772e-05,0.0,-0.052015316,-0.023378719,-0.011977797,-0.08030673,-0.05143978,-0.038048815,0.0071827397,-0.0615518,-0.026445065,0.014298941,0.017288309,0.0009226608,-0.0016210396,0.04749478,0.011887005,0.0023632506,0.012957535,0.005593765,0.0070955325,0.013546417,0.054287475,-4.2372103e-06
1092,-0.13279766,-0.011363048,-0.23679014,0.0015712336,0.0023789378,0.003281595,0.0020391562,-0.0020008613,-0.14828229,-0.039817102,0.024812903,-0.0017380422,-0.0033459254,0.012615306,-0.08133532,-0.16912024,-0.08123352,-0.02063798,-0.04489839,-0.04267004,0.050034113,0.053666193,0.01897971,0.052725114,0.0024745502,-0.018825268,0.1571643,0.10506182,0.013121938,-0.17380601,-0.21183994,-0.14224719,-0.026730536,-1.0573772e-05,0.0,0.011440505,-0.01206034,-0.0007604125,-0.0599148,-0.006076532,0.029419119,-0.0018624807,-0.087610476,-0.055415805,-0.13917533,0.0250886,-0.028961455,-0.0016210396,0.030314801,0.012894422,-0.009406014,-0.01615514,0.0036805503,0.009918701,-0.011818412,-0.03947448,5.1900215e-06
2009,-0.05387806,-0.103220984,-0.071622945,-0.010760331,-0.03696819,-0.008832973,-0.023091353,-0.0010664936,-0.06944951,0.076558575,0.06004133,-0.033162188,0.17965494,0.013096889,0.050292335,0.066152304,0.1998979,0.07955573,0.02626966,0.07127221,-0.071584485,-0.011864474,-0.084807314,-0.05634272,-0.017244497,-0.006738776,0.08686892,-0.021919522,-0.009611415,0.18453573,-0.08669651,-0.13678771,0.020422986,-1.1933477e-05,0.0,0.0049660215,0.03463176,0.0051930095,-0.012005993,0.23193909,0.104865305,-0.002541409,0.053398553,0.024948047,-0.001104014,-0.009919777,0.015847275,-0.0030826493,0.00012494701,-0.009512937,0.00045587693,0.013333395,0.0035573174,0.012970766,-0.03179184,0.010948524,1.3570953e-05
8332,-0.016570274,0.007719089,-0.21864927,-0.0011192616,0.008520651,0.0035202093,0.0013062586,-0.004208609,-0.06920253,-0.057179175,0.031004738,0.0030610042,-0.05611643,0.016363325,-0.0804818,-0.0017737598,0.008026011,-0.03487825,-0.0076003983,-0.019404422,0.011558055,0.16883309,0.014239676,0.20806529,0.049935497,0.019754075,-0.0058528245,-0.0030747307,0.038070768,-0.13824753,-0.20143561,-0.1226512,-0.027829893,-1.0573772e-05,0.0,-0.05902775,-0.013512877,-0.0032163744,-0.01861149,-0.014020571,-0.020844039,-0.0011811206,-0.046999417,0.012127582,0.010101402,0.030170426,-0.0092435265,-0.0016210396,-0.041397497,-0.016542437,0.00040654145,0.014387161,0.0020558697,0.0053378823,0.012132934,0.03233708,2.1457317e-06
16924,0.16642897,0.0418054,-0.31423217,-0.0016764378,0.010793888,0.0041046073,-0.0018736845,-0.00031275046,0.036228057,0.011616624,-0.0044689653,-0.0002217362,-0.028379878,-0.010091097,0.049220685,0.08585669,-0.048394836,-0.024168907,0.031617112,0.046968378,-0.0059936745,0.010498062,0.02215766,-0.0037731973,0.033168055,0.11861738,0.026420308,-0.02166661,-0.015571883,0.19709776,0.25570846,-0.073666826,-0.08068499,-1.0573772e-05,0.0,0.02511785,0.0013815431,0.0039955475,0.18456511,0.13725203,0.034321256,-0.0012731529,0.0377263,-0.047084007,-0.048741538,-0.012034496,-0.013784884,-0.005836264,0.029530626,0.0157625,0.0019246265,0.0067938603,0.0044790558,0.007961874,-0.01840329,-0.03642074,-5.053689e-07
29094,-0.14631079,-0.09788325,-0.24724838,0.0028671268,0.0015707902,0.001920772,0.0024631743,-0.002611319,-0.16354004,-0.084313855,0.022452096,0.048379347,-0.12592903,0.016141472,-0.09623932,-0.034204632,-0.12654084,0.06063762,-0.012242008,-0.043868408,-0.1388121,-0.08952303,0.00350427,-0.110627584,-0.011677447,-0.017941121,-0.03304326,-0.07906149,-0.046582855,-0.1774159,-0.23376213,-0.13508518,-0.027579805,-1.0573772e-05,0.0,-0.09967959,-0.027553579,-0.035501644,-0.092626594,-0.05046998,-0.104880124,0.01084353,-0.04104866,0.08854665,0.10051979,-0.036792558,-0.0055226465,-0.0013653842,-0.007090076,-0.01039128,0.0005167492,0.013906372,0.0032623238,0.0045200726,-0.016858295,-0.03655592,5.1900215e-06
9315,-0.05531881,-0.065323375,-0.11932311,0.004052869,-0.008052277,0.004074682,0.0052266307,-0.025497764,0.06159354,-0.022106059,0.026884753,-0.050084706,-0.036715254,-0.030601284,0.031892035,-0.16883287,0.12748429,-0.006135211,0.024739856,0.04249635,-0.061309006,0.0060383747,-0.30201253,-0.042993803,0.0051445803,0.0148391705,0.049256228,-0.21951309,-0.010402662,-0.157368,-0.19060314,-0.11094105,-0.022559887,-1.0573772e-05,0.0,0.06807462,0.008630176,-0.018146478,-0.071660906,-0.07932013,-0.07599661,-0.0009566939,-0.045084536,-0.11477986,0.08105421,-0.0124535505,-0.018745307,-0.0013653842,-0.015523386,0.005120421,-0.0026364715,-0.013267296,0.010375117,0.009578834,-0.026302358,-0.070333004,5.3019357e-06
362,-0.17097442,-0.027229572,-0.23880938,0.0005870752,-0.0018712465,0.0038378218,0.0013123777,-0.0009104896,-0.16103326,-0.03547102,0.010306476,0.00905571,-0.10287431,0.019388378,0.03107001,-0.054051857,-0.028139412,-0.018732022,-0.002722793,-0.0426679,-0.11380479,-0.04364092,-0.007169114,-0.11702295,-0.091864064,0.00097437686,0.122134544,0.0937943,0.012349068,-0.19578838,-0.25885913,-0.13519207,-0.026708439,-1.0573772e-05,0.0,-0.10547582,-0.028700678,-0.046210285,0.115003064,0.08978647,-0.039820414,0.025451317,-0.03898757,0.034110155,-0.043521263,-0.05075282,-0.018188346,-0.001376457,-0.019022778,-0.013705665,0.0004436383,0.013409745,0.0066981656,0.009089548,-0.008954485,-0.026025765,1.9266343e-05
18298,-0.075753495,0.03575578,-0.21998803,0.0038377224,0.001384384,0.0020010283,0.0020756063,0.0007011842,-0.041547332,-0.029554786,0.0735583,-0.017317135,-0.05633411,0.07057152,-0.09298865,-0.10565692,-0.068445176,-0.0640269,-0.0475441,-0.027506612,0.083924785,0.19690336,0.004534449,0.07652778,0.008532041,-0.019563548,0.13930014,0.09379628,0.016442059,-0.14593402,-0.19011058,-0.12802249,-0.023890357,-1.0573772e-05,0.0,0.07601298,0.00796654,-0.0023819364,-0.02524678,-0.017183434,-0.110988975,0.010038314,-0.01117029,0.0034315444,-0.039351083,0.025151616,0.0053822626,-0.0013653842,-0.044031676,-0.015220778,0.00040654145,0.015372765,0.003282361,0.008344366,0.0037279236,-0.0024990318,5.1900215e-06
22769,0.12292856,0.022899168,-0.110384665,0.00054497004,0.008897785,0.00350763,0.00400494,-0.0048363344,-0.062026717,-0.013895858,0.027914075,0.040704153,-0.07677874,0.029338546,0.011258981,-0.0024819176,-0.009843377,-0.01925814,-0.010775591,-0.022451203,0.02238098,0.15623,0.011969712,0.25145796,-0.017095918,-0.022776436,0.048190087,0.08665427,-0.0027133662,-0.14639136,-0.20446849,-0.107392594,-0.026610836,-1.0573772e-05,0.0,-0.048292402,-0.019428307,-0.010321963,-0.04175827,-0.054904077,-0.015160673,0.004763819,-0.045567755,-0.036069773,-0.09324176,0.036407325,-0.007876974,-0.0016210396,-0.0355284,-0.008520486,0.0055090776,-0.014971632,-0.02007569,0.007145146,0.014994308,0.025016867,1.4581801e-06
9241,-0.16878036,-0.04590238,-0.111974396,-0.013918392,-0.014097898,-0.00066821853,0.005641988,0.015067138,0.20616941,0.03931355,-0.0072410787,-0.006136033,0.0093768425,-0.015750425,0.06285869,0.028415076,-0.07757238,-0.011460015,-0.006242867,-0.03745538,-0.06947592,-0.06225926,-0.00051725144,-0.051463492,-0.08364825,-0.00054548756,-0.070390835,-0.013073009,-0.0013948707,-0.14472896,-0.1867787,-0.09980666,-0.020558408,-1.0573772e-05,0.0,0.047681123,0.030603938,0.000738731,0.1148619,0.084929645,-0.006240994,-0.0012517476,-0.037423432,0.019424632,-0.007969993,-0.019192537,0.022081017,-0.0016210396,-0.012002671,-0.007941077,-0.00096788583,-0.0096905595,0.0068380255,0.009606343,-0.0055756806,-0.025837809,1.3570953e-05
15791,-0.0005180405,-0.009232288,-0.24266021,0.00035341617,0.0072157085,0.003433175,0.0016991248,-0.0043069245,-0.12581025,-0.014147647,0.011055408,0.0053741196,-0.0643723,0.009388114,0.010827287,-0.004285903,-0.0377372,-0.021995336,-0.0069584446,0.061476905,-0.021482613,-0.055048183,0.020565683,-0.06721835,-0.012121371,-0.03124005,0.012131977,-0.017579079,-0.0012434752,-0.18492155,-0.24553381,-0.13182238,-0.027921185,-1.0573772e-05,0.0,-0.061777007,-0.027136067,-0.015761185,-0.03570339,-0.09357118,0.0103845205,0.0065247146,-0.031853717,-0.044228736,-0.0025514744,-0.007108075,0.007832676,-0.001376457,-0.014977302,-0.0063397386,0.00034202664,0.008003278,0.005423414,0.00962116,-0.011291222,-0.031291198,-5.053689e-07
11910,-0.107067764,0.004962148,-0.117974795,-0.014627457,-0.017535137,0.008437488,0.0085699875,-0.031628847,0.30018094,0.028911041,0.038543906,-0.021573842,-0.061539408,-0.0037080445,0.05294537,0.008250645,-0.08646401,-0.022313444,0.023066746,-0.03213163,-0.048540063,0.0051472373,0.007525337,-0.053987287,-0.050776683,-0.027977126,-0.037375808,-0.036561336,0.07362013,-0.14346525,-0.17563947,-0.123437695,-0.023031443,-1.0573772e-05,0.0,0.0683711,0.065779746,0.0012231524,0.19093066,-0.053220566,-0.03987748,-0.0008002665,-0.051984545,-0.038061053,-0.015311378,-0.018205456,0.009850256,-0.0013653842,-0.03106317,-0.014020912,0.00024706143,-0.0078130085,-0.019976635,0.01049653,0.007756885,0.03698335,-5.053689e-07
20377,-0.010425491,-0.07526037,-0.16916703,-3.3426564e-05,-0.0037121729,0.0021805062,0.00033232933,-0.005914643,-0.0038330615,-0.042014763,-0.11137949,-0.029223494,-0.10579484,0.012240178,0.050796796,0.052352335,0.08207004,0.08357512,-0.023886878,0.021936487,-0.06005901,0.037288167,0.0023759608,0.0709142,0.012521387,-0.011188798,0.1447151,-0.08991382,-0.00840034,-0.1411684,-0.19821577,-0.10249043,-0.025991926,-1.2898648e-05,0.0,-0.053712685,-0.025382062,-0.048440304,-0.026694179,-0.10764688,-0.056073837,0.0052682683,-0.013564682,-0.15440293,0.04675147,-0.0042338255,0.0047855587,-0.0013653842,0.014316652,0.032080144,0.00057086465,0.010051413,-0.003366584,0.008449354,0.026849175,0.10008576,1.3570953e-05
1943,0.021865608,0.001975198,-0.22197689,0.0004123443,0.010369276,0.0041865706,0.0013879342,-0.0011639015,-0.12151713,0.002994273,-0.008554187,-0.0007116629,-0.044607602,0.020775767,0.071436316,0.10659372,-0.069494784,-0.024221506,-0.008034432,0.002836468,-0.07859643,-0.025441468,0.0076855086,-0.055753317,-0.050469913,0.015532177,0.020530924,-0.021944823,-0.018936425,-0.17164212,-0.20255607,-0.12987095,-0.0263572,-1.0573772e-05,0.0,-0.04397645,-0.02855974,-0.033905774,0.18651679,0.109538026,0.06983048,0.006481855,0.12945807,0.028884688,-0.031248556,-0.021633552,-0.013548667,-0.001376457,0.038881954,0.014267613,-0.0035385161,-0.0075817257,0.0045742076,0.008363517,0.010973485,0.042309094,-5.053689e-07
21673,0.0051093297,-0.012674132,1.0849191,0.0024203965,0.01919947,0.0034580668,-0.0018192326,-0.001533774,-0.053418785,-0.009132156,0.008268315,0.003096033,-0.035351865,0.013723652,-0.01840092,0.0058043497,0.0011571927,-0.017667856,0.008084188,0.046363775,0.03496924,0.048099108,0.02714281,0.021444539,0.014913601,0.027098361,0.056709718,0.008019283,0.031084174,0.2565561,0.5021833,0.06132302,0.047642626,-1.0573772e-05,0.0,-0.026845545,-0.009884085,-0.028138332,-0.07043644,-0.0058297124,-0.003913528,0.008080317,-0.037879206,-0.0147878295,0.021297282,0.013644852,0.011510031,0.02653115,-0.012108865,-0.0044852593,-0.0038914972,0.007448885,0.005228339,0.011107415,-0.018254213,-0.034719184,2.2955937e-05
15334,-0.0918344,0.009193715,-0.10603217,0.001273366,-0.07006749,-0.018910304,-0.038160946,-0.005724999,0.19869834,-0.0118220365,-0.05321571,-0.01812294,0.050511394,-0.03014374,0.0472475,0.07284681,0.14633147,0.061373163,0.052129053,-0.011356628,-0.081907384,-0.02053208,0.0072964625,-0.04539432,-0.05490368,-0.06649456,0.032431543,-0.043868072,-0.017316235,-0.14042732,-0.17658004,-0.10424512,-0.0192314,-1.1933477e-05,0.0,-0.04293777,0.038987733,-0.002744375,-0.018091833,0.12754716,0.0857302,-0.002263221,-0.06024717,0.02254466,0.022356309,-0.010262182,0.009371134,-0.0016210396,-0.015492712,-0.0057918103,2.600324e-05,0.010089409,0.008057882,0.009908796,-0.008209845,-0.019178553,1.3570953e-05
19505,-0.008429969,0.023745075,-0.18602464,-0.011902215,-0.03909684,-0.014956661,-0.029484672,9.098428e-05,0.18413989,0.01205339,-0.057059634,-0.011845789,0.041043606,-0.016822232,0.033398062,0.093683906,0.14031291,0.06452575,0.044952884,0.0704701,-0.114317976,-0.0032407315,0.010912594,-0.04896286,-0.05290699,-0.06674559,0.06776555,-0.026660278,-0.019783337,-0.1421607,-0.1646285,-0.09669975,-0.022088137,-1.1933477e-05,0.0,-0.06482561,0.028789913,-0.013960429,-0.05879065,0.0704627,0.05327757,-0.002140307,0.009937167,0.037817337,0.0009003999,-0.008066867,0.02502318,-0.001376457,-0.01481278,-0.0057918103,-0.002947962,-0.0070324806,0.0035221498,0.010620642,-0.005606592,-0.012909,1.3570953e-05
4970,0.00026041816,0.002805225,-0.2016866,0.0022245555,0.010509386,0.003793061,0.002811701,-0.0010188364,-0.047064804,0.010558169,-0.0020877407,-0.01970466,-0.053573426,-0.008976423,0.024932805,0.08489753,-0.059230745,0.007679288,-0.013243275,-0.04015073,-0.062052682,-0.0057484983,0.011527291,-0.048826937,-0.056413896,-0.025535176,-0.036758818,-0.038183592,0.008041309,-0.17103316,-0.22075632,-0.13797988,-0.024665028,-1.2898648e-05,0.0,0.062181763,-0.021983828,-0.017708145,-0.058458757,0.098657794,-0.042506434,-0.0013187269,-0.041433144,0.028862417,-0.047294308,-0.017332895,-0.02714401,-0.001376457,-0.026314378,-0.011775777,0.00066244643,0.010248425,0.0047231745,0.010638717,0.004647611,0.013077224,1.3570953e-05
2553,0.20526287,-0.017555946,-0.20369351,0.0018223957,0.01036135,0.00504011,-0.0017758594,-0.0041470286,-0.008294212,0.0076664938,-0.012425831,0.010103892,-0.06044398,-0.0023338122,0.05228049,0.101242684,0.025126588,-0.04288618,0.031979036,0.052984927,0.0337468,0.030424476,0.020796183,0.0117193125,-0.0026646368,-0.036558416,0.011445948,-0.031089393,-0.011848161,-0.14775157,-0.18195339,-0.09960864,-0.026887031,-1.2898648e-05,0.0,0.0007810464,-0.01451686,-0.028090768,-0.060012,-0.10874321,0.0779806,-0.002114373,0.05328432,-0.024170985,-0.03398366,0.0035575605,-0.014683379,-0.001376457,-0.027574014,-0.008091953,0.0038521332,-0.008249918,-0.025540913,0.010285862,0.019892287,0.030217651,-5.053689e-07
28362,-0.06386474,0.014822526,-0.08158208,0.0056597744,-0.0034537185,0.0021724612,0.009103548,0.009709081,0.120561264,0.007791948,0.005472107,-0.009408863,0.03800151,-0.011905761,-0.1099281,-0.04717182,-0.2798826,-0.04464987,-0.0010044946,-0.071846664,-0.053466525,-0.015989197,0.0054603284,-0.050662182,-0.11600879,-0.07023731,-0.07658337,-0.030535456,-0.007739446,-0.16058138,-0.20031962,-0.1421694,-0.021958495,-1.0573772e-05,0.0,0.086541586,0.019039396,0.011403808,-0.036711045,0.030749854,-0.04231973,0.0026386376,-0.04920726,0.0076135197,0.06882799,-0.02138287,-0.023500998,-0.0013653842,-0.023174059,-0.009775344,-0.0023218375,-0.010529707,0.0066062203,0.01031557,0.01691902,0.039798148,1.3570953e-05
18099,0.05534463,0.051708493,-0.2507491,-0.025793388,0.013813487,-0.0007194588,0.010530386,-0.012456337,0.053473655,-0.01296273,0.00010317784,0.046651267,-0.078607075,0.01442955,-0.1742738,0.07264546,-0.0024664758,-0.023514342,0.002406958,0.009768355,0.04719472,0.011508989,0.011140568,-0.039711084,-0.05792989,-0.27917922,-0.05505824,-0.0618653,0.06756038,0.26749128,0.35642442,0.39820006,-0.103350714,-1.2898648e-05,0.0,-0.042325333,0.011719352,-0.023448836,0.06187678,-0.12365973,-0.01745427,0.019201538,-0.021855066,0.12765883,0.014632245,-0.023577416,0.08180937,-0.0015818586,0.04668044,0.0207793,0.00093204714,-0.0044232416,0.028962221,0.006070018,0.00017137415,0.03032945,-0.000534562
13927,0.031249927,0.02280168,-0.21717326,0.0023108155,0.009581722,0.007786377,0.00138252,-0.001933761,-0.03812495,0.015444048,0.004926092,-0.0012559935,-0.03536524,-0.0054996884,0.043651424,0.10296466,0.0749588,-0.048992667,0.03909075,0.08372642,-0.05242473,-0.00067581376,0.018946977,-0.053233292,-0.052432783,0.013861576,0.0346468,-0.036484294,-0.0115016885,-0.14674637,-0.17125243,-0.12965347,-0.025185471,-1.0573772e-05,0.0,0.0038062232,-0.016061818,-0.0055348394,-0.021319311,0.11106973,0.10314472,-0.0012772713,0.07436581,-0.03316198,-0.027767306,-0.016958639,-0.023575505,-0.001376457,0.0288397,0.012800511,0.000508155,-0.006962792,-0.025597647,0.009257738,-0.010174173,-0.03621573,-5.053689e-07
8081,-0.1263963,-0.019198492,-0.23643978,-0.00016208415,0.008264139,0.003456502,0.0014985681,-0.0024067448,-0.13303052,-0.0350801,0.0018824581,0.00036415592,-0.053257566,0.019955335,0.018026806,-0.025332533,-0.03185388,-0.033434495,-0.005083275,0.05343343,-0.090594456,-0.07279418,0.021183986,-0.0820399,-0.012727223,-0.027152823,-0.06862621,0.07054114,0.023047443,-0.18761633,-0.24098992,-0.13019024,-0.027873106,-1.0573772e-05,0.0,-0.07793586,-0.0305455,-0.04347614,-0.08174198,-0.033993237,0.018235097,0.0065130955,-0.045067925,-0.046123933,-0.06482332,-0.021583484,-0.021355174,-0.001376457,0.039665863,0.021290883,0.0018954241,-0.005540775,-0.00886667,0.007623681,0.013473709,0.040312648,-4.2372103e-06
14032,0.21017624,-0.02648712,-0.21222034,0.0023755138,0.011956105,0.007386667,-0.0017780839,-0.0041470286,-0.014599415,0.015102644,0.004449032,-0.00031242747,-0.06214079,0.001405125,0.04134734,0.10505696,0.06545304,-0.040516324,0.04180422,0.052067794,-0.009968022,0.0021232644,0.020066058,-0.0020324078,-0.013721139,-0.03957424,0.033772416,-0.040799502,-0.012657093,-0.14394376,-0.16546433,-0.106091686,-0.023668127,-1.2898648e-05,0.0,0.029505553,-0.014857661,-0.009501836,-0.051247146,0.07527496,0.08970013,-0.0021545636,0.051681735,-0.029233156,-0.041939415,0.003919441,-0.013592419,-0.001376457,-0.027512569,-0.010807177,0.0038521332,0.0048644645,0.0049350807,0.009274888,0.021511214,0.028253492,-5.053689e-07
29215,0.10567458,-0.052759867,-0.17392159,0.014912483,0.031906057,0.0074205664,-0.0010914243,-0.003508361,0.07019486,-0.0027942725,-0.014037265,-4.3234264e-05,-0.028669545,0.008304936,0.03808282,0.08060363,-0.055328514,-0.06142052,0.0012418617,-0.017272659,0.028421406,-0.0003926548,0.0119715985,-0.035776824,-0.011492871,-0.19046518,-0.05645199,-0.02681063,0.0063690906,0.2758476,0.41412967,0.409695,0.04949117,-1.0573772e-05,0.0,0.0052790334,0.0062608076,-0.019884419,0.12316022,-0.075310454,-0.02976125,-0.002667076,-0.046670616,0.033135165,-0.022471573,-0.009193736,-0.003810544,-0.0012110719,0.020148482,0.021998925,-0.0046157986,-0.0056976094,-0.0026148877,0.009367937,-0.0034518857,-0.018121539,1.3570953e-05
25200,0.0915849,-0.04826634,-0.015643958,0.0019372755,-0.01701512,-0.012648051,-0.023321562,0.014484757,0.10681687,0.011224667,-0.06634118,-0.1445443,0.014256207,-0.0014488783,0.048247978,0.06792447,0.105936065,-0.045819588,0.04917611,0.06661952,-0.04840157,-0.0058398745,-0.14878428,-0.05392284,0.035011362,-0.005823005,-0.1022213,-0.11845223,-0.0067149606,0.17025034,-0.11894133,-0.19212982,0.0192083,-1.2898648e-05,0.0,-0.0026829897,0.042919975,0.010697235,0.16061047,-0.08545952,-0.056074068,-0.0018180304,-0.07241277,0.0019202405,-0.014883001,-0.01029556,-0.029300723,-0.0017156233,4.1394465e-05,-0.005691863,0.0022056298,0.008564197,0.0072994027,0.011560651,-0.022332866,-0.07445478,1.9378258e-05
14215,0.117004484,0.08874657,-0.095718525,0.0015991895,-0.055249117,-0.008673944,-0.025853373,0.0033646445,0.19644123,-0.017701264,-0.041737754,-0.016027551,0.093248956,-0.019060487,0.028847326,0.0841479,0.13994536,0.06576765,0.045034554,0.071352564,-0.045434523,0.027995592,0.0018813624,-0.030107016,-0.017570086,-0.03235993,0.04623789,-0.028632086,-0.012412857,-0.13250363,-0.16499558,-0.10108292,-0.024976218,-1.1933477e-05,0.0,-0.068267286,0.047102906,0.006080723,-0.032346822,0.08054215,0.047797836,-0.0023914147,-0.010382368,0.036318332,-0.021324392,-0.009251077,0.011263322,-0.001376457,-0.017370267,-0.0055923876,0.0009856103,-0.0063980613,-0.023881435,0.010774555,-0.014879103,-0.023890344,1.3570953e-05
3585,0.0005125806,-0.020684937,-0.23914781,-5.349672e-05,0.0071555073,0.0036475747,0.0027664676,-0.0036656978,-0.102407746,-0.004427195,0.021649528,0.0016962138,-0.041295752,0.016944464,-0.08394435,-0.009706665,-0.13171133,-0.02702159,-0.012900971,-0.09099572,-0.08672635,-0.0625898,0.017807262,-0.08896588,-0.09109805,-0.017422939,-0.048163593,-0.035285477,-0.011658537,-0.19290708,-0.24671367,-0.14009424,-0.027103845,-1.0573772e-05,0.0,-0.06952761,-0.030152218,0.0024681322,-0.05129346,-0.052415382,-0.054457802,0.00011839124,-0.07557809,0.021822583,-0.06809551,-0.032419078,0.00054021005,-0.0016210396,-0.026242288,-0.007857028,0.0002970876,-0.0102554625,-0.036028266,0.010544048,0.010880863,0.03652734,1.3570953e-05
19120,0.006357522,-0.002839503,-0.23721717,0.00069622585,0.008953039,0.004268108,0.0013779108,-0.0023448346,-0.1312554,0.0061167334,-0.009646473,-0.006549591,-0.040916927,0.019296465,0.048303626,-0.03271214,-0.05282204,-0.023817388,-0.008461492,0.0020580397,-0.076416135,-0.043893162,0.0139721725,-0.07102462,-0.046192832,-0.01306001,0.02054903,-0.022864835,-0.027250374,-0.19648018,-0.24139291,-0.13835867,-0.026068686,-1.0573772e-05,0.0,-0.049075346,-0.028445609,-0.025831843,0.0025304796,0.10003972,0.025782146,0.006481855,-0.040689588,-0.024746167,-0.028062535,-0.025313247,-0.026680369,-0.001376457,-0.021212794,-0.00563199,0.000508155,0.010830932,0.0051853918,0.009129767,-0.009778005,-0.027883682,-5.053689e-07
21246,0.2186901,0.0075923167,-0.18689531,0.004760088,0.00849403,0.0035951883,0.0030579264,-0.0029037786,-0.069774985,0.0040342556,0.004196743,-0.001197018,-0.035784554,-0.00032361466,-0.04629584,-0.058003683,-0.14441784,-0.09045945,-0.055626012,-0.10121831,-0.010102761,-0.04605663,0.011261455,-0.027330644,0.01044362,-0.013620092,-0.042083975,0.01588807,-0.017125003,-0.16429022,-0.20341417,-0.102103844,-0.027728677,-1.0573772e-05,0.0,-0.0028162617,-0.022349238,-0.05588964,-0.033884466,-0.11228259,-0.015425219,0.0031758305,-0.045119707,-0.055162344,0.050838176,0.0087476885,0.015400271,-0.0013653842,0.03506539,0.008528279,0.0023924115,-0.012602025,-0.058065876,0.0102373855,-0.014371101,-0.049916536,1.3570953e-05
22827,-0.07545418,-0.023945523,-0.21471414,-0.0010821334,0.016362742,-0.006964262,-0.017810099,0.002163983,-0.12414032,-0.06442122,-0.044583697,-0.018496659,0.090228565,-0.02972017,-0.024078665,0.11022228,0.03311758,0.054200727,0.04084826,0.057477973,-0.07317414,-0.019117687,0.0036309422,-0.049183067,0.027252857,0.04031278,-0.023411045,0.061174743,0.0060794847,-0.16344938,-0.21354641,-0.12386681,-0.027054114,-1.1933477e-05,0.0,-0.063367665,-0.034474313,-0.08216461,-0.055959098,-0.060254477,0.07772788,0.00034169276,-0.057462055,-0.0075533804,0.01799269,-0.00982787,0.019268015,-0.0016210396,-0.027428554,-0.009143116,-0.0027426109,-0.0052507245,0.0053788135,0.0071373763,0.0113755595,0.03821555,-4.2372103e-06
23099,-0.0777161,0.039324984,-0.27152625,0.00039801662,0.012085655,0.0039166007,0.0029765086,-0.0025989844,-0.15029989,-0.04482699,0.014674892,-0.01494512,-0.08504684,-0.022187743,-0.1431213,-0.14506139,-0.09969986,-0.051784486,-0.06530023,-0.05772481,0.0150969885,-0.039411508,0.017447563,-0.067943744,-0.036757577,0.039469067,-0.011655237,-0.04301882,-0.022607077,-0.18490869,-0.2431127,-0.13859284,-0.032696772,-1.0573772e-05,0.0,-0.070906736,-0.023870695,-0.023250818,0.128102,-0.07983184,-0.051432822,0.010446062,-0.045067795,-0.036429975,0.013809665,-0.015420942,-0.014931386,-0.0013653842,-0.028894512,-0.010550408,0.00018773331,0.013390752,0.005258515,0.008791868,-0.021473289,-0.0318088,5.1900215e-06
9515,-0.013975928,-0.07933154,-0.20914842,-0.00052211166,0.0030777962,0.002566709,0.0015022323,-0.0021496743,-0.052036393,-0.012919835,0.008026096,0.015441279,-0.07115804,0.02259796,-0.08912262,-0.034050647,-0.0047533666,-0.023866616,-0.002623327,-0.039820068,0.021110063,0.16480947,0.012626187,0.19015327,0.01876802,-0.010683233,-0.021756273,0.10863429,0.027021507,-0.13287142,-0.19755779,-0.118799105,-0.02958498,-1.0573772e-05,0.0,0.020019447,-0.01300758,0.004761132,-0.017318536,0.03535448,-0.01848466,-0.001188567,-0.04176099,-0.00439116,0.013864149,0.035738856,-0.01479612,-0.0016210396,0.03419373,0.022146564,-0.0025534877,-0.017276082,0.0059727235,0.0035036237,-0.011736217,-0.050531782,1.4581801e-06
7442,0.006133227,-0.0006320779,-0.2214187,0.0014094935,0.028464282,0.00088568084,0.00033041442,0.00920708,-0.12060185,0.007238855,0.055408105,-0.0018142501,0.01052523,-0.02162524,-0.06465591,-0.048479524,-0.10408963,-0.04255901,-0.024960268,-0.027018327,-0.0811573,-0.07202285,-0.012327194,-0.067851156,0.0076188175,-0.017848603,0.17286864,-0.0047433204,-0.20208658,-0.17767367,-0.20977189,-0.1410283,-0.02837331,-1.0573772e-05,0.0,0.057280026,-0.031070799,-0.026021156,-0.07316457,-0.06032767,-0.04083154,0.00033247695,-0.05342644,-0.01958959,0.022371173,-0.020218989,-0.017249525,-0.0016210396,0.029801205,0.00892837,0.00040654145,0.018446323,0.011085616,0.008732903,0.013198497,0.07511332,-4.2372103e-06
13533,-0.091356575,-0.02521963,-0.23008102,0.0004859517,0.011192993,0.0045353817,0.002782204,-0.00034025824,-0.08667801,-0.038605478,0.03861181,0.0032168536,-0.020172488,0.0036067087,-0.07606093,-0.17115153,-0.054728594,-0.09758107,-0.034674693,-0.049441207,0.031460196,0.15904486,-0.023636658,0.067822516,-0.09947968,-0.09535885,0.12074876,0.040355876,-0.012611314,-0.1572914,-0.20585983,-0.13817675,-0.028532784,-1.0573772e-05,0.0,0.052332297,-0.011374585,-0.01500759,-0.04632216,-0.024241796,0.007478746,-0.00026615558,-0.014423847,0.0012185957,-0.04245446,0.01562401,-0.013122577,-0.0016210396,-0.03281889,-0.013552979,0.00014279611,0.015861142,0.0036209896,0.010306125,-0.010212034,-0.011462387,5.1900215e-06
20935,-0.17156829,0.03405852,-0.1900328,0.002438388,-0.013501434,0.00053612114,0.0008526243,0.0016408729,-0.11452056,-0.024057811,-0.0046610227,0.026329644,-0.08809031,-0.04195971,-0.09260986,-0.38854024,-0.042350363,-0.0053081554,0.026273094,0.07932674,-0.09624399,-0.057047218,0.022543501,-0.11485354,-0.03302352,-0.0035324304,-0.0725524,-0.08599534,-0.011683604,-0.1533087,-0.20229971,-0.10411476,-0.027705938,-1.0573772e-05,0.0,-0.083917454,-0.026500452,-0.024313701,-0.022562636,-0.054779846,-0.15260229,0.0017437882,-0.015622774,0.049298324,0.045775082,-0.05444244,-0.01793068,-0.0013653842,0.004763171,0.0035924483,-0.003368002,-0.0063080774,0.009122165,0.0073365513,0.025497062,0.075567774,-5.053689e-07
27239,0.026686314,0.023121284,-0.36986217,-0.006258258,0.025180953,0.0039050234,0.0018291026,-0.0039076223,-0.012344677,0.002368348,-0.017850906,0.0025897082,-0.045167457,0.009767192,-0.11793431,0.07683353,-0.041832354,-0.045519322,-0.0061067436,-0.05072922,-0.067110434,-0.019962214,0.01818106,-0.0469278,-0.006378647,0.07496964,-0.026832215,-0.0223061,0.029817931,0.22895963,0.39533103,-0.07131102,-0.08449772,-1.2898648e-05,0.0,-0.039049122,-0.0057292245,-0.018116895,0.17623629,-0.11202293,-0.032431606,-0.014460862,-0.04378557,-0.03340621,0.030028427,-0.027603492,-0.013382915,-0.005922408,0.022883594,0.005524235,8.440111e-08,-0.007180481,-0.025564453,0.0095516965,-0.01308174,-0.026899857,-5.053689e-07
25231,0.21231088,-0.017835412,-0.21291217,0.001316863,0.008723451,0.0042063836,0.0010324683,-0.0045525967,-0.078154944,0.004769998,-0.015066301,-0.0015470393,-0.03851414,0.018450323,0.04718168,-0.033454876,-0.033443928,-0.02346631,-0.008146135,-0.009508276,0.049213476,0.031067945,0.010898035,0.021107132,0.03034306,0.07682782,0.022644343,-0.023122877,-0.024900908,-0.17678301,-0.21561848,-0.12261004,-0.027785018,-1.0573772e-05,0.0,-0.03939393,-0.020030862,-0.030119646,0.13463035,0.14636455,0.034506127,0.0021025587,-0.03411949,-0.019345561,-0.035062842,0.015297155,-0.007730837,-0.001376457,-0.019007001,-0.007237719,-0.01811429,-0.009791486,0.0047637317,0.008100521,-0.014429367,-0.026691917,-5.053689e-07
11101,-0.030872533,-0.04038162,-0.20593886,0.00014695087,0.00031736388,0.0034759662,0.002197022,-0.002454477,-0.07631692,-0.03287877,0.028779237,-0.0046891104,-0.06783956,0.017552415,0.0540531,-0.045759764,0.022093842,-0.018878898,-0.010684401,-0.033489432,0.023474159,0.16410261,0.011262113,0.19774584,-0.020253742,-0.02233894,0.0054431465,0.10430699,0.02586376,-0.14670368,-0.1964558,-0.12370265,-0.027206779,-1.0573772e-05,0.0,-0.031416003,-0.017730037,-0.0040021273,-0.03900326,-0.08210106,-0.016379273,0.0053239223,-0.032223783,0.0508864,0.04413719,0.03685519,0.0075827823,-0.0013653842,0.028852183,0.018907716,0.00034202664,0.016743133,-0.00033284677,0.009623527,-0.015963603,-0.05199804,1.9266343e-05
23271,0.12730575,0.0066561545,-0.2076229,-0.00033039186,0.0062966077,0.0035114232,0.0017262328,-0.004208609,-0.10478609,-0.02540041,0.026183287,0.013871111,-0.05337569,0.017830811,0.010903009,-0.011833058,0.0012615398,-0.027696017,-0.015569135,-0.02750981,0.05632289,0.1779665,0.016830374,0.06933495,0.03412918,-0.0027392788,-0.006197007,0.11264888,-0.006454402,-0.14711964,-0.20060413,-0.109003335,-0.028544962,-1.0573772e-05,0.0,-0.05886664,-0.018393464,-0.019075539,-0.067414284,-0.045228977,0.0075962003,0.0023258307,-0.036090776,-0.047746994,-0.004984876,0.019693833,0.01642666,-0.0016210396,-0.02495159,-0.008225839,0.0022987358,-0.015736397,-0.019110013,0.0077057304,-0.013119868,-0.03650621,1.4581801e-06
16247,0.09991643,0.0063555506,-0.28180033,-0.010282815,0.02017537,0.0018464916,0.008421693,-0.0037796278,-0.048060924,0.009320308,0.0026878102,0.004527066,-0.0486076,0.020879123,-0.052333213,0.065691665,-0.02170536,0.027933855,-0.010660387,0.07788006,0.022590427,0.05604777,-0.0396103,0.0008080826,0.023236863,0.09013255,0.008042064,-0.034021635,-0.024269968,0.27486297,0.4019348,0.4453792,-0.09183557,8.877918e-05,0.0,-0.027276896,-0.012326112,-0.010229658,0.13537638,0.042646646,-0.023288993,0.0067806533,-0.043960594,-0.047443006,0.009691016,0.009125518,-0.004866071,-0.0015818586,-0.029699627,-0.010246647,0.0005002587,0.0042026043,0.001600755,0.007947348,0.01359378,0.010669196,-5.053689e-07
15143,0.15968087,-0.024081448,-0.2244601,0.0011695068,0.0071776346,0.003552245,-0.0017718594,-0.0039396286,-0.090198316,-0.004702991,-0.013217611,0.002795667,-0.030275036,-0.02440476,0.030716188,-0.023385797,-0.03158034,-0.026066909,0.03783872,0.05883982,0.052995227,0.1743156,-0.007239717,0.052901685,0.06161237,-0.0028125357,0.011054849,-0.04815497,-0.027435306,-0.14109243,-0.19028084,-0.10032208,-0.028620783,-1.0573772e-05,0.0,0.002047173,-0.017319832,-0.052966043,-0.040035687,-0.095018096,0.053280734,0.007441791,-0.040064253,-0.023859685,-0.010765312,0.009658274,-0.033397164,-0.001376457,-0.018738886,-0.018891994,0.0022987358,-0.010512926,-0.017344171,0.008699549,-0.009854226,-0.04752169,-4.2372103e-06
7454,0.14455321,0.014058599,-0.04762122,0.0032156953,0.004806431,-0.010908337,-0.034719504,0.0015034375,0.1502755,-0.016536586,-0.042226397,-0.02263804,0.12525608,-0.019763978,0.027730986,0.0813011,0.12813272,0.0659256,0.04432179,0.069363646,-0.031920206,0.026762094,0.003843199,-0.03428838,-0.041448686,-0.006913774,-0.06651962,-0.030040398,-0.012546884,-0.13401961,-0.16041057,-0.09806895,-0.019626614,-1.1933477e-05,0.0,-0.07432402,0.034361873,-0.015672628,-0.027859727,0.084605545,0.059692707,-0.002196787,0.05249889,-0.0065162564,-0.048534814,-0.010664466,-0.05879368,-0.001376457,-0.021695526,-0.007905119,-0.005679219,-0.004135053,0.004617629,0.008626687,0.02300299,0.034756918,-5.053689e-07
13305,-0.14789294,-0.027033113,-0.24914287,0.00029438717,0.0033043511,0.0028372523,0.0017155862,-0.0027093922,-0.14933953,-0.04670438,0.0048663532,-0.0014123549,-0.09878631,0.014558447,-0.092416994,-0.12565452,-0.09553219,-0.05214243,-0.007934801,-0.041905858,-0.12861626,-0.05984282,0.02062308,-0.11229921,-0.04463934,-0.017214594,-0.043206725,-0.069066435,-0.04493715,-0.18603468,-0.23856743,-0.12867883,-0.02945962,-1.0573772e-05,0.0,-0.09475911,-0.027341122,-0.044165965,-0.12496646,-0.038798135,0.01307772,-0.005605026,-0.035673585,-0.0057732044,0.029950464,-0.05373402,-0.03903474,-0.0013653842,-0.011587628,-0.007920708,-0.002986935,-0.013115742,0.0061395955,0.007942405,-0.019890234,-0.04118897,-5.053689e-07
28590,-0.1832284,0.011341519,-0.15056764,0.0056287907,0.010283173,0.0045502465,0.0059726774,-0.01580408,0.06700851,0.0057442035,0.008151933,0.0056654625,-0.10060437,-0.0009878923,-0.075668626,-0.051176753,-0.12636618,0.10102635,-0.02526575,-0.07158744,-0.057687867,-0.0046401597,0.027184684,-0.06582953,-0.004676222,0.026582176,-0.124772646,-0.039670356,0.07350791,-0.15376902,-0.2066778,-0.10587604,-0.030061675,-1.0573772e-05,0.0,-0.07856671,0.020301042,-0.0037079144,0.08711698,-0.0032951902,-0.07589631,-0.03918486,-0.015769726,-0.010598563,0.101951934,-0.032655306,0.006682031,-0.0013653842,-0.023815667,0.0036686598,-0.0033979039,-0.01565945,-0.09827435,0.010019452,0.030631995,0.054268327,1.9378258e-05
5957,-0.160029,0.02951894,-0.14068365,0.004465795,-0.00503652,0.0063655362,0.001465523,0.0020564774,-0.11107996,0.0055694995,6.5400265e-05,0.048214965,-0.04588489,-0.028340638,-0.1880292,-0.05055945,-0.05119338,-0.08639716,-0.020574225,-0.054450218,-0.07860642,-0.11648862,-0.003412289,-0.13097842,-0.030720402,-0.0060918513,0.20584828,-0.1555204,0.0022406494,-0.15568642,-0.20953105,-0.11393444,-0.027016154,-1.0573772e-05,0.0,-0.077151455,-0.026128849,-0.058389742,-0.09855148,-0.096291356,-0.07368489,-0.00288565,0.008437372,0.030933501,0.1433796,-0.047571175,-0.01190681,-0.0013653842,-0.013184937,-0.022327054,-0.0029089567,-0.011418566,0.0043695513,0.008604836,0.024951952,0.09514718,5.3019357e-06
17103,0.060837135,-0.020605931,-0.35349873,-0.0024517868,0.008791405,0.0038101461,0.009161798,-0.004615135,-0.06295297,-0.010547364,0.0025666987,0.007050912,-0.051153615,0.035885125,0.0009575003,-0.008543686,-0.032714106,0.033415962,-0.0051360214,-0.024790898,0.043441217,0.035162833,0.015241785,0.02451722,0.018765822,-0.032043952,0.012076718,-0.033920627,-0.028174585,0.2474625,0.34720623,-0.06011462,-0.07666807,-7.922725e-06,0.0,-0.034335345,-0.013716713,-0.006343201,-0.03319361,0.12639157,-0.019918634,0.007890009,-0.020802958,-0.05072642,0.011842449,0.018445209,-0.011916294,-0.0075340164,-0.015747458,-0.0021312775,0.0005900372,0.009898487,0.0052689705,0.008098904,-0.012407669,-0.01914879,-5.053689e-07
25046,-0.018808007,-0.0028534702,-0.21375792,-0.0009881483,0.0060991077,0.0026633164,0.0014523393,-0.0022987975,-0.05846745,-0.006688748,0.01205558,0.015096884,-0.06636669,0.020281233,-0.007937068,-0.0122886775,0.021856232,-0.014574473,4.8435704e-06,-0.027478712,0.001294141,0.17485154,0.013167877,0.19556277,0.029321358,0.0017075301,-0.04306446,-0.008254504,0.018114464,-0.1465863,-0.19687726,-0.121308185,-0.029633876,-1.0573772e-05,0.0,-0.042331934,-0.015880547,-0.0064120498,-0.0463148,-0.0039042537,-0.021875149,0.005292529,-0.041675355,-0.037356038,-0.10944183,0.031930353,0.01438346,-0.0016210396,0.053932905,0.022394635,0.0018954241,0.014263907,0.0022198127,0.0038676003,0.014336827,0.046238843,1.4581801e-06
11427,0.10612958,0.085589096,-0.11752015,-0.039102785,-0.02793004,-0.006893203,-0.014911837,0.020488147,-0.009120836,0.021086767,-0.016792074,-0.06982407,-0.017383715,-0.008729391,0.07049063,0.07290399,0.075919285,0.03869254,0.03217528,-0.056824062,0.010605305,0.055452995,-0.07295626,0.1084393,0.12790908,0.050690405,0.060874406,0.14885108,0.015758073,-0.11472723,-0.17351833,-0.08069651,-0.027780332,-1.1933477e-05,0.0,-0.008355317,-0.025827821,-0.03269972,-0.06901611,-0.01685775,-0.042230356,-0.00027572314,-0.022801576,-0.068634726,0.12673655,0.02108922,0.026523663,-0.0013653842,0.027442597,0.006317532,0.007879876,0.00918732,-0.003115701,0.0068057836,0.017318962,0.054133937,2.1457317e-06
23659,-0.053804222,0.0036036982,-0.3449206,-0.0043533826,0.010654853,0.0017700854,0.0074679954,0.0094173625,-0.07194272,0.008641556,-0.0126676895,-0.025726344,0.05523712,-0.012222597,0.03720947,-0.003882161,-0.03408909,0.049239404,0.0052548787,-0.03568445,-0.05947874,-0.0030318263,0.0056620706,-0.046193715,0.007927542,-0.030549275,-0.051269308,-0.043633997,-0.1067148,0.2924154,0.38693348,0.15385655,-0.058054704,-7.922725e-06,0.0,0.032272235,-0.018501595,-0.036032952,-0.040792275,-0.0770722,-0.007994288,-0.0012777644,-0.040786393,0.023566991,-0.0050451746,-0.023987807,-0.024218246,-0.0058222166,-0.018501613,-0.0098035075,0.00015437773,0.00999883,0.008547263,0.011238166,-0.017864436,-0.04118249,1.3570953e-05
22468,0.02696393,0.06588687,-0.08165167,0.0038882112,-0.0014143081,-0.00078002235,0.0064875456,0.03589764,0.11128386,0.029061198,0.013975566,-0.015678896,0.030026065,-0.0118718855,0.038540702,-0.0908856,-0.06171037,0.060748447,-0.024474086,-0.04974233,-0.04658715,-0.012023606,0.028537014,-0.04376088,-0.00839804,-0.011852171,-0.010516466,-0.031415474,0.093121365,-0.15683495,-0.19848338,-0.12544008,-0.02645061,-7.922725e-06,0.0,0.07143835,0.019420091,0.0052422327,-0.030595824,0.09079569,-0.035494987,-0.0006427759,-0.06690252,-0.072175644,0.0571575,-0.013465624,-0.010266921,-0.0013653842,-0.019455124,-0.010069372,0.00046089443,0.007321559,0.0050275084,0.009594702,0.022542853,0.051661927,-5.053689e-07
14606,0.20572756,-0.037178278,-0.20180401,0.0007636427,0.013030959,0.012858885,-0.0015644182,-0.0032666968,0.021374784,0.00097377866,-0.029123705,-0.0069051227,-0.006324849,0.0055094836,0.0033060117,-0.020734346,0.025380366,-0.03468278,0.02485489,0.025703648,-0.016049244,0.04493559,-0.01473761,0.012079031,-0.05963693,-0.11592678,0.010517697,-0.037590154,-0.0049508936,-0.1555754,-0.18219063,-0.104184136,-0.030288849,-1.0573772e-05,0.0,0.029441455,0.0066785165,-0.023855176,0.12947501,-0.1106594,0.056427065,-0.0021055534,-0.05082994,-0.021589078,0.015003846,0.0056475843,-0.03934812,-0.001376457,0.025995834,0.01943383,0.0024845377,-0.010524972,-0.017019827,0.009543015,-0.017425127,-0.06870871,-5.053689e-07
3060,-0.0675606,-0.037274193,-0.22020496,0.0017701612,0.008363935,0.0007278436,-0.00043948443,0.0068882923,-0.14052027,-0.0036894043,0.004880057,0.024016084,0.034574844,-0.024113553,0.027868364,-0.0119009735,-0.058973245,0.01425545,0.022339394,0.043845944,-0.07170081,-0.07112635,-0.0042426963,-0.098046996,-0.015219495,-0.013721517,-0.046726506,-0.040133175,0.06256895,-0.16966882,-0.22378339,-0.12768531,-0.024503283,-7.922725e-06,0.0,-0.0052167494,-0.04201347,-0.036620468,-0.101023674,-0.07225919,0.015309602,0.0020736528,-0.056031294,-0.04821409,0.030287324,-0.025171252,-0.036854055,-0.0013653842,0.016776275,0.009596812,-0.0025534877,-0.0074268323,0.00967535,0.010901883,-0.017500248,-0.06664522,-5.053689e-07
24729,-0.05311994,0.015200567,-0.23578748,0.0009755811,0.0029500248,0.0037120879,0.0028906297,-0.0011289255,-0.101727314,-0.046934023,0.023228617,-0.0015774748,-0.07222122,-0.03771104,-0.016375622,-0.06669425,-0.083525226,0.11679711,-0.0420126,-0.035019197,0.014800758,0.02584478,0.018903812,-0.037890784,-0.054328814,0.026414009,-0.017538609,0.12196757,0.004057259,-0.19495282,-0.23983887,-0.14057557,-0.03154468,-1.0573772e-05,0.0,-0.030623293,-0.013456999,-0.005928223,0.09922906,-0.0354292,-0.049119387,0.0075455634,-0.04398375,-0.0014034412,0.06299065,0.006605114,-0.010783924,-0.0013653842,0.055458557,0.018410962,0.00036621443,0.010879495,0.00910991,0.010339494,0.023274038,0.041884817,1.9266343e-05
4503,0.03859346,-0.021920824,-0.2440318,0.0053903037,0.005402902,0.003493006,0.0013471461,-0.002986631,-0.056198098,-0.021461591,0.02041431,0.017482856,-0.06783145,0.029947687,0.047453318,-0.009410739,-0.007467791,-0.020364212,-0.009788356,-0.029111201,0.02905686,0.056183398,0.022236574,0.13067098,-0.055831507,-0.038755514,0.11683511,0.112462096,0.022896312,0.19833077,0.34601527,0.03437729,0.039343636,-1.0573772e-05,0.0,-0.03400517,-0.01616497,-0.020275641,-0.09599655,-0.032543287,-0.006903789,-0.0007896918,-0.013349526,0.015191856,-0.031003876,0.022461817,-0.0042620506,0.014885308,-0.018452045,-0.0033663928,0.0019189165,0.0030741643,-0.0018417474,0.009900539,0.0172562,0.038265098,7.841122e-06
17252,0.12515223,-0.0009619228,-0.22489487,0.009865895,0.015013162,0.0038998835,0.0033128702,-0.0049396376,-0.0009667403,-0.009874421,-0.007898066,0.006638773,-0.05284927,-0.024714775,0.03420049,-0.0020201907,-0.002496424,0.04123814,-0.0059149927,0.060521726,0.040263556,0.027374158,0.01671123,0.009268446,0.036124337,-0.052543048,0.024603961,0.077948034,-0.0014640789,0.23171772,0.3761133,0.2887436,0.03195507,-7.922725e-06,0.0,0.01278833,-0.008548644,-0.04236777,-0.08304774,-0.05318804,0.012046656,0.001061599,-0.04767692,-0.016144212,0.016878754,0.008204251,-0.010342339,-0.00375652,-0.028739847,-0.008308185,0.0006976321,-0.004782663,-0.019670459,0.010962314,0.013052472,0.0307031,-5.053689e-07
25497,-0.11866477,-0.031064115,-0.24978,-0.0052638357,-0.0018191306,0.0030425799,0.0018409827,-0.0002796268,-0.12772103,-0.056251913,0.024122428,0.043786924,-0.12499224,0.01786254,-0.027219407,-0.047207717,-0.12229988,-0.05078304,-0.0035912516,-0.043100223,-0.09711625,-0.063484535,-0.015657734,-0.11067624,-0.103341125,-0.029446928,0.14095744,0.07777079,0.013778575,-0.18719003,-0.2447265,-0.1357104,-0.029582117,-1.0573772e-05,0.0,-0.05749947,-0.027454656,-0.022445325,-0.042468928,-0.03823629,-0.030192055,0.01114353,-0.06117432,0.0142387105,0.01209304,-0.047168244,0.0041561807,-0.0016210396,-0.015138018,-0.011589328,0.0002325728,-0.013074358,-0.042440593,0.010515088,-0.008827482,-0.024975039,1.9266343e-05
7155,0.052237824,-0.031482812,0.9798025,0.0062762364,0.031164596,0.0036641408,0.013885386,-0.00043354224,-0.038141076,0.009271965,-0.014874884,0.0053730495,-0.06338045,0.023536908,-0.0061386144,0.056894872,-0.0067310575,-0.021328213,0.036604468,-0.033487216,-0.0054672887,0.017262254,0.025595142,-0.0067352206,0.0052780695,0.05924616,0.038830444,-0.019787906,-0.007563133,0.3260455,0.5930467,0.45987853,0.049649324,-1.2898648e-05,0.0,-0.030613929,-0.007987956,-0.0050900914,0.15778284,-0.052340835,-0.005714761,0.005875033,-0.047827907,-0.022123726,0.004842557,-0.00981712,0.0006020784,-0.0014632588,-0.017060542,-0.0066661974,-0.0027183255,-0.0064041116,-0.027821442,0.010760668,0.019545533,0.022659468,5.946376e-05
28627,-0.013794749,-0.022935448,-0.20599307,0.0020531374,0.009879378,0.003337377,0.00015605151,0.00917693,-0.066260345,-0.012740402,-0.020055033,-0.001531403,-0.031344406,-0.016636573,0.044350397,-0.018816797,-0.06053748,-0.097207256,-0.014970339,-0.035634026,-0.084719636,-0.075145625,0.017450733,-0.085080095,-0.0105283065,-0.014056086,-0.04354167,-0.0014724034,-0.06956045,-0.18910313,-0.24891974,-0.12810203,-0.024787394,-1.0573772e-05,0.0,-0.008293688,-0.024345288,-0.014777639,-0.023904212,-0.11156943,-0.051610045,0.004776944,-0.04675868,0.0012008393,0.024741083,-0.019125616,-0.024488546,-0.0013653842,-0.01741141,-0.009580107,0.0004357022,0.013400871,0.012046243,0.010344678,-0.01123856,-0.029520484,1.3570953e-05
29845,-0.20325887,0.014899109,-0.21562809,0.0030647686,-0.011798033,0.0032276593,0.0028751357,-0.013516877,-0.0820086,-0.019454727,0.0015005931,0.004452468,-0.082710735,-0.013138424,-0.07849863,-0.05035871,-0.24440676,-0.058451183,-0.035760075,-0.075060144,-0.07706946,-0.022265123,0.026864212,-0.1054494,-0.13921648,-0.006085053,-0.019584496,-0.034929626,0.060923435,-0.17080027,-0.2181548,-0.113901205,-0.021945456,-1.0573772e-05,0.0,-0.010116877,-0.02442167,-0.0060175504,0.0068238582,-0.07121062,-0.0996891,0.016847473,-0.030900592,0.15003179,0.057155732,-0.021712087,-0.0454331,-0.0013653842,0.01739069,0.01218215,-0.0023218375,-0.010702731,0.0074080606,0.009220077,0.020171678,0.048051044,-5.053689e-07
2666,0.17295924,-0.047560725,-0.1879144,-5.735371e-05,0.010419884,0.007845746,0.005286595,-0.0051316186,-0.07882205,-0.004807664,-0.034012347,0.0019274391,0.27913013,0.012798849,0.03995573,0.09549047,0.040333223,0.04632951,-0.053860124,0.0058133663,-0.040044524,-0.054950412,-0.050795294,-0.047952145,-0.0019131757,-0.021048672,-0.03789973,-0.081252374,-0.07964364,-0.14464846,-0.2124154,-0.104490764,-0.023825753,-1.1933477e-05,0.0,-0.022737395,-0.043073766,-0.013180531,-0.023342516,-0.1384209,-0.0065317266,-0.0034767063,-0.0020738998,-0.11517813,0.057504013,0.0005171674,-0.03758799,-0.0013653842,-0.0021324842,-0.006459523,0.0022987358,0.031807665,0.009268374,0.009472638,-0.022182258,-0.05526411,2.1457317e-06
24145,0.15461694,-0.013136983,-0.19720624,0.0012681148,0.008379763,0.004261021,0.001989161,-0.0008561821,-0.06898273,0.01867054,-0.011844581,0.002308451,-0.048678365,0.015185421,0.031443693,-0.006043731,-0.036656994,-0.024473935,-0.013542558,-0.047133807,0.0047628307,0.13442332,0.15877223,0.10212516,-0.047276475,-0.0058494303,0.02343508,-0.022732869,-0.05783803,-0.1529435,-0.2003883,-0.12403394,-0.030300679,-1.0573772e-05,0.0,-0.051145487,-0.018893844,-0.019984938,-0.02326159,0.054360803,0.006694508,0.0047279825,-0.037257057,-0.013966513,-0.06258881,0.030730756,-0.038532343,-0.0016210396,0.030424925,0.0122473305,-0.012738081,-0.0140544865,0.0054005575,0.008268935,-0.011786641,-0.0284248,1.3570953e-05
8004,-0.04776167,-0.07102169,-0.16922605,0.0036851664,-0.007486688,0.01422548,0.0032461064,0.03745594,0.18109131,-0.0040794057,-0.01298399,-0.03797052,0.05323787,-0.024084637,0.020921774,-0.12931447,0.13953683,-0.02905441,0.044126347,0.06270034,-0.037703667,0.011905892,0.00084939227,-0.03466937,-0.05870968,-0.01524915,0.02256244,-0.030582286,0.08428234,-0.1306491,-0.18336444,-0.120438315,-0.02266803,-1.0573772e-05,0.0,0.0033326922,0.011152985,0.008509402,-0.016236372,0.018141955,-0.020235823,-0.0012535998,-0.059298508,-0.09226721,0.030760016,-0.0113029275,-0.019552216,-0.0013653842,0.015353198,0.013380217,0.00028692576,0.0077395593,0.00489536,0.010652032,-0.018364204,-0.05367363,-5.053689e-07
6152,0.14214997,0.028003046,-0.17393754,0.00015496969,0.005817026,0.0046443767,0.0049172672,0.016996982,-0.0672397,-0.010999067,-0.05439923,-0.04947707,0.21208541,0.008235383,-0.009882053,-0.014958554,0.0035901011,-0.011382678,-0.08473379,-0.07813668,0.015006247,0.12797026,-0.07945418,0.23156385,0.024551824,-0.022658767,-0.027243853,0.027401967,-0.17162992,-0.10621133,-0.1668384,-0.095210925,-0.026375318,-1.0573772e-05,0.0,-0.011021827,-0.044278022,-0.0019278587,-0.014522791,-0.011318275,-0.08003236,0.010522516,0.037849795,-0.10677301,0.070098124,0.035300925,-0.0058034174,-0.0013653842,0.019582324,0.0077295313,0.0078051803,-0.019458046,-0.04415007,0.004084129,-0.021267425,-0.055514544,2.1457317e-06
12180,-0.081931405,-0.0042170966,-0.06843604,0.006354747,-0.013678707,0.0026433251,0.005667524,0.017438708,0.19533715,0.05507063,0.016432116,-0.0038850359,-0.026765037,0.008316104,0.069870986,-0.24543726,0.1007003,0.013316965,-0.021186873,-0.13964413,-0.11341223,0.013198644,0.0026671183,-0.023674171,-0.08279546,-0.019854626,-0.043455146,-0.16014507,0.040928196,-0.15073775,-0.17267136,-0.09950835,-0.02269748,-7.922725e-06,0.0,0.083177835,0.053886894,-0.018993882,0.1369935,-0.08437477,0.048092306,0.002186488,-0.029478544,-0.097696334,0.14393152,-0.011208444,0.0011688648,-0.0013653842,0.01611251,-0.0005786596,-0.0018575273,-0.01498135,0.0029934628,0.0093906615,-0.018613048,-0.04079704,1.3570953e-05
19179,-0.03874351,0.016841242,1.0045055,0.0048206174,0.029574307,0.0061902343,3.9897044e-05,0.00034154544,-0.059100628,-0.034841605,0.023482803,0.04444208,-0.08179346,0.02083706,-0.09492407,0.0009694189,0.082662076,-0.053401932,0.017918056,-0.040332302,0.049503893,0.030257985,0.016389022,0.019730981,-0.060974926,-0.003016148,0.19353524,-0.021397132,-0.0011263833,0.32897288,0.6057848,0.4266642,0.046847828,-1.0573772e-05,0.0,0.019385157,-0.008664396,-0.02257583,0.12345617,-0.045797218,-0.009233734,0.016193416,-0.038883854,-0.014708762,0.01691533,0.0019738493,0.0002435474,-0.0012110719,-0.026902014,-0.0052600694,-0.0028277794,-0.0011808252,-0.028899016,0.009598734,0.017084988,0.03543164,6.515915e-05
12836,0.0005361218,0.05702129,0.6263219,-0.0008954196,0.018740581,0.0013618863,0.0020890129,0.005871183,-0.032485005,-0.021767922,0.039505564,0.008737558,-0.031278882,-0.049253173,-0.07480134,-0.088284664,-0.048314612,-0.03380085,0.034613736,0.00375584,0.014659956,0.030498685,0.042454373,0.09931535,0.00855847,0.08526379,-0.1062089,0.05348073,-0.105729625,0.12916486,0.37978134,0.042702556,0.032098673,-1.0573772e-05,0.0,-0.024165994,0.0015015965,0.010218884,0.0725007,0.011548233,-0.0101306215,0.0043737665,-0.023380931,-0.005494658,0.043387543,0.02201403,0.0045450823,0.019204248,0.038699884,0.018062104,-0.0025640319,-0.005000358,0.0090459855,-1.0332558,0.02201719,0.05917319,2.2955937e-05
26942,-0.19521895,0.009181623,-0.22801101,-0.0014045612,0.008607357,0.0029881808,0.0025153735,0.0074872775,-0.12250313,-0.004775039,-0.024744332,-0.00041754788,0.004975132,-0.00486847,0.05551561,-0.014750412,-0.1143507,-0.015323102,-0.012420442,-0.024971362,-0.0737884,-0.0015687088,0.013139642,-0.09062168,-0.019591713,-0.022890104,-0.044405524,-0.041932713,-0.014803707,-0.18846133,-0.23835193,-0.11852652,-0.024735905,-1.0573772e-05,0.0,-0.014199425,-0.03093772,0.0052233185,-0.0934878,-0.03875552,-0.037918616,-0.000108056876,-0.04049511,0.107907586,0.048701946,-0.031564374,-0.009695845,-0.0013653842,0.03122167,0.012473224,0.00044962147,0.010941855,0.007257229,0.011001831,0.020560395,0.07262568,1.3570953e-05
8539,-0.01906248,0.044266235,-0.20804738,0.00015928705,0.001968636,0.002639845,0.0016428458,-0.0018523145,-0.09721075,-0.015494359,0.021868605,-0.014129971,-0.09104876,0.01831295,0.010683776,-0.061842594,0.017015208,-0.017507229,-0.013702107,-0.024322309,0.04875966,0.10060706,0.014217379,0.06695515,-0.011200285,-0.03011974,0.080964826,0.07812904,0.0072127283,-0.17534758,-0.22771175,-0.12691668,-0.02762467,-1.0573772e-05,0.0,-0.06483559,-0.023345258,-0.02496801,-0.032473464,-0.054082964,-0.043925013,0.005006206,-0.045473777,0.0154251605,-0.07081821,0.01850564,-0.0036388435,-0.0016210396,-0.027985023,-0.0056254677,0.0018309093,-0.015707873,-0.040442634,0.0077925716,-0.013365255,-0.02974948,5.1900215e-06
1140,-0.07527919,0.017928187,-0.25478867,0.00034778786,0.0067925625,0.003339729,0.0024864331,-0.001606095,-0.10436387,-0.04669086,0.020867769,0.008266155,-0.07682137,0.014804809,-0.16981381,-0.09160869,0.0027364607,-0.022314595,-0.049247447,-0.0554493,-0.03123282,-0.06593369,0.012751953,-0.021769559,7.4533506e-05,-0.019050615,-0.008849908,-0.06054132,-0.018438634,-0.17957431,-0.23089425,-0.14256983,-0.030181702,-1.0573772e-05,0.0,-0.051444884,-0.025254743,-0.022816233,-0.06793962,-0.061375137,-0.045585074,0.016660942,-0.028233139,-0.038459707,0.040149357,0.026993485,-0.0032563158,-0.0013653842,-0.025702363,-0.012091106,0.00034202664,-0.012913498,-0.03100323,0.0076362584,-0.015466644,-0.030923989,5.1900215e-06
20040,-0.19935736,0.013595019,-0.3244528,-0.006598167,-0.0021123057,0.00306507,0.017662955,-0.0005903274,-0.10691131,-0.06750513,0.022181423,0.05330866,-0.10295233,0.01579352,-0.046915732,-0.008268567,-0.09130551,0.07828133,-0.0055439356,-0.03349206,-0.08714924,-0.018643571,-0.02107988,-0.026520172,-0.1060384,-0.032165445,0.1927736,0.109289326,-0.019143403,0.23525707,0.39013177,-0.090858705,-0.08539065,-7.922725e-06,0.0,-0.024060758,-0.019387065,-0.0311596,-0.03957036,-0.032884687,-0.015562949,-0.011334902,-0.06498546,-0.052282747,0.020126242,-0.050567683,-0.022631414,-0.005922408,-0.02046053,-0.0057432037,0.00010943871,0.0023207013,0.008285639,0.010555251,0.011463601,0.02178731,5.1900215e-06
23996,0.008161384,-0.033983853,-0.22137116,0.0069178683,0.01728048,0.0034631672,0.0021153162,-0.0021235112,-0.06912558,-0.0020697727,0.03628585,0.05165274,-0.06989791,0.025336592,-0.019167054,0.058967568,0.0036806013,-0.020713607,0.0010499333,-0.016116142,0.025767962,0.114674,0.017032696,0.11886686,-0.004966191,-0.03818867,0.113413095,0.04983969,0.012938983,0.24802513,0.3877492,0.35552147,0.041108977,-1.2898648e-05,0.0,-0.023354946,-0.011911045,-0.027238313,-0.10384823,-0.026473531,-0.006373828,0.004397735,-0.049564615,-0.027512934,0.015112846,0.016386896,-0.01880393,0.012356531,0.021039361,0.007370664,0.0018758364,0.0023052632,0.0073417863,0.010340324,0.015314822,0.023765279,1.4581801e-06
15890,0.045134068,-0.046368267,-0.37163857,-0.0064718043,0.007036753,0.00430424,0.008619075,-0.00474575,-0.06656628,-0.012366242,-0.009271951,0.017471505,-0.056743722,0.020834515,0.036914453,-0.024987573,-0.039482597,0.05793826,0.0033864316,-0.026030792,0.035695687,-0.023992008,0.023782521,0.009262372,1.0430456e-05,0.034782622,-0.014017463,-0.034832954,-0.012540807,0.25082508,0.36887938,-0.054969378,-0.091062024,-7.922725e-06,0.0,-0.034593064,-0.012991326,-0.0050247153,0.12004212,-0.06001639,-0.013727266,0.0027516286,-0.057967305,-0.042860016,0.010872705,0.019636178,-0.002881198,-0.0075340164,-0.01617423,-0.0073452047,8.440111e-08,0.009885554,0.007333106,0.008990717,-0.015258676,-0.031486154,5.1900215e-06
14559,0.0005113578,-0.01924701,-0.22397876,0.0013138964,0.009274874,0.0034271781,0.0018368427,-0.0040911636,-0.114530735,0.000109907516,-0.009148686,0.0015572095,0.033498105,0.013919851,0.0055557154,-0.024826664,-0.052665405,-0.0068775914,-0.009079777,-0.045205336,-0.08285254,-0.06379434,0.017870212,-0.06267371,-0.016250197,-0.031991366,-0.03211207,-0.04647076,0.018944781,-0.18811233,-0.25092676,-0.13565677,-0.02772804,-1.0573772e-05,0.0,-0.005001571,-0.031279076,-0.021687876,-0.07554539,-0.07120067,-0.0152621,-0.0015546711,-0.032150745,-0.03083889,-0.113299645,-0.013782818,0.00823898,-0.001376457,-0.026481675,-0.009142155,0.00040654145,0.01057607,0.0069701406,0.009860694,0.017315714,0.05199182,-4.2372103e-06
9898,-0.046683706,-0.0063464013,-0.15361694,0.0014460959,-0.010557476,-0.00076440413,0.005609461,-0.019255249,0.15086983,0.019758277,-0.056732137,-0.0008702905,0.036741465,-0.025504936,-0.059661362,0.049716763,-0.07185174,0.08379822,0.028490858,0.09239483,-0.05474455,-0.01165836,-0.0076377694,-0.039814007,-0.090990424,-0.00590421,-0.07836534,-0.030877482,-0.010705616,0.19130807,-0.11340479,-0.21378009,0.01622573,-1.1933477e-05,0.0,0.039899785,0.018394575,-0.016274584,0.0038999084,-0.078350686,-0.028947916,0.015742721,-0.041709743,-0.037979856,0.016107704,-0.01688535,-0.010871264,-0.0017156233,-0.021718314,-0.017815541,0.00035144057,0.0057051443,0.012635761,0.010835955,0.01095966,0.010981322,-5.053689e-07
26362,0.009544708,0.0073105115,-0.04004324,0.0026655386,-0.0103432285,-0.00038272978,0.0051010833,0.013608916,0.20539847,0.025954157,0.010672374,-0.011834458,0.011025308,-0.009917815,0.04050906,-0.07044616,-0.047690853,-0.013554639,-0.016387817,-0.04605112,-0.04630556,0.0053326846,-0.00362771,-0.039184224,-0.017692855,0.0029348875,-0.08009869,-0.034827128,0.0025013115,-0.13919406,-0.18051821,-0.117724314,-0.02478612,-1.0573772e-05,0.0,0.07222596,0.0438637,0.017258188,-0.030868521,-0.061113823,-0.040645752,0.004807447,-0.04735105,-0.069666654,0.047854427,-0.015157685,-0.016059242,-0.0013653842,-0.022674272,-0.010301059,-0.0028489335,-0.007258228,0.0047861305,0.009703683,0.022526562,0.050364595,-5.053689e-07
10427,-0.01454582,0.02215847,-0.17635994,-0.011415371,-0.043814242,-0.014959274,-0.037900764,-0.001413945,0.115837485,0.008465667,-0.061405376,-0.0184772,0.067350864,-0.0026889436,0.05571633,0.07230298,0.13982221,0.065933645,0.03395955,0.061425433,-0.091617644,-0.008852981,0.0062440564,-0.04810347,-0.057981465,-0.047546715,-0.09934401,-0.028863395,-0.013864387,-0.14279513,-0.16065761,-0.08750803,-0.019938197,-1.1933477e-05,0.0,0.027125197,0.025885113,0.0049692127,-0.04620871,0.05472187,0.07272505,-0.002140307,0.027295478,0.035988525,-0.033106,-0.008066867,0.016575944,-0.001376457,-0.019802125,-0.008104541,-0.003137085,-0.0047694724,0.00355979,0.010228078,0.0065205577,0.02956351,1.3570953e-05
23867,-0.040212996,-0.05138856,-0.3770074,0.0027418581,0.009602912,0.0037451952,0.008312245,-0.0022827687,-0.04230192,0.0025697146,0.032890636,-0.0033335679,0.0007500164,-0.0042596664,-0.174649,-0.12108326,-0.12149526,-0.045669593,-0.02556935,-0.10012108,0.0073988875,0.018461708,-0.001646732,-0.006463412,0.01230681,0.026529944,-0.008138267,0.073429964,-0.029960953,0.23705584,0.35199934,-0.03666907,-0.08842139,-1.0573772e-05,0.0,0.0016834238,-0.0030308857,0.00904456,0.105109334,0.014616995,-0.043577522,2.0868378e-05,-0.039839707,-0.0037532095,0.06302238,0.023537738,-0.0041319337,-0.005922408,0.03858657,0.017706934,6.4599226e-05,0.0078131175,0.0049253316,0.010798543,0.017424706,0.045341134,1.9266343e-05
20518,-0.003934218,0.0122804195,-0.22546212,0.0002445615,0.007013562,0.0038688923,0.002322982,-0.0030351174,-0.10219271,0.0056634555,0.020383975,0.027240437,-0.065746486,0.021081498,-0.029157277,-0.010460953,-0.0075094677,-0.033414554,-0.009091739,-0.03459848,0.009935373,0.09351134,-0.025703141,-0.028096268,-0.009358825,0.032281343,-0.03607746,-0.0128960535,-0.018690556,-0.17203331,-0.22506292,-0.13876155,-0.02979965,-1.0573772e-05,0.0,-0.016533768,-0.016086556,-0.037332483,0.12990648,-0.0625101,-0.04852006,0.009033838,-0.08022992,0.025799895,-0.09028235,0.010627656,-0.0043334006,-0.0016210396,0.03023,0.01006875,0.0016766159,0.01566902,0.00448145,0.009498597,-0.015396926,-0.0385032,1.9266343e-05
21179,0.2364562,0.043647546,-0.21243642,0.001062964,0.012645607,0.0035244867,-0.0016592154,-0.0019563662,-0.04106816,0.01053934,-0.029007232,-0.002174663,-0.07461846,0.013659892,0.04025429,-0.04184317,-0.053827316,-0.0303634,-0.01564966,0.03128279,0.021087378,0.116685845,-0.023505425,0.005647859,0.046037003,0.065785006,0.03537651,-0.02450882,-0.041622482,-0.15249155,-0.20186825,-0.11818448,-0.02881497,-1.0573772e-05,0.0,-0.037782256,-0.015985975,-0.010715563,0.025018116,0.12368482,0.039525125,0.0021025587,-0.050966576,-0.027572054,-0.058325242,0.014165254,-0.008884097,-0.001376457,0.04422709,0.012253799,0.0036978417,0.008587641,0.0050824024,0.0062198928,-0.015886027,0.056918535,-0.00095378933
9570,0.1532122,0.025586937,-0.32842892,-0.002071252,0.016168797,0.009402408,0.0068387496,-0.0040005287,0.04779514,0.014377826,-0.0021660272,-0.0032179693,-0.036611095,-0.007499213,0.04965906,0.07675619,-0.048832793,0.059684865,0.035157654,0.028224163,-0.0069328477,-0.0067894803,0.021135898,-0.009717346,0.031336714,0.09369342,0.028799623,-0.014684084,-0.0007168569,0.1854652,0.26622534,-0.06691241,-0.0688596,-7.922725e-06,0.0,0.031036241,0.00884074,0.0067649246,0.012802653,0.12626825,0.019304803,-0.0013611191,0.042333663,-0.0049588997,-0.041996375,-0.01048599,-0.008221016,-0.005836264,0.037867192,0.016154148,0.002053658,0.004897589,0.005112154,0.008021066,0.018551778,0.04256018,-5.053689e-07
8826,0.19227363,0.0029002004,-0.19585557,-0.0006312778,0.015582381,0.004400643,-0.0009839863,-0.004787221,-0.054235905,-0.01644422,-0.04911971,-0.0008926605,-0.017958501,0.027087992,0.04143248,-0.004183558,-0.010015407,-0.022348188,-0.011074825,0.013215981,-0.013126049,0.09233048,-0.0026987663,0.040290944,0.020491336,-0.13707754,-0.032863155,-0.04764848,-0.01884055,-0.16123822,-0.21775644,-0.11219428,-0.029551985,-1.0573772e-05,0.0,-0.040650174,-0.013997011,-0.007643335,0.07924696,-0.05485171,-0.059458353,-0.0023340092,-0.054300647,-0.01914128,-0.0012970073,0.008041635,-0.0038661615,-0.0016210396,-0.029697122,-0.015418809,0.0025911795,-0.013361766,-0.010565698,0.008868963,-0.0013909411,0.03292661,-0.0021588248
6921,-0.10891266,-0.03172876,-0.13127159,-0.013643404,-0.059137616,-0.012991427,-0.02813067,0.0031215725,0.2138052,0.01844929,0.023181085,-0.01269691,0.042784326,-0.011842537,0.03722972,0.009200316,0.13808297,0.047086682,0.0004530468,0.06673577,-0.032722227,-0.03037672,0.00063233357,-0.037591994,-0.024946399,-0.0023787874,-0.07830563,-0.018455219,-0.0049748747,-0.14834201,-0.17562695,-0.10936816,-0.018256133,-7.922725e-06,0.0,0.060937293,0.05092823,0.0020584762,-0.053068884,0.12659785,0.02139778,-0.0022122595,-0.038928796,0.028073192,0.017104132,-0.011473141,0.015933452,-0.0016210396,-0.014096344,-0.0059460374,-0.0012664117,-0.0070324806,0.004355707,0.010332606,-0.00539159,-0.04090612,1.3570953e-05
28058,0.06388854,0.005939138,0.96422684,0.006196966,0.028421381,0.0047829347,0.014234864,-0.00068122847,-0.042581134,0.025480794,0.024865549,0.0026587285,-0.043983355,0.0057742987,-0.061711084,0.0018080975,0.058529057,-0.034165934,0.031214941,-0.0446177,0.03129983,0.03611785,0.015950141,0.00055407546,0.014660516,-0.037775554,0.04447038,-0.011551302,-0.008428831,0.34821263,0.5570226,0.3532867,0.042588443,-1.0573772e-05,0.0,-0.024477085,-0.00976946,-0.011445871,-0.07078353,-0.046466477,-0.023472497,0.0073624416,-0.041672193,-0.037510637,0.04384304,-1.3783574e-06,-0.038288947,-0.0012110719,-0.024271358,-0.004894053,-0.0021283727,-0.0064041116,-0.03713778,0.011291831,0.021228716,0.0497883,5.946376e-05
369,-0.095456146,0.040925045,-0.06693923,-0.010744412,-0.033058356,-0.012989909,-0.019906435,-0.004984125,0.18151887,-0.025718072,-0.05953955,-0.014077749,0.048348557,-0.02431475,0.05032863,0.053105004,0.14111516,0.06618465,0.04291308,0.071420416,-0.09043321,-0.0047062496,0.0070805904,-0.05097539,-0.014522245,0.00091627944,0.061453663,-0.027783979,-0.016518723,0.1829847,-0.05678493,-0.13097772,0.017698415,-1.1933477e-05,0.0,0.00044764206,0.0346958,0.09848739,-0.0050661257,0.24039178,0.10096714,-0.0029048256,0.06751863,0.042156126,0.0007091081,-0.009919777,0.013355109,-0.0030826493,0.029661823,0.013657122,-0.003137085,-0.0040623834,0.0044502835,0.012506111,0.0061367885,0.017378094,1.3570953e-05
7537,-0.1804418,-0.018531673,-0.096129894,0.0018526401,-0.0028118691,0.0029610428,0.0060263285,-0.0020111576,0.13751537,0.018862441,0.037734065,-0.007387189,0.06635246,-0.015828915,0.0681345,0.008039214,0.053361963,0.066275306,0.056052692,-0.059830703,-0.070218205,-0.07226257,-0.001833404,-0.03675079,-0.06868203,-0.018819602,-0.11138501,-0.030415762,-0.013814433,-0.15165262,-0.19337058,-0.10822038,-0.018040394,-7.922725e-06,0.0,0.085953124,0.0042786035,0.039842296,-0.036709923,0.13550109,0.017471137,-0.0020671068,-0.04575049,-0.010425308,0.009414343,-0.01321979,0.0049943523,-0.0016210396,0.02497185,0.011635761,0.00018835076,0.007585698,0.004146165,0.010251679,0.014037263,0.05849881,-5.053689e-07
27987,-0.12551658,-0.020210084,-0.15889667,0.0038291193,0.0048624696,0.0030545713,0.0041087735,0.009597642,-0.1221303,-0.018728329,-0.0055121076,0.020500615,-0.04346167,-0.0077299946,-0.08546685,-0.038695306,-0.16884628,-0.10162885,-0.027872162,-0.05589391,-0.08530197,-0.072730176,0.017328406,-0.0859036,-0.021942168,-0.0047601177,-0.05168581,-0.02882463,-0.011957413,-0.19009477,-0.23570472,-0.12962238,-0.02534193,-1.0573772e-05,0.0,-0.06784989,-0.025110338,-0.0047790515,-0.04061792,-0.033022404,-0.040269088,0.00015441829,-0.03405195,0.019742243,0.049278077,-0.041840065,-0.045743432,-0.0013653842,-0.011244584,-0.004526362,-0.0025534877,-0.013074358,0.010442014,0.010909773,-0.012390522,-0.04408223,1.3570953e-05
19843,-0.11706929,0.014151205,0.9235032,-0.012024442,0.029018732,0.0034711452,0.0017982988,0.00041287098,-0.04924248,-0.024407458,0.050315708,0.0029176308,-0.0035506077,0.10109316,-0.06893457,0.06543569,-0.032019,-0.0661019,-0.11177543,0.095323294,0.01361767,-0.008856345,0.011704433,-0.016983958,-0.005472367,0.047948316,-0.0019007869,-0.042521875,-0.0063653337,0.2866669,0.58496094,0.41495183,0.029662509,-1.2898648e-05,0.0,0.04287155,-0.003709613,-0.009567797,0.15784904,-0.018505935,-0.065886095,0.013506634,-0.014542915,0.011853768,0.04686831,0.00051739067,0.009338692,-0.0012110719,-0.020017663,-0.010522034,0.006848666,-0.003855786,0.008787089,0.01167577,0.013317235,-0.006955306,6.515915e-05
15368,0.04894633,0.005515927,-0.092852876,-0.009114492,0.032511733,0.011330911,0.00054388936,0.010596171,0.1466865,0.005547426,-0.041665576,-0.0045547946,0.06424934,-0.018897135,0.035147402,0.059390742,0.11577333,-0.021746099,0.029806802,0.016918253,-0.061414327,-0.002014326,-0.0032024672,-0.050113227,-0.04480695,-0.014027158,-0.0658237,-0.07131805,-0.02722502,0.22221945,0.29182506,0.29758185,0.041929994,9.595956e-05,0.0,0.0010085092,0.02245382,-0.008343339,-0.00937474,0.14379166,0.041239332,-0.002032736,0.02385974,0.044494815,-0.039438944,-0.008248182,-0.011984435,-0.0015293036,-0.022529956,-0.009065286,-0.003755893,-0.003260125,0.0067598857,0.010554838,0.012943744,0.027812237,1.3570953e-05
18780,0.003701732,-0.047216393,-0.07636045,0.0040217126,-0.007215991,0.0020006637,0.0051962812,0.02884445,0.23121132,0.012666962,0.01723589,-0.017519597,0.0061857393,-0.0118120685,-0.03591159,-0.17186853,-0.08320918,0.08268109,-0.004993806,0.09723796,-0.042668592,-0.016612858,0.024540551,-0.045072462,-0.017206667,-0.008846118,-0.10869528,-0.020067086,0.09891576,-0.1480576,-0.1748833,-0.12005624,-0.021213243,-7.922725e-06,0.0,0.09208306,0.04873864,0.00021073213,-0.028347267,-0.015873821,-0.0228776,0.0016243459,-0.02850023,0.19655706,0.050716404,-0.014404314,-0.019958677,-0.0013653842,-0.00011691742,-0.007868883,0.00040321372,-0.007444112,-0.06854202,0.009408223,-0.016333545,-0.041478857,-5.053689e-07
27259,-0.0087805865,0.028640578,-0.23846945,-0.0017049736,0.0010776478,0.001512396,0.002700459,0.015072387,-0.057788026,-0.0563891,0.083797395,0.021607261,0.13435538,0.07835286,-0.06756718,-0.14692551,-0.14069846,0.007999868,-0.053900085,-0.09865144,0.028361011,-0.053492196,0.0013055779,0.0015663757,-0.086570315,-0.041339274,0.15072812,0.063950375,0.006660329,-0.16232753,-0.21199656,-0.1305759,-0.029050833,-1.0573772e-05,0.0,0.03309633,0.0024929612,0.016743248,-0.056993116,-0.075701,-0.12335899,0.0028322786,-0.015475629,-0.0118673965,-0.02323656,0.032164283,0.022602888,-0.0013653842,0.032783613,0.010220175,-0.003176058,-0.012299229,0.008047857,0.009619891,0.017111726,0.04269601,1.9266343e-05
15492,-0.0139999185,0.013024087,-0.21557307,0.0004584847,0.009639595,0.0037468711,0.0016638895,-0.00026202202,-0.10225277,-0.032410406,0.020515824,0.044854645,-0.092736304,0.021409648,-0.028990572,-0.018206814,-0.0028334165,-0.03149604,-0.0019762896,-0.041815385,0.029771945,0.030650688,0.017451433,0.004839507,-0.06565725,-0.028139073,0.08205969,0.059308555,-0.021086747,-0.19290566,-0.22567336,-0.13732281,-0.026139544,-1.0573772e-05,0.0,-0.010788927,-0.016162308,-0.022770237,-0.048087224,0.05761776,-0.045518804,0.008738346,-0.05739182,0.00022082389,-0.08242105,0.02134124,-0.0013598268,-0.0016210396,0.04766826,0.0064749564,-0.003920404,-0.0098116305,0.007078155,0.007412046,0.011278864,0.034275554,5.1900215e-06
10591,0.10939605,-0.03291341,-0.18229716,0.001631757,0.013295144,0.009255838,0.0028849582,-0.0014054694,0.11245703,0.014498414,0.0028493998,0.012695973,0.008043864,0.004970759,0.056544505,0.1158438,-0.029257856,0.010805751,-0.006328341,-0.043235235,-0.057844177,-0.029018307,0.018709712,-0.039461218,-0.012314462,0.03898785,-0.03408534,-0.023066336,-0.028056636,-0.15131706,-0.20476468,-0.117329456,-0.026757957,-1.2898648e-05,0.0,0.07186477,0.019792479,-0.009053597,0.15587483,-0.11814641,-0.03629384,-0.0057037123,-0.048431616,0.101309165,0.017612658,-0.017154017,0.002776262,-0.0013653842,0.021551494,0.015947994,0.0021444422,0.0099651255,0.011196699,0.010842744,-0.019784722,-0.037860125,1.3570953e-05
12597,0.006374259,0.06642443,-0.2522792,-0.00014266974,0.008160637,0.0034264128,0.0022150786,-0.0048680115,-0.12230072,-0.020765668,-0.0012763283,0.012668474,-0.091269836,0.017612014,-0.01927043,-0.0189594,-0.10365023,-0.036089055,-0.00016424432,-0.04110672,-0.0059579904,-0.033576693,0.018087706,-0.054137003,0.0033401023,0.04743945,0.00093649625,-0.031672392,-0.009287091,-0.19135106,-0.26547423,-0.14063582,-0.031506736,-1.0573772e-05,0.0,-0.08117511,-0.026243795,-0.02570455,0.1639594,-0.04252012,-0.039787214,0.007451906,-0.06789241,-0.033151105,-0.05377964,-0.007908179,-0.012713256,-0.0016210396,-0.036372278,-0.01213369,0.00025224814,-0.0102554625,-0.030008478,0.008852832,0.018081952,0.040801954,5.1900215e-06
10572,-0.003485363,0.007670627,-0.08671956,0.0033444643,-0.007302922,-0.0007883597,0.004261296,0.048855428,-0.00026053214,0.015691701,-0.018343413,-0.0028870131,0.011138144,9.831521e-05,0.039306898,-0.06688048,-0.08725391,0.07835166,-0.044747233,0.08149247,-0.048909403,-0.03218474,0.028051663,-0.053731497,-0.06878248,-0.025196038,-0.017823106,-0.031589594,0.09136966,-0.16722377,-0.21437538,-0.13408642,-0.018096417,-7.922725e-06,0.0,0.07651414,0.0029931245,0.009566092,-0.038866755,0.045917835,-0.017426828,-0.0005975597,-0.06557039,-0.029387359,0.01820466,-0.015710754,-0.012765863,-0.0013653842,-0.013696179,-0.007816899,0.00028692576,-0.0067140437,-0.026754193,0.010969601,-0.013574519,-0.047961306,-5.053689e-07
19867,-0.053310793,0.016882172,-0.190778,-0.0019580694,-0.053259525,-0.005001824,0.001023498,0.019125564,-0.08231659,-0.0075105717,-0.07178794,-0.043763477,0.07009077,0.022314185,0.057906374,0.07370639,0.010501882,-0.0104749,-0.06370678,0.01881605,-0.06535508,0.01157072,0.0077443128,-0.0023380648,0.005508216,-0.0013284885,-0.017385328,-0.07652562,0.0088230325,-0.13820314,-0.21169555,-0.107016616,-0.026579801,-1.2898648e-05,0.0,-0.08768611,-0.028363258,-0.046613548,-0.01638573,-0.108089805,-0.08141661,0.00223671,-0.02097111,-0.14615408,0.11053155,0.0055047804,-0.0026422194,-0.0013653842,-0.024966054,-0.01854993,0.00044962147,0.0073659196,0.00088141847,0.009615881,0.029552879,0.045568943,1.3570953e-05
7543,0.009871643,-0.050676476,-0.08080095,-0.0123926215,-0.0929508,-0.013241283,0.0016191854,0.023552462,0.17513397,-0.008419578,-0.04583752,-0.023585618,0.0022910633,-0.01345845,0.044199754,0.060682464,0.1750254,-0.01747009,0.046157457,0.07459502,-0.042152867,0.03093877,-0.023908958,-0.047267813,-0.061050788,-0.0016921829,-0.12068826,-0.024257272,-0.011756211,0.2034016,-0.091885164,-0.17652842,0.017085854,-1.2898648e-05,0.0,-0.025670601,0.04499552,0.030577112,-0.00699021,0.095351115,0.064818986,-0.002075929,-0.016990418,0.03463204,0.00814755,-0.009481577,0.0091425525,-0.0030826493,-0.013684539,-0.007099537,-0.0012584592,-0.0063434155,0.0049097217,0.010296261,-0.011526372,-0.025418377,1.3570953e-05
19458,-0.028161505,0.009196444,-0.22938626,0.0004445582,0.00059771317,0.0032921736,0.0030816183,-0.0048010466,-0.09519696,-0.041355714,0.062503286,0.008264644,-0.08934053,-0.02165299,-0.041309364,-0.02568893,-0.017795717,-0.030108877,-0.03540277,0.059819072,0.03314449,0.15577593,0.015119366,0.19972962,-0.016174274,-0.025917908,0.074251965,0.11453863,0.017438827,-0.13726018,-0.18203498,-0.13236967,-0.02845541,-1.0573772e-05,0.0,0.011217525,-0.012273134,-0.0056120246,-0.07350152,-0.0349471,-1.586834e-05,0.0036864323,-0.04446501,-0.03346714,0.025699835,0.04782412,0.010991231,-0.0013653842,-0.03131698,-0.017510291,-0.0025534877,-0.012047004,0.004298296,0.010238682,-0.004304374,-0.028157819,5.1900215e-06
23448,0.027086353,0.031425115,-0.1614424,-0.012463139,-0.030314317,-0.009011512,-0.028612891,9.098428e-05,0.21287186,0.007756886,-0.057890095,-0.011704556,0.050441194,-0.005782055,0.058480572,0.0921264,0.14944038,0.058119483,0.04402467,0.07504017,-0.09112503,-0.004141437,0.010293072,-0.052692074,-0.0017521174,0.00363563,0.05133163,-0.020444024,-0.018225938,-0.116101675,-0.11668744,-0.077473246,-0.022236932,-1.1933477e-05,0.0,-0.001652725,0.03299703,0.09707885,-0.0076642083,0.26659244,0.110562705,-0.002140307,0.074298136,0.048150122,0.011000925,-0.011324129,0.01595152,-0.001376457,-0.020904277,-0.008104541,0.00045587693,-0.0043787654,-0.019023344,0.011424424,0.0063216477,0.0062164534,1.3570953e-05
2216,-0.02393667,0.019906174,-0.17615095,-0.013508927,-0.011272324,-0.00083454384,0.0063072257,0.011069642,0.0879519,-0.0030130062,-0.024110593,-0.0072989482,0.03990943,-0.01694581,0.05278604,-0.037954174,-0.06813207,-0.004355655,-0.011431665,-0.062986895,-0.046676803,0.0018982366,0.0022561532,-0.045445915,-0.12892811,0.020420097,-0.067084275,0.08589712,-0.018112468,0.23371957,0.34096086,-0.023519363,-0.043835215,-1.0573772e-05,0.0,0.04876647,0.008674043,-0.013644062,-0.019480184,0.09774176,0.04980921,-0.0052992124,0.044357292,-0.14246361,0.11035851,-0.023278942,-0.0071985656,-0.0038567113,-0.018333172,-0.009972706,-0.0014211354,-0.0073918216,0.011505834,0.011234962,-0.0022152583,0.02928947,1.3570953e-05
27741,0.12481584,-0.0050266334,-0.20125285,-0.00020302813,0.005720661,0.003387694,0.001604345,-0.004076514,-0.087796964,-0.013982683,0.0074020424,0.014098173,-0.048606753,0.017360745,0.03244466,-0.010123809,-0.024590138,-0.0013420761,0.029662834,-0.03015291,0.025012054,0.15302664,0.015364453,0.14074445,0.02822231,0.027177464,0.0070323446,0.09202155,0.026639357,-0.1361769,-0.19338222,-0.10822053,-0.029087622,-1.0573772e-05,0.0,-0.034546796,-0.018232705,-0.015530201,-0.058522046,-0.04768999,-0.0036122163,0.0020033026,-0.02164535,-0.0248846,-0.055910822,0.033048205,0.012204485,-0.001376457,-0.01911929,-0.006908319,-0.018496176,-0.017346265,0.0038094525,0.007277127,-0.015861738,-0.041121196,1.4581801e-06
14800,0.25034806,0.026323473,-0.20562486,0.001379249,0.010576404,0.0047695544,0.0012443955,-0.013388149,-0.03597855,0.01807497,0.01402897,0.009017859,0.14772122,-0.015023361,-0.0013419635,0.09084512,-0.041025072,-0.035075128,-0.01001361,0.06285538,-0.035327557,-0.023571525,-0.0028991504,-0.011355531,0.028661795,-0.010763334,-0.030330949,-0.034451816,0.025057591,-0.1480959,-0.207279,-0.11383342,-0.026112681,-1.2898648e-05,0.0,0.056226607,-0.023162184,-0.016031431,-0.04014038,-0.09607139,0.018812107,-0.0022029239,-0.031050138,-0.026901511,0.0071441545,0.0005301831,-0.013672224,-0.001376457,-0.019306032,-0.012189286,-0.011832772,-0.0050605163,0.0049626688,0.009305393,0.02677383,0.033385936,-4.2372103e-06
22530,-0.033728156,0.021737404,-0.25914744,0.008949177,0.011744817,0.004181297,-0.0024289193,-0.004939757,-0.112322524,-0.05175424,0.03442467,0.016968014,-0.07585494,0.0019816349,0.022055129,-0.40054974,0.026511187,0.0077445516,0.030914992,-0.014500517,-0.08142726,0.012877638,0.025447333,-0.050701894,-0.010541028,-0.07997241,0.008602673,0.12529387,-0.03941654,0.31943926,0.4616374,0.34366953,0.04294724,-7.922725e-06,0.0,-0.055521064,-0.024442194,-0.05253595,-0.10486974,-0.046224948,-0.029115574,0.00038144883,-0.05176224,0.052633915,0.068538606,-0.01170917,0.039559882,-0.0012110719,-0.0313975,-0.012023375,-0.0019248925,-0.004009289,0.0012796883,0.0074599846,0.021227289,0.053666633,5.1900215e-06
24455,-0.05790204,-0.010965597,-0.21738055,-0.00068663753,0.00055872847,0.003517387,0.0016006415,-0.0023372564,-0.07743306,-0.017516257,0.026143413,0.038261127,-0.0820691,0.024738025,-0.04927273,-0.01467617,0.023419872,-0.03921069,-0.0061613196,-0.047303952,0.032855682,0.107524484,0.018069854,0.09700355,0.056909405,-0.020120056,0.100117005,0.10849745,0.011311683,-0.15936403,-0.20135058,-0.13166605,-0.02854456,-1.0573772e-05,0.0,3.474606e-05,-0.012387943,0.0005049588,-0.020673651,-0.015203939,-0.032380488,0.009215676,-0.056041285,-0.060217667,-0.023590602,0.029683957,0.024845053,-0.0016210396,0.05087751,0.018307257,0.00034202664,0.01586666,0.0044547776,0.0065410226,-0.0047205538,-0.039161548,1.4581801e-06
8664,6.0178223e-05,0.0285615,-0.21051435,0.00020891239,0.0019219376,0.0042048176,0.00174537,-0.0026465892,-0.09596155,-0.00034237295,0.042906947,0.031530984,-0.07944196,0.020858694,0.015783973,-0.022021772,0.01679347,0.0014612771,-0.0024138498,0.065650314,0.016828481,0.13544102,0.0037018338,0.05289993,-0.004017502,0.038301673,0.16284677,0.097548336,0.0018138554,-0.17173706,-0.22131015,-0.124785915,-0.030737361,-1.0573772e-05,0.0,-0.006077567,-0.013398413,-0.030191274,0.14055702,-0.053136036,-0.032966625,0.010369293,-0.03531899,-0.05267287,-0.0020218329,0.013732288,-0.007773018,-0.001376457,-0.021153396,-0.011394301,-0.0021716,-0.009414328,0.0050942088,0.007993659,-0.01555,-0.02907292,5.1900215e-06
6179,-0.10422399,0.011870336,-0.14719003,-0.018407742,-0.004685481,-0.0002800743,-0.049623393,0.015754642,0.18991211,0.028697137,0.015563927,-0.002494673,0.062685594,-0.018606916,0.055616323,0.059593312,-0.06785722,0.05271583,-0.014291828,-0.02178815,-0.037818976,-0.071640335,-0.23086914,-0.06225255,-0.07699036,0.008997137,-0.10426966,-0.027653709,-0.007954679,-0.1502489,-0.1912763,-0.11123888,-0.018162277,-1.1933477e-05,0.0,0.06993733,0.045142032,-0.012786631,-0.02605511,0.092374094,-0.038701653,-0.0022598468,-0.039939366,0.07150554,0.07056961,-0.02330017,0.011658628,-0.0013653842,-0.018101342,-0.008104541,8.8189365e-05,-0.0074579553,-0.02303175,0.008761246,0.0070757647,0.01327622,1.3570953e-05
8943,-0.016637972,0.0011271287,-0.20602724,-0.0008753718,0.0081885,0.0035340255,0.0008872298,-0.002422961,-0.08327558,-0.015027932,0.033469066,-0.02230487,-0.052045915,0.018462926,-0.030141192,-0.013897477,0.0022105332,-0.040976066,-0.017746706,-0.01099204,0.034408737,0.15554957,0.00066896144,0.23520824,0.0111025125,-0.0009892238,0.12905125,0.08416161,-0.03182466,-0.1406813,-0.18629524,-0.1104574,-0.026479727,-1.0573772e-05,0.0,-0.04924944,-0.023143653,-0.018491343,-0.011572495,0.0019444729,-0.021740232,0.0066557033,-0.036066707,-0.024508651,0.017782846,0.026061606,-0.005446982,-0.0013653842,-0.027866038,-0.009881157,0.0019989705,-0.011821144,-0.011728982,0.006089638,-0.0123734595,-0.035731584,-4.2372103e-06
11760,-0.015520826,0.04610156,-0.2181507,0.00020322477,0.0036951667,0.0025026342,0.002555719,-0.0045991754,-0.08551003,-0.027491985,0.031290017,0.02592059,-0.07464469,0.012128113,-0.057182733,-0.0028106305,0.024034563,-0.07915771,-0.008351716,-0.03947679,0.010714137,0.1625047,-0.01715257,0.18886219,-8.517755e-05,-0.028047891,-0.009465143,0.002206854,0.00879905,-0.14371404,-0.21186942,-0.1226357,-0.027799712,-1.0573772e-05,0.0,-0.014693339,-0.023289649,-0.023890696,-0.037090838,-0.077929325,-0.05478997,0.0089223925,-0.0339627,-0.006588789,0.043933216,0.036559578,-0.015737856,-0.0013653842,-0.038093865,-0.01194288,0.00050021696,-0.015064131,-0.03669668,0.00986909,0.017983153,0.022770796,5.1900215e-06
9906,0.10553387,0.037001215,-0.07263648,-0.0094850715,-0.0335734,-0.009020655,-0.019904314,-0.0016264305,0.2325745,-0.009535928,-0.058507398,-0.012388626,0.0382482,-0.0067224028,0.045618717,0.06909905,0.14511871,0.05757093,0.04362542,0.07098463,-0.0857493,0.0013681256,0.012784065,-0.053193938,-0.0012390555,0.0007587574,0.076461695,-0.026904441,-0.011032306,0.18218832,-0.054900553,-0.123212576,0.01952727,-1.1933477e-05,0.0,0.009047851,0.03454974,0.09663352,-0.010429266,0.25580403,0.10205298,-0.002797258,0.07739789,0.045390703,0.01775081,-0.009919777,0.021550084,-0.0030826493,-0.0148918945,-0.0073545715,-0.002947962,-0.0048221215,0.0035731676,0.012507663,-0.0055344007,-0.0053117424,1.3570953e-05
249,-0.17489693,-0.03147381,-0.39819196,-0.0063412064,0.0023773885,0.0029184585,0.019909635,-0.0017006993,-0.14920619,-0.030778598,4.6856803e-05,0.014773079,-0.06698081,0.017185912,0.045744225,-0.011389717,-0.09690738,0.020040834,-0.0101370225,-0.032253772,-0.094000116,-0.051155657,0.021365006,-0.09432598,-0.02170541,-0.027990172,-0.00415972,-0.03064278,-0.015574164,0.262226,0.4155861,-0.055085734,-0.085657634,-7.922725e-06,0.0,-0.05059663,-0.019916095,-0.025504554,-0.05176132,-0.013979497,-0.017546477,0.010381992,-0.047272947,-0.06049554,0.019390237,-0.04262962,-0.028185152,-0.005922408,0.0089348145,0.008686355,-0.0016817385,-0.0097162295,0.0069693793,0.010093262,-0.014509487,-0.059712477,5.1900215e-06
26866,0.0076384116,0.087193,-0.19188243,0.00041654333,0.014227124,0.003087265,0.008984489,0.00034967787,-0.07940043,-0.010024334,0.027665894,0.037219297,-0.05982116,0.017839456,-0.004010303,0.01643937,0.0069611077,-0.03244284,0.046387922,-0.03475672,0.045191985,0.014368019,0.023486022,0.0083613,-0.08629217,-0.0066302465,0.16759324,0.010423341,-0.007225091,0.36538655,0.45631263,0.5607467,0.046400003,-1.0573772e-05,0.0,0.013669391,-0.010697398,-0.022433905,0.15875588,0.07455696,-0.0115037095,0.009589354,-0.041758534,0.037429485,0.031910896,0.004025517,-0.009733679,-0.0012110719,0.038834944,0.009171461,-4.485462e-05,0.001241431,0.007362164,0.008066747,0.013228086,0.035085544,1.9266343e-05
23277,-0.121747315,0.012939468,-0.25589022,0.000733102,0.007527463,0.0033409828,0.0023459403,-0.0045649284,-0.09931846,-0.03336518,0.037139047,-0.01699464,-0.104139686,-0.02448589,-0.10760647,-0.13282204,-0.09200229,-0.039891217,-0.050862055,-0.048174437,-0.024506018,-0.044107933,0.00855698,-0.0189329,-0.036267918,-0.019812629,0.113469884,0.07147545,0.008191261,-0.18520904,-0.2332605,-0.14138438,-0.029528888,-1.0573772e-05,0.0,-0.083477154,-0.026618129,-0.017434504,-0.07798693,-0.016026272,0.028438205,0.00066611485,-0.060720544,-0.031206148,-0.080860995,0.010785419,0.02649367,-0.0016210396,-0.03782931,-0.014550971,0.00040654145,0.011038857,0.0055476064,0.008534309,0.014036835,0.03491371,5.1900215e-06
17342,-0.0153967105,-0.009829465,-0.22844394,9.5010415e-05,0.009250256,0.0033681479,0.0018340155,-0.004104617,-0.090257406,-0.04156225,0.03651221,-0.010527989,-0.099453114,0.016838606,-0.11148473,-0.12831911,-0.055355374,-0.033334125,-0.043003876,-0.047353063,0.027656246,0.20104867,0.01367809,0.16519652,-0.0041028527,-0.009611885,-0.041395426,-0.007553315,-0.02263793,-0.14035304,-0.20658763,-0.12662007,-0.03026628,-1.0573772e-05,0.0,-0.024413915,-0.013399656,-0.015085311,-0.056919694,-0.046049874,-0.07108143,-0.0014560978,-0.0724029,0.0024203064,-0.06139924,0.03331826,-0.0039293054,-0.0016210396,-0.040153768,-0.016542437,0.00040654145,-0.01467711,-0.02678331,0.010098901,0.014714795,0.03994208,5.1900215e-06
11363,0.04828789,-0.05365352,-0.08575863,-0.017202001,-0.08496791,-0.013044622,0.009972788,0.008160261,0.18977013,-0.022201871,-0.03308058,-0.026705032,0.05827305,-0.02296633,0.05169108,0.06167365,0.14145379,0.0044871964,0.037300374,-0.042606823,-0.08635828,-0.005121055,0.0036471933,-0.05006789,-0.048745215,-0.0060460344,-0.10247353,-0.03062286,-0.00590361,0.18094014,-0.093755096,-0.16882624,0.014337206,-1.1933477e-05,0.0,-0.05173248,0.036654837,-0.006033935,-0.0115681775,0.12372587,0.05702883,-0.0022273639,0.049838215,0.042694498,-0.0039119516,-0.01127825,0.019132413,-0.0030826493,-0.012853338,-0.0071551483,0.00089816237,0.009650002,0.00457782,0.01034335,-0.00783124,-0.02864305,1.3570953e-05
7162,-0.03026613,0.003952502,-0.20360567,-0.0009817098,0.0053709056,0.0035114735,0.0016129091,-0.0046031615,-0.06565287,-0.0067654545,-0.054395687,0.0007813634,-0.003939048,-0.016317528,-0.027472269,-0.007024044,-0.014921086,-0.040917322,0.034209043,0.073049545,0.003112654,0.046929568,0.020974409,-0.025681408,0.07826767,0.028850373,-0.04884759,0.09128858,0.013958858,-0.12883288,-0.1959214,-0.11619796,-0.028511645,-1.0573772e-05,0.0,-0.032714806,-0.058434233,-0.06990196,-0.011636043,-0.060202178,-0.0019869008,0.0067185177,-0.052519094,-0.020281313,-0.06668273,0.029117165,0.04737993,-0.0016210396,-0.016337352,-0.018167065,0.005848471,0.011985649,0.0022399963,0.0050133537,-0.010113738,-0.024382262,-4.2372103e-06
11306,0.109742336,-0.021754146,-0.20848338,-0.00047066653,0.008872363,0.0035345685,0.0014298575,-0.0028161465,-0.044201255,-0.008066593,0.0049507483,0.004009247,-0.055908814,0.03563917,-0.049928673,-0.010830854,-0.02874929,-0.023673613,-0.019730236,-0.03350495,0.06518815,0.17981839,0.0284861,0.22416767,0.03767418,0.009327785,0.005351258,-0.051162206,-0.03300095,-0.1273216,-0.17597555,-0.105873935,-0.028457165,-1.0573772e-05,0.0,-0.03974809,-0.021061106,-0.018456966,-0.08787099,-0.030225152,-0.00021419936,0.006868858,-0.052448194,-0.035925247,0.009699637,0.034450393,-0.026612997,-0.0016210396,0.049606927,0.016068216,0.0040201945,0.014227113,0.0040865922,0.0076057627,0.015409371,0.06048012,-4.2372103e-06
17231,0.0021143164,0.015625833,0.851362,-0.002947013,0.027572216,0.0032636381,0.013916974,0.0012595921,-0.037605193,-0.0066614896,0.02778209,0.009610388,-0.068391,0.0238831,-0.048317797,0.015644118,-0.005797399,-0.039667837,0.047389597,-0.038999163,0.026127977,0.037493628,-0.050399933,0.0053518876,-0.058129493,0.0073469942,0.15170236,0.002892109,0.012150569,0.31759548,0.5399919,0.41202977,0.044023886,-1.0573772e-05,0.0,0.01791027,-0.0061690505,-0.0125019355,0.0864129,0.060564864,-0.010902896,0.009422889,-0.040628392,-0.03338973,0.020894345,0.0018560684,0.004097076,0.004113603,-0.026525162,-0.0058387457,0.007352423,-0.0017165142,0.009601061,0.008614933,0.012970105,0.021656323,6.515915e-05
7434,-0.06836704,-0.02022482,-0.09023384,0.002946574,-0.01443672,0.00080279034,0.0034374995,0.013211006,-0.06479142,0.010854699,-0.020943876,-0.009038855,0.028198713,-0.018986562,-0.06601904,0.08431334,-0.05341904,-0.024552949,-0.008040736,-0.05287196,-0.052537106,-0.034082863,-0.0053409045,-0.057274286,-0.015489135,0.008071808,-0.10733096,-0.08937744,0.0063721095,-0.14662886,-0.20044039,-0.13777441,-0.024072181,-1.2898648e-05,0.0,0.063841246,-0.018832827,-0.006958232,-0.018909171,-0.05656187,0.00041864504,0.003607808,-0.06876615,-0.051196203,0.01453671,-0.025226187,0.0062460755,-0.0013653842,-0.012567724,-0.007898767,-0.0027198335,-0.012676695,0.007695734,0.0089142155,-0.015747529,-0.032394227,-5.053689e-07
12786,-0.061515536,0.02522888,-0.09141503,0.0026760353,-0.0070001706,0.0021703313,0.009621817,0.020326657,0.10047357,0.020111434,0.020961806,-0.02057133,0.0009954451,-0.013109819,0.04527561,-0.10326347,-0.1899771,-0.030797184,0.096877515,-0.039286494,-0.058275376,-0.017905159,0.0033341944,-0.046241015,-0.12245035,-0.015223222,-0.0806018,-0.16304792,-0.008895536,-0.15747592,-0.19343467,-0.12623657,-0.02478612,-1.0573772e-05,0.0,0.074101806,0.008813186,-0.03707878,-0.005571604,-0.056866337,-0.044783443,-0.0006840341,-0.043648727,-0.054114956,0.033507455,-0.019951615,-0.013289646,-0.0013653842,-0.014834498,-0.000906334,0.00026166387,0.015363449,0.004569416,0.011201153,0.020207478,0.041713957,5.3019357e-06
7585,0.010258101,-0.038015135,-0.19725572,0.010730855,0.023053056,0.005874069,0.0030193818,-0.0015076199,-0.08013854,-0.016167121,0.016626338,0.012389398,-0.048391484,0.022538383,-0.09171078,-0.018286314,0.059622403,-0.036479767,-0.010711453,-0.050575886,0.04192468,0.076757066,0.007740949,0.023562932,0.008738734,-0.00850668,-0.04578133,-0.03139141,-0.021480845,0.3175499,0.45230198,0.5172408,0.04542957,-1.0573772e-05,0.0,-0.019222083,-0.015150842,-0.04232876,0.014801696,-0.062116485,-0.012703251,0.0056938445,-0.04012497,-0.03283996,0.063130446,0.0015670137,-0.01972546,0.004113603,-0.019397104,-0.0061072796,6.4601045e-05,0.007914095,0.003590557,0.0077868644,-0.018403094,-0.033337735,5.1900215e-06
1675,-0.12282658,0.021853965,-0.11253512,0.0018182059,-0.0032376456,-0.002027755,0.00833371,0.006428467,0.11212417,0.008803235,-0.018826064,-0.008279063,0.06634903,-0.016522774,-0.1010605,-0.27812058,0.06424964,-0.032966986,-0.018275918,-0.0434579,-0.095482945,-0.0202159,0.02245599,-0.02859385,-0.09442884,-0.01685351,-0.06475119,-0.024758609,0.0007149451,-0.15807627,-0.17872563,-0.10945795,-0.023232087,-1.0573772e-05,0.0,0.08036421,0.013131905,-0.0007451822,-0.028036585,-0.075434536,0.02356616,0.008152119,-0.03865643,0.16470347,0.057389196,-0.0103945015,-0.04030386,-0.0013653842,0.017544549,0.014506685,-0.0024051995,-0.011466503,0.007879425,0.009643827,0.015065966,0.053854093,-5.053689e-07
19334,0.2172545,0.006255504,-0.20440844,0.00074163714,0.010734268,0.004386827,0.0024811302,-0.004935297,-0.06425406,0.024181182,-0.010962646,0.0010940952,-0.03894485,0.015944691,0.06520733,-0.013535968,-0.02995069,-0.018550696,-0.009045253,-0.030916318,0.011118577,0.118359126,-0.010980271,-0.0031973931,0.0110145835,0.05245777,0.012815525,-0.028114611,0.020786721,-0.15690382,-0.22978915,-0.12206876,-0.027724776,-1.0573772e-05,0.0,-0.03604779,-0.02009927,-0.011960173,0.11441477,0.08656651,-0.027303623,0.0020703904,-0.039960183,0.028844578,-0.08027033,0.0080062905,-0.005935644,-0.001376457,-0.030764218,-0.010139164,0.0036978398,-0.013333241,-0.015960196,0.00956309,0.014576646,0.03213591,1.3570953e-05
11008,-0.122613356,-0.00035862325,-0.2689312,-0.004613683,0.0075379875,0.0028118943,0.0016088524,0.00066443783,-0.11551307,-0.07403324,0.04815646,0.012646616,0.012756862,0.008715404,-0.088465475,-0.12696636,-0.104912095,-0.04359611,-0.044626072,-0.0549483,-0.08259299,-0.008481174,0.0054438934,-0.07137451,-0.03386053,-0.013571792,0.21162021,0.09097356,-0.0077576027,-0.18100858,-0.23647498,-0.1275825,-0.03034352,-1.0573772e-05,0.0,0.06571148,-0.025321992,-0.0212045,-0.09121108,-0.028530182,0.09325062,-0.003663655,-0.029187633,0.0034972369,0.012963589,-0.03427926,-0.02402859,-0.0016210396,0.031193364,0.015971184,-0.0025534877,-0.012965739,0.0046704905,0.009905644,-0.01720742,-0.057738293,5.1900215e-06
11736,0.16088799,-0.012418745,-0.21837579,0.0012996304,0.011265093,0.004230509,0.002244858,-0.004713519,-0.11346119,0.0051266267,-0.02103617,0.0017236671,-0.039149523,0.019012643,0.04825963,0.14568372,-0.06569064,0.006733285,-0.0021346286,-0.033230137,-0.058004428,-0.028984558,0.02300451,-0.045279182,-0.014081081,0.07010095,0.014379344,-0.03347608,-0.026931392,-0.16578142,-0.22464246,-0.12736177,-0.02832346,-1.0573772e-05,0.0,-0.041841205,-0.02669307,-0.024109125,0.15658678,0.13061123,0.039607707,0.006476258,-0.04009419,0.030259648,-0.0027746486,-0.015913816,-0.015723895,-0.001376457,-0.015838878,-0.007836869,0.003633325,0.0132875545,0.00442827,0.008269481,-0.016934296,-0.033370867,1.3570953e-05
7255,0.11533882,0.015509722,-0.1917937,0.0006975972,0.008028293,0.00350763,0.0015936254,-0.0029649818,-0.043322604,0.00053563394,0.026249552,0.0013620479,-0.078250825,0.027985673,0.03428338,-0.005038044,0.005650397,-0.0039669266,-0.0048543913,-0.019769998,0.016472518,0.15657517,-0.0045622066,0.2681012,0.002509764,-0.033844437,-0.03790779,0.09570083,0.014676072,-0.1425519,-0.20753253,-0.103552975,-0.027193142,-1.0573772e-05,0.0,-0.0264381,-0.01640006,-0.010253256,-0.043040708,-0.063666806,-0.018382411,0.004761347,-0.051954057,-0.009049536,-0.09023778,0.039837603,-0.0018360206,-0.0016210396,0.05042541,0.016665509,0.0054445625,-0.014955154,-0.009780467,0.008540725,-0.013674895,0.04315897,-0.0007020473
5315,-0.021686403,-0.022781458,-0.05808261,-0.021140797,-0.08788174,-0.011334348,0.0034422332,0.006120618,0.1573729,0.00981135,-0.10623936,-0.0393684,0.008570747,0.050319165,0.07137348,0.06123012,0.039945196,-0.018490534,-0.06083654,0.011558213,-0.063187405,-0.00707335,0.0017347406,-0.06555472,-0.022444947,-0.0178833,-0.13471447,-0.084317006,0.0056322743,0.17614882,-0.123153225,-0.19652991,0.020862285,-1.2898648e-05,0.0,-0.021255167,0.043847177,-0.10853343,-0.016500972,-0.050965175,-0.17248812,0.004968022,-0.04870281,-0.12783882,0.03746707,-0.010535835,0.045622297,-0.0017156233,0.026162565,0.0073925853,-0.0033554097,-0.009623251,0.0024668227,0.011125768,-0.021789094,-0.0552782,1.3570953e-05
363,0.04516878,0.006610119,0.692249,0.0033505335,0.03430828,0.0033233978,-0.00058422494,-0.0138481725,-0.047125295,-0.01555833,0.014366561,0.013499911,-0.062260985,0.0071077547,0.03634135,0.0616712,-0.03143164,-0.01501965,-0.00959728,-0.016198266,0.007789117,0.013377097,0.027769536,0.011467769,0.00049176125,-0.08170275,0.038743813,0.09116385,5.2557793e-05,0.25996652,0.4550269,0.30404648,0.0425366,9.595956e-05,0.0,-0.019903647,-0.008506413,-0.019634958,-0.086073026,-0.03881313,0.01881316,-0.0012035934,-0.05544802,-0.01763918,-0.056197543,0.0073567904,0.0003772768,0.0043171165,0.01329446,0.004890821,-0.0034127575,0.002603456,0.006970298,0.011668079,-0.019144766,-0.025148502,8.5398926e-05
3556,0.017798286,0.00040046882,-0.23095013,-0.0012569113,0.0030702879,0.0042077033,0.0016102508,-0.0031985296,-0.104347266,-0.010368155,0.009355465,0.015831195,-0.048138663,0.016489016,0.045986682,-0.019750416,0.009259542,-0.017776398,-0.024062542,0.0860495,0.026969783,0.09767766,0.01754489,-0.08647414,0.023779515,0.048248973,0.009369497,0.07266305,0.006429635,-0.17581846,-0.2274952,-0.1307113,-0.030334229,-1.0573772e-05,0.0,-0.06323465,-0.022416366,-0.040271506,0.14517356,-0.07406752,-0.029777637,0.0035522785,-0.051766995,0.03386822,0.0054349657,-0.01777053,-0.01092034,-0.0013653842,0.053033017,0.014456988,-0.0023607232,-0.008332562,0.0031584636,0.011271425,0.020731242,0.051620975,1.9266343e-05
16081,-0.073589966,-0.031307284,-0.2644723,1.3774319e-05,0.007090999,0.004182864,0.0031715394,-0.0006985171,-0.13689327,-0.033027783,0.007599729,0.04559682,-0.11357269,0.022518454,-0.10764546,-0.017688876,-0.016907064,-0.040236898,-0.04234464,-0.0716232,-0.080394074,-0.065366216,0.018529788,-0.09091625,-0.056182552,0.025966428,-0.010557866,-0.051436212,-0.02120497,-0.1862238,-0.25493476,-0.1458035,-0.030924562,-1.0573772e-05,0.0,-0.09691511,-0.022122405,-0.03844697,0.13214362,-0.07614688,-0.0465071,0.01150763,-0.051546864,-0.041639734,0.013624989,-0.030471822,-0.0072808648,-0.0016210396,-0.031673554,-0.012283092,-0.0023607232,-0.010413687,0.0053495467,0.008977207,0.016534122,0.037656374,5.1900215e-06
5751,-0.009194976,0.027754124,0.85375214,0.006482453,0.020144494,0.0047910493,0.01126483,-0.0012616758,-0.04414903,-0.0034051621,0.052017964,0.026152108,-0.00940124,-0.00041580014,0.02672276,-0.12133342,0.076362334,0.24123156,-0.0049234848,0.06571124,0.017391251,0.02441359,-0.07202602,0.026949933,0.045626543,0.045716345,0.095929384,0.083340056,0.0014152796,0.3123037,0.5464638,0.38145474,0.04626412,-1.0573772e-05,0.0,0.021986827,-0.0063467827,-0.007766119,0.15763149,-0.048619147,-0.034932476,-0.004115602,-0.0029868481,-0.0079444405,0.0693664,0.003508804,0.028796092,0.004113603,-0.017794691,-0.012340436,-0.0038887442,0.0053018597,0.010203975,0.0115899015,-0.028535863,-0.02196194,6.515915e-05
9019,-0.1638976,-0.049368303,-0.12097923,0.0016956002,-0.01060213,0.0017432957,0.0022950962,0.012386448,0.17755081,-0.0057020565,-0.026086953,-0.035635605,0.05560934,-0.05901267,-0.12354776,0.06778445,-0.14050692,-0.05702134,0.031152617,-0.0036353585,-0.060891304,-0.164505,-0.24106835,-0.062262766,-0.06324828,-0.048177782,-0.117340304,-0.19485919,-0.013436481,-0.13910523,-0.17845002,-0.11680637,-0.02193469,-1.0573772e-05,0.0,0.0009231209,0.03634545,-0.015801795,-0.024224399,-0.07132865,-0.028727025,0.0025321692,-0.0778983,-0.09006974,0.027732925,-0.020395024,-0.05369469,-0.0013653842,-0.01324769,-0.0031842613,-0.002156053,-0.015470283,0.0060532857,0.010837264,-0.011483596,-0.01460814,-5.053689e-07
13034,-0.07449637,0.031532027,-0.07486839,0.003776084,-0.01005118,0.0003877512,0.00692536,0.02190082,0.1316586,0.009690129,0.049522754,-0.0076937275,0.01148396,-0.019026281,-0.007477246,0.0946664,-0.04916489,-0.02745576,0.013791001,-0.036285244,-0.06201542,-0.02121037,0.022973496,-0.06352752,-0.022680527,-0.0021455765,0.08272464,-0.19265576,-0.09726952,-0.14550392,-0.18437865,-0.13080618,-0.024082938,-1.2898648e-05,0.0,0.06762757,0.015217884,-0.016980471,-0.014603643,-0.054085307,-0.043807715,0.014675894,-0.020027326,-0.02271821,0.025378577,-0.022772348,-0.024771791,-0.0013653842,0.0016842679,-0.0021401811,0.00039637962,0.029105905,0.0140127465,0.008589154,-0.019369742,-0.041779146,5.3019357e-06
10309,0.05570091,0.009026157,-0.18200424,0.00018487408,0.009683766,0.0049397293,0.0020127906,0.007942645,-0.09357126,-0.04834856,0.02282079,0.0002578111,-0.033379797,-0.0067075365,0.06317237,0.09254742,0.012164096,-0.006512386,-0.06098481,0.0082912035,0.01974865,0.029219078,0.009676651,0.042788703,0.031676162,0.036034733,-0.029157571,0.08694992,0.0029401612,-0.16023883,-0.20237106,-0.115956515,-0.024990674,-1.0573772e-05,0.0,-0.05139777,-0.017807325,-0.0143359015,-0.038641546,-0.08523104,-0.055335645,0.011756152,-0.009445846,-0.01783706,0.124146074,0.011939823,0.0055065076,-0.0013653842,0.036324307,-0.0032798098,0.00040654145,0.010862518,0.010403108,0.008887877,0.01925548,0.0523397,2.1457317e-06
20715,-0.074558064,0.011748302,-0.15045911,-0.020867413,-0.085052155,-0.0061270404,-0.032962807,-0.027221564,0.16841072,0.0093381405,-0.03675911,-0.0028418084,0.04621709,-0.016492503,0.024356838,0.07001358,-0.053466357,-0.043796666,-0.0029597138,0.04726033,-0.05627568,-0.037379343,0.007323878,-0.050562084,-0.12768567,-0.0038394565,-0.073201284,-0.051920373,0.004385141,-0.14394818,-0.18189645,-0.115194544,-0.019434307,-1.2898648e-05,0.0,0.038735528,0.04165569,0.014344205,-0.022599697,0.085099824,0.029561065,-0.00128055,-0.035533797,0.021643028,-0.032039493,-0.018825615,0.006171883,-0.001376457,0.029660566,0.011230667,-0.0032493996,-0.0047416077,0.0050838003,0.010135467,0.010143319,0.041126743,1.3570953e-05
16431,-0.15890057,0.075778276,-0.19658087,-0.0002766038,-0.0006510768,-0.0011433903,0.0022588002,-0.0018180674,-0.11427262,-0.05114094,0.04834606,0.058878265,-0.13979708,0.023177665,-0.08564809,-0.11747549,-0.080532394,-0.04920713,-0.0072373026,-0.029174361,-0.08680786,-0.048636857,-0.028741468,-0.12893474,-0.035656918,-0.06326042,0.17461558,0.093408644,-0.003226717,-0.1640175,-0.22744462,-0.1401967,-0.024564942,-1.0573772e-05,0.0,-0.045828573,-0.023791177,-0.03303474,-0.1591713,-0.09419714,-0.037443947,0.012537798,-0.054235697,-0.061352987,-0.042330552,-0.041975945,-0.08827193,-0.0016210396,-0.034563586,-0.011850761,0.00040654145,-0.008904603,0.0059857536,-0.8431395,0.014558365,0.041445773,5.1900215e-06
13048,-0.13080174,0.05958899,-0.1383776,0.0034715303,-0.008320397,0.00075728644,0.0015420059,0.015685106,-0.13529932,0.041575592,0.011844772,-0.013264826,-0.013975688,-0.022081763,0.0650916,-0.22053324,-0.09573622,-0.07756868,-0.018545618,0.008726368,-0.020357868,-0.062477555,0.026499934,-0.09831296,-0.016205903,-0.0010773854,-0.032269947,-0.18587999,0.015094382,-0.1759189,-0.22213134,-0.110032655,-0.02954306,-1.0573772e-05,0.0,-0.019555252,-0.031352274,-0.020740123,-0.107237436,-0.05423526,0.010715415,-0.0005534509,-0.00019903132,0.049355082,0.0676783,-0.030488877,-0.025187297,-0.0013653842,-0.01001642,0.0072380076,0.0005039744,-0.008958166,-0.077622876,0.008760463,0.010351967,0.050438665,5.3019357e-06
24989,0.117448606,0.0031396064,-0.19422771,0.008144331,0.03688709,-0.027175479,-0.0017570679,-0.0024220585,-0.01631333,-0.0054359594,-0.0063704518,-0.0066441204,-0.061869957,0.0017099091,0.049693402,0.10061379,0.06993644,-0.03578082,-0.017724425,0.07707542,-0.012516402,-0.065906726,-0.06472087,0.019408368,0.013435955,0.046360172,0.064079344,-0.018234208,-0.021719128,0.26478726,0.35259354,0.41587874,0.04051788,9.595956e-05,0.0,0.010889204,-0.006059868,-0.011530157,0.00035073422,0.046327617,0.040636405,0.0036080189,-0.011720793,0.01230379,-0.024133747,0.0018970788,0.12437657,0.0043171165,0.04022478,0.013539718,-0.0036222928,-0.004318768,9.7978744e-05,0.006623321,-0.011632282,-0.015525587,-5.053689e-07
14169,0.19450843,-0.021250814,-0.19011618,0.0013050102,0.009306477,0.004300305,0.0010340296,-0.0025964938,-0.053523533,0.021286938,-0.004527028,0.004049386,-0.05678797,0.020373272,0.027427232,0.11840574,-0.045219854,-0.025460673,-0.018915912,0.053594023,0.006336143,0.10939512,-0.011777958,0.042265393,0.0392983,0.06282205,0.017527238,-0.027192911,-0.035950445,-0.13990633,-0.17956893,-0.11773287,-0.028658811,-1.0573772e-05,0.0,-0.033376172,-0.018849902,-0.016464017,0.021969855,0.13840356,0.03839838,0.002064382,-0.02481871,-0.030608354,-0.026686149,0.005688994,-0.0066029807,-0.001376457,0.02266302,0.0122473305,0.0036978417,0.008201995,0.0023966064,0.007046362,-0.012479146,-0.025258232,-5.053689e-07
18751,-0.15974714,-0.03054768,-0.2311809,0.0007607089,0.0075349063,0.0038723925,0.001761171,-0.0040044016,-0.083466165,0.007979749,0.019576082,0.0020473534,-0.025597474,0.007208358,-0.012948071,-0.08851466,-0.041967,-0.031358857,-0.039137155,-0.0036429898,-0.06373877,-0.037018523,0.02110204,-0.11453385,-0.041363895,-0.015883524,-0.06257544,-0.026407784,-0.00781781,-0.17720842,-0.2291495,-0.13696969,-0.028534753,-1.0573772e-05,0.0,0.0055603324,-0.026064198,-0.012601271,0.18686666,-0.081521735,-0.046402544,0.009280995,-0.06452852,-0.028249659,-0.013534066,-0.020458423,-0.018973013,-0.0016210396,-0.007772194,-0.011704585,7.827947e-05,0.011550242,0.0045594657,0.0100225685,-0.00907156,-0.035852432,-5.053689e-07
6790,0.11215366,-0.0136945965,-0.20911814,-0.0008875824,0.011231686,0.006829909,0.0012840797,-0.004041571,-0.08570271,0.009762232,-0.0052810167,-0.008239593,-0.055481035,-0.011357692,0.044573862,0.074495874,0.03372845,0.005461951,0.037159912,0.045601998,-0.043887824,0.03863997,0.007017834,0.054039463,0.0099913515,-0.013833595,0.0072598313,-0.06340658,-0.053659648,-0.1485667,-0.1660424,-0.096427105,-0.026807167,-1.2898648e-05,0.0,-0.028376745,-0.031319458,-0.029925987,-0.12461752,-0.10268493,0.08098341,0.00025749003,0.052724976,-0.02406397,-0.032736246,0.006844195,0.0012467116,-0.001376457,-0.03173426,-0.009396749,0.0038521332,0.0077621867,0.0050175735,0.0083296,0.013954148,0.032947265,-4.2372103e-06
15946,-0.10687378,-0.021963181,-0.24379492,0.00028682285,0.004858919,0.006797578,0.0013220902,-0.0026987079,-0.15217014,-0.045126077,0.01231151,-0.0061174044,-0.09662591,0.020342147,0.039979924,-0.062216558,-0.025212083,-0.010030702,-0.05634932,-0.033659693,-0.12146112,-0.06531644,0.018695151,-0.10178147,-0.08052024,-0.05216559,0.0044307983,0.06092053,0.016579702,-0.19854213,-0.26145488,-0.13713485,-0.027849538,-1.0573772e-05,0.0,-0.10344845,-0.026553148,-0.027192686,-0.047741596,-0.049978964,-0.03214494,0.009794469,-0.09212158,0.026484063,-0.038761213,-0.04072099,-0.021973528,-0.0016210396,-0.018125845,-0.012043402,0.00014279611,0.013689953,0.0027783709,0.0097136,-0.010327046,-0.027036747,1.9266343e-05
9542,-0.04742296,-0.09121401,-0.08568107,0.003225123,0.0016445855,0.0147386715,0.009119579,0.00967932,0.18271907,-0.076371565,-0.04514691,-0.061209913,0.062630415,-0.01753384,0.0039544953,0.10052335,0.15322956,-0.00037654903,-0.0011767626,0.06730873,-0.1386011,-0.009500798,-0.016521,-0.05314696,-0.08047533,-0.0033384738,-0.071660094,-0.03353366,0.02503544,-0.1377224,-0.16278806,-0.10731009,-0.017849414,-1.1933477e-05,0.0,-0.027954513,0.040407334,-0.002792169,-0.012819874,0.14982645,0.06963828,-0.001269252,0.061363548,-0.021142887,-0.018346146,-0.01263578,-0.009288691,-0.001376457,-0.013044805,-0.0057918103,0.00034828208,0.00746688,0.009467569,0.010961261,-0.011777262,-0.023717597,-5.053689e-07
12427,0.2115323,-0.020883948,-0.11563647,0.0013300152,0.011919899,0.0042929538,0.00462123,-0.0045525967,-0.076242685,0.0052079395,-0.016984385,0.0075388057,-0.037782595,0.015963001,0.05010633,-0.025985949,-0.046451014,-0.017838752,-0.0048081335,-0.035268664,0.049306653,0.029084118,0.018886456,0.039469,0.0079823425,0.071481995,0.040182218,-0.030189062,-0.021345725,-0.17205334,-0.21319975,-0.12286852,-0.027785018,-1.0573772e-05,0.0,-0.036968265,-0.015023199,-0.031334057,0.14184119,0.15677774,0.03374065,0.002064382,-0.03392081,0.026430203,-0.010895036,0.015172037,-0.0072743716,-0.001376457,-0.019016463,-0.005674958,0.003633325,0.012889311,0.0041493895,0.007978377,-0.014614073,-0.02461546,1.3570953e-05
8690,-0.08255362,-0.048974764,-0.10507771,0.0014145222,-0.061607633,-0.012091768,-0.03801306,0.026085343,0.13499454,0.0039295214,-0.03614637,-0.018867925,0.05065274,-0.022080956,0.048551466,0.1042781,0.15364549,0.05823221,0.058854755,-0.038533457,-0.028021183,-0.049224712,0.011730757,-0.033011142,-0.031062186,-0.02073802,0.047505315,-0.03871853,-0.013163461,-0.14703803,-0.17101488,-0.10496758,-0.021337254,-1.1933477e-05,0.0,0.050590277,0.015787851,-0.021725878,-0.03071099,0.14709131,0.079426944,-0.0022478746,0.06208376,0.03563803,-0.020878093,-0.010148759,0.01679122,-0.001376457,-0.002980282,-0.0058321096,-0.0030000324,-0.009641323,0.00457782,0.009967649,-0.005721336,-0.017922373,1.3570953e-05
9062,-0.034753982,0.04262456,0.83695185,-0.013425931,0.0073081916,0.0020560743,0.0013696661,-0.002227107,-0.0063208914,-0.0017829915,0.08918919,0.020034585,-0.036712635,0.021820202,0.043507855,-0.06796906,-0.052446857,-0.054116357,-0.02285519,-0.027496304,0.006274073,0.07556574,-0.027838215,0.11424822,0.019914446,-0.05915474,0.06328649,0.09261398,0.011743971,0.25123772,0.48903307,0.21273175,0.04232102,-1.0573772e-05,0.0,0.04059518,0.0028809337,0.008771777,-0.057232074,0.0148531785,0.09169634,-0.00061597436,0.0029762588,-0.056819163,0.05236679,0.026890334,0.0009929785,0.011210007,-0.026065754,-0.012025524,-0.0012541187,-0.004059074,-0.0035527982,0.0140064405,0.025025873,0.0245579,9.109431e-05
25039,-0.15830137,-0.06145468,-0.2606357,-0.004992146,0.0035229386,0.0005925281,0.0020969028,-0.00023505703,-0.13668177,-0.10771328,0.057150736,0.008124424,-0.062116873,-0.017995438,-0.14573209,-0.12754698,-0.18435639,0.08586755,-0.07343533,-0.050087094,-0.122753106,-0.06434695,-0.006078789,-0.10030524,-0.076833725,-0.022309816,-0.007818465,0.07871882,0.0001403219,-0.1767149,-0.2411606,-0.12034474,-0.028861806,-1.0573772e-05,0.0,-0.044923414,-0.026240619,0.0018050594,-0.07058951,-0.06433877,-0.112483904,-0.0048002135,-0.03973946,-0.014344586,-0.01692476,-0.037510972,-0.029861378,-0.0013653842,0.024299458,0.013811611,-0.0031762049,-0.013188007,-0.0013247329,0.0062954365,-0.010692919,-0.054877516,1.9266343e-05
5466,0.020265233,-0.005707498,-0.06148503,0.001393667,-0.00089365104,-0.0110434545,-0.025949633,0.015499591,0.12708768,0.020109855,0.08038232,-0.009877783,0.29415876,-0.0055016857,-0.07120265,0.09170289,0.11776217,0.087923,0.036644522,0.07209335,-0.02342115,0.0052240575,-0.004665073,-0.06144113,0.0034597586,0.0025736853,-0.10377478,-0.04417127,-0.009715099,0.1513782,-0.097829826,-0.17634031,0.017939866,-1.1933477e-05,0.0,0.057144187,0.048024543,0.004542799,-0.022275936,-0.059788037,0.032994553,0.0043761446,-0.061686274,-0.039109472,0.01789589,-0.021917896,-0.060925785,-0.0017156233,-0.0048670145,-0.009123052,0.00023417803,0.012387015,0.0073743877,0.009165077,-0.014544349,-0.013180912,-5.053689e-07
8857,-0.0044727162,0.003338759,0.9053697,0.0059047267,0.02323279,0.0024721995,-0.09514873,0.00080532266,-0.04253787,-0.0062112603,0.007804274,0.006870391,-0.052621786,0.019139264,0.0009897802,0.030836836,-0.04356491,0.027874472,-0.0019768737,-0.031410437,0.012690423,0.018606594,0.02533693,-0.0018816949,-0.06970846,0.012216136,-0.04051113,-0.013343516,0.0040134587,0.3423473,0.5776464,0.45486003,0.039235055,5.8941165e-05,0.0,-0.033062123,-0.010210406,-0.008090805,0.12855065,0.061350502,-0.01896405,0.006012662,-0.04883264,-0.023092587,0.0054906467,-0.0034953663,0.01445939,-0.0014632588,-0.020530727,-0.006838871,-0.0028277794,-0.0062531997,-0.027529297,0.0075070867,0.012852057,0.0094856825,5.946376e-05
16032,0.077630214,-0.0356686,-0.17633872,0.01449389,-0.009118722,0.004959353,-0.0018821394,-0.0052017537,-0.050308138,-0.020816907,-0.043028247,-0.006648564,-0.07202849,0.023253415,0.03843299,0.0041216426,0.027833419,-0.042769216,0.015178993,-0.046759915,-0.0071757627,0.02362225,-0.075541504,-0.014768631,-0.1084951,-0.34105125,0.015953988,0.09441359,-0.019741034,0.28373253,0.40120968,0.4276396,0.049390182,-1.0573772e-05,0.0,-0.039759576,-0.009971386,-0.012085646,0.1367154,-0.077785216,0.0405312,0.0004647891,-0.01724002,0.011678471,-0.0016078874,0.007761667,-0.0057345987,0.0052601276,-0.030158637,-0.011772027,0.00085053407,0.0042889277,-0.0041862335,0.009363834,0.00069884275,0.038330432,-5.053689e-07
19924,0.14619316,-0.026519345,-0.2271597,0.0019876594,0.009203458,0.0034786547,0.0014570573,-0.0040490124,-0.1038812,-0.0024028227,-0.008421479,0.00080466835,-0.0355082,-0.0053116395,0.003650709,0.047188573,-0.037519254,-0.019112162,0.044324573,0.06160105,-0.019371545,-0.059790175,0.014331747,-0.043545168,-0.0025694994,-0.02213018,-0.010941516,-0.049066823,-0.016355176,-0.16392401,-0.22980885,-0.11560776,-0.027661426,-1.0573772e-05,0.0,-0.012603783,-0.028602188,-0.030928832,-0.025234876,-0.10431211,0.027836122,-0.0013544706,-0.05884839,-0.05125961,0.012680585,-0.0021791717,0.00047251696,-0.0016210396,-0.026667325,-0.008197109,0.0023632506,0.005163024,0.005685466,0.010994053,0.013203172,0.03673828,-5.053689e-07
239,-0.070366286,0.024139151,-0.22751394,0.0041935686,0.005048503,0.00233897,0.0017134066,-0.0018518872,-0.055706974,-0.044182014,0.11911351,-0.015235627,-0.08526918,0.047585987,-0.116102055,-0.09170445,-0.0666205,-0.07368103,-0.03218745,-0.05178259,0.060108665,0.19316189,-0.02038319,0.17489706,-0.0006805274,-0.027887689,0.071558416,0.07478188,-0.036742967,-0.14122966,-0.19506444,-0.13422842,-0.029388288,-1.0573772e-05,0.0,0.050119516,-0.014664487,-0.005456455,-0.042200997,-0.03851585,-0.044590544,0.011213591,-0.03285044,0.028922051,-0.015487433,0.042433124,-0.020391855,-0.0016210396,-0.042734664,-0.019970156,0.00040654145,-0.026361141,-0.020466983,0.009590663,0.01280286,-0.0035141828,5.1900215e-06
13650,-0.13854253,-0.039714694,-0.13021936,0.00422639,-0.010127907,0.00048008538,0.0040166676,0.015792387,-0.09407285,0.049578797,-0.020190636,0.013500964,0.042495865,0.02783795,0.056701604,-0.25830883,-0.111007,-0.02071861,0.0068213753,-0.037731253,-0.019473394,0.026380861,0.002147375,-0.108305514,0.0247915,-0.039256778,0.0103872195,-0.19855808,-0.061296485,-0.1626166,-0.21065466,-0.09349953,-0.028735843,-1.0573772e-05,0.0,-0.06769095,-0.029491102,-0.013536591,0.16086863,-0.017188491,-0.18230125,0.015041862,-0.020409038,-0.025022589,0.042956077,-0.030838806,0.014900646,-0.0013653842,0.006307588,-0.022261288,0.009658391,-0.019336702,0.0018872658,0.010678206,-0.03401408,-0.09110031,1.3570953e-05
488,-0.190133,0.015336794,-0.24748197,0.00021843406,0.0026021586,0.0034486074,0.0025431258,-0.0011551352,-0.1532674,-0.03685411,0.019813696,0.015179282,-0.120487064,0.016865017,-0.0053104563,-0.025414903,-0.046845913,-0.042259116,0.043683805,-0.009611881,-0.1099796,-0.05610745,0.0062349755,-0.0999314,-0.116870165,-0.008444325,-0.007881082,0.09382484,0.032970846,-0.19103791,-0.24133109,-0.13808914,-0.026551105,-1.0573772e-05,0.0,-0.055478733,-0.025803057,-0.046811428,-0.041650567,0.14506508,-0.04079599,0.014805043,-0.052007403,-0.004922457,0.0023752886,-0.052951988,-0.021314431,-0.0013653842,0.04191156,0.0138665205,0.0002073109,0.008485232,0.0068355827,0.009457633,0.009979345,0.045522496,5.1900215e-06
13156,0.044516504,0.010124669,-0.22957155,-0.00014342881,0.005743686,0.0025702165,0.001587628,-0.0021667024,-0.1068471,-0.012608323,0.0022598805,0.004941758,-0.0730173,0.00985569,0.037774898,0.026712261,-0.032719545,-0.032688722,-0.013600574,-0.03269405,0.0070207217,-0.039068155,0.014741605,0.005053152,-0.013253598,-0.036890406,-0.0427855,-0.045967724,-0.026023857,-0.18260954,-0.21510574,-0.13077028,-0.029151458,-1.0573772e-05,0.0,-0.051271494,-0.021748114,-0.040528245,-0.097233,-0.09002783,0.025641708,0.0018075858,-0.055960305,-0.029781383,-0.04914398,0.018036755,-0.016917929,-0.001376457,0.03620649,0.008211281,-0.009406014,-0.012488619,0.005041085,0.0074495813,-0.0131875975,-0.052079692,-4.2372103e-06
16472,-0.059004813,0.042799983,-0.25093615,7.747607e-05,0.008964264,0.003237703,0.0030686597,-0.0045991754,-0.12631379,-0.047146164,0.025413655,0.027433882,-0.09138079,0.014059219,-0.013894728,-0.033718962,-0.07351463,-0.07415097,0.0044372734,-0.038329117,-0.03164275,-0.055151593,0.016676309,-0.0884546,-0.007394848,-0.02257498,-0.00404472,0.10677375,0.01925482,-0.18775642,-0.2429608,-0.13916305,-0.029005881,-1.0573772e-05,0.0,-0.057466667,-0.02894076,-0.030154832,-0.10757528,-0.053899974,-0.04581165,0.0015218515,-0.046013363,-0.032646947,0.058702838,-0.024277043,-0.023576718,-0.0013653842,-0.037905093,-0.010416513,-0.003176058,-0.010455071,0.0098082945,0.0088430075,0.01723414,0.025408879,5.1900215e-06
21936,-0.020582393,-0.038719155,-0.22465244,0.0008245389,0.013327971,0.0039076745,0.0031966686,-0.0030607348,-0.07137033,-0.020186463,0.040183168,0.0051031243,-0.044208292,0.004744023,-0.11439294,-0.1671821,-0.13582437,-0.06750245,-0.012345882,-0.03741459,0.04162985,0.14496422,0.14456765,0.14850478,-0.07648871,-0.022242367,-0.0017813632,-0.047681965,0.012453675,-0.14707018,-0.20539254,-0.13726154,-0.027660424,-1.0573772e-05,0.0,-0.034307934,-0.013305143,-0.012194912,0.008083779,0.054047827,-0.08296362,0.0034997775,-0.033801686,-0.0048497994,0.033782512,0.033010483,-0.031266194,-0.0013653842,-0.021376302,-0.009998461,0.00014279611,0.016711364,0.008276373,0.010110467,-0.011221795,-0.017566567,1.9266343e-05
28635,-0.09139148,-0.0030715968,-0.11943659,0.0027512906,-0.008087495,-0.00085925567,0.0091854995,-0.018112356,0.016073372,0.0102166,-0.019435288,-0.025979396,-0.0065228976,-0.020002475,-0.06664516,0.07115008,-0.1423282,0.05714154,0.029530296,-0.047662187,-0.058049493,-0.03137433,-0.28107637,-0.06268982,-0.11870704,0.00025217922,-0.048847727,-0.04597283,0.036086142,-0.15654068,-0.20318362,-0.13589981,-0.022877144,-1.1933477e-05,0.0,0.065130055,0.0035301503,-0.013435632,-0.020760166,-0.046093144,-0.040540382,0.0013721716,-0.061344333,-0.051720027,0.04328252,-0.021108177,-0.002134395,-0.0013653842,-0.03380279,-0.016458668,-0.0024051995,-0.010413687,0.011946909,0.009988181,0.014101459,0.024050364,-5.053689e-07
21476,-0.1565778,-0.040766783,-0.23165211,-0.008627504,0.0067726998,0.0009024732,0.0005633631,0.012004064,-0.098631926,-0.021853799,-0.029580945,0.0027599747,0.006266081,-0.017541807,0.040234838,-0.09377327,-0.054280583,-0.037442174,-0.016358003,-0.0304985,-0.06481702,-0.044885658,-0.015169769,-0.087664336,-0.044110943,-0.024162952,0.009013057,-0.031242214,-0.050746974,-0.18222402,-0.21591076,-0.1126713,-0.030365402,-1.0573772e-05,0.0,-0.016646348,-0.03372739,-0.022718068,-0.101730086,-0.04035719,-0.04518764,-0.0011761544,-0.043717712,-0.026068352,0.037116084,-0.023497364,-0.004961123,-0.0013653842,-0.01727409,-0.009047339,0.00044962147,0.011038857,0.0074729077,0.010978393,0.024823911,0.06126861,-5.053689e-07
2781,-0.10798689,-0.0081948545,-0.07590894,0.00068808754,-0.06777045,-0.008837418,0.0024577635,0.017787205,0.0051518464,-0.01543949,-0.036422227,-0.01985218,0.048084665,-0.024043316,0.057082247,0.07520018,0.13365024,-0.02732249,0.049914423,0.05645629,-0.04578105,0.017356284,0.00755549,-0.043522887,-0.106799126,-0.017257635,-0.061461713,-0.040191475,-0.009293224,-0.16733311,-0.17609873,-0.10613007,-0.022232875,-1.2898648e-05,0.0,0.05510618,0.008849534,-0.02386772,-0.051777367,-0.09812951,0.038852368,-0.0017091112,0.044476777,0.046442598,-0.03930237,-0.0134458495,0.0068342006,-0.001376457,-0.021409,-0.0076470375,0.00053649076,0.0046431865,0.0049253423,0.011674281,0.011133114,0.027085716,1.3570953e-05
1150,0.063013695,0.071336426,-0.19615343,0.006214487,0.013151609,0.008864361,0.0053384304,-0.010791636,0.09430014,-0.0109130265,0.026117299,-0.0106782215,0.07600434,-0.01633851,0.04780582,0.010116323,0.10084323,0.049624667,0.053161424,0.056626152,-0.018237447,0.013696011,0.0013657733,-0.02163024,-0.0011474353,-0.026617086,-0.022785153,0.0930665,0.022474227,0.20344198,0.28478268,-0.048960846,-0.0463764,-7.922725e-06,0.0,0.014116882,0.0153031135,0.0015417848,-0.046346046,0.09947989,0.0561219,-0.0015902335,-0.018189037,-0.008829863,-0.011466945,-0.011448311,0.011843749,-0.0037705677,0.03677565,0.01404011,0.00039644534,0.003910082,0.005247725,0.008713457,0.013846809,0.05316957,-5.053689e-07
13210,0.11786861,-0.04261143,-0.32344833,-0.007980859,0.010543958,0.005447718,-0.002017043,-0.0027320343,-0.06813683,-0.0032009087,-0.036011267,-0.002000798,-0.00020633149,-0.054549646,0.026823122,0.06325194,0.019481122,-0.044283908,0.0223009,0.03250336,-0.010237287,0.029161517,0.021702588,0.040250476,-0.03825443,-0.01978678,0.009617082,-0.033995174,-0.021631176,0.20810577,0.2645236,-0.0301356,-0.0845107,-1.0573772e-05,0.0,0.016092863,-0.0041143266,-0.023265861,-0.017421253,-0.056842044,0.033777386,-0.0024492415,-0.015931364,-0.044779144,-0.096463695,-0.035539024,-0.008563638,-0.005836264,0.015182456,0.01278781,0.006010649,0.008771665,0.003444103,0.01031944,-0.021057349,-0.05085494,-4.2372103e-06
3349,0.004938823,0.038748577,0.9244869,-0.0061961445,0.019211637,0.0042142393,0.00945846,-0.0014358092,-0.04849573,-0.015778054,0.008976112,-0.01841029,-0.079936445,0.024362355,0.027557401,-0.042766944,-0.046284705,-0.0330443,0.023595896,-0.028554937,0.0284816,-0.018567668,-0.0024590748,-0.0012741731,0.0026454846,0.01862278,0.040977973,-0.0062804003,0.005171246,0.3179511,0.5725138,0.40058514,0.050525974,-1.0573772e-05,0.0,-0.025102431,-0.0096883625,-0.012004755,0.16266005,-0.03155587,-0.009324856,0.0025671523,-0.038790103,0.020679833,0.005135062,0.008159134,-0.0028441679,-0.0015818586,0.023087284,0.007864473,-0.004045791,-0.009133724,-0.042402368,0.010178841,-0.020027116,-0.04742203,0.00033800353
2897,-0.056541532,0.026292449,-0.0758769,-0.011940518,-0.054440696,-0.012980766,-0.019904314,-0.0011972855,0.1926213,-0.024344819,-0.05851721,-0.012059036,0.035262477,-0.025285862,0.041863915,0.0674597,0.14043,0.06125335,0.044990495,0.0665975,-0.084272936,-0.0060602305,0.008999449,-0.05050049,-0.0047943075,1.1682126e-05,0.06802349,-0.032550003,-0.0150589,0.1872879,-0.05485681,-0.13575815,0.017725049,-1.1933477e-05,0.0,0.00961839,0.034768272,0.0795298,-0.008434566,0.2503261,0.10413876,-0.0029418329,0.07131379,0.04401587,-9.087473e-05,-0.012001669,0.02135084,-0.0030826493,-0.01642726,-0.0073545715,0.0003913621,0.0050600776,0.00493872,0.012576227,-0.0056702667,-0.0045723314,1.3570953e-05
18591,-0.20514384,-0.038273685,-0.18430494,0.002036206,-0.015674189,-0.00082119764,-0.0001405894,0.012398606,-0.07195791,0.009870079,0.0012523927,0.005966627,0.039213084,-0.0042365366,-0.064859495,-0.024967637,0.0536812,-0.021026948,-0.028523128,0.059636015,-0.0494665,-0.028445393,-0.008231969,-0.10392689,-0.07688368,-0.017486708,-0.09720917,-0.0008575221,-0.01837324,-0.16536179,-0.19595163,-0.113612406,-0.021042196,-1.0573772e-05,0.0,0.08182915,-0.02093854,-0.028615728,-0.045990452,-0.07245524,-0.024905646,0.0025859992,-0.038151506,0.005436977,0.03994063,-0.017291054,-0.04285613,-0.0013653842,-0.0018899337,-0.009913217,0.0002325728,0.008495149,0.01016009,0.010904172,-0.010344132,-0.039559107,1.3570953e-05
25602,-0.06465377,0.038339704,-0.12916438,-0.0019282346,0.00040254893,0.0018080877,0.002687669,0.009200584,-0.052099172,-0.14187714,0.052620783,-0.031016394,-0.07192139,-0.037290078,-0.06946113,-0.10219723,-0.16367958,0.068105504,-0.029888975,-0.03710736,0.07670376,0.13125198,0.019840065,0.3004467,-0.0054968996,0.074048646,-0.06825039,0.10459846,-0.05220869,-0.09922537,-0.18492183,-0.12379094,-0.024072666,-1.0573772e-05,0.0,-0.0025007776,-0.0634173,-0.08351984,0.09825638,-0.048145078,-0.06485535,-0.009713467,-0.0047318134,0.006422752,0.10304173,0.035895586,-0.028124075,-0.0013653842,-0.030888984,-0.02147186,0.004290666,-0.013640827,0.010358171,-0.6727043,-0.010955414,0.032261077,-0.0007020473
27761,-0.023910036,-0.0037656557,-0.20036787,0.00018745614,-0.00047480396,0.003465074,0.0017717157,-0.0018907734,-0.094454065,-0.009728779,0.020252777,0.07917457,-0.10220684,0.024101496,-0.019055206,-0.026708435,0.0064869258,-0.023388019,-0.008376229,-0.028580368,0.014682934,0.1861835,0.020606218,0.19503687,-0.0108541725,-0.015625155,0.17004691,0.08464916,0.012172581,-0.14349063,-0.21682873,-0.121954344,-0.028240724,-1.0573772e-05,0.0,-0.051470615,-0.018438112,-0.0253421,-0.026106207,-0.07291515,-0.026208142,0.010279936,-0.04422791,-0.039749127,-0.057084788,0.036344677,-0.0014226926,-0.0016210396,-0.01210244,-0.009192739,0.0018309093,-0.01731774,-0.03913714,0.0086368155,-0.01372306,-0.029413171,5.1900215e-06
12621,-0.030592484,-0.025786731,-0.09050906,-0.021851253,-0.0076126507,-0.0006632559,0.0095539475,0.012976205,0.26972237,-0.007904957,-0.012656167,-0.041451417,0.019916989,-0.022947777,0.025901955,-0.1655026,-0.12529488,-0.03186955,0.034262415,-0.03170804,-0.058968205,0.016419046,0.027684176,-0.05277877,0.033108745,-0.0893777,-0.053425588,-0.0136509575,-0.010066044,-0.13770376,-0.19051786,-0.12762828,-0.02194985,-1.0573772e-05,0.0,0.054961298,0.060580168,-0.03515589,-0.084300905,-0.09932023,-0.0504322,-0.0030576326,-0.019721027,-0.053475454,0.035258666,-0.0150456,-0.017797519,-0.0013653842,-0.021439113,-0.010287628,0.0003666789,-0.006124364,0.004889908,-0.9541374,0.030994434,0.043169454,-5.053689e-07
14882,0.04073149,-0.0049209306,-0.21860023,0.009748831,0.02145594,0.004785789,0.0019167992,-0.005613071,-0.068677194,0.03174699,0.029238457,-0.009552612,-0.063736275,0.009728746,0.06336303,-0.48139638,0.019500654,-0.012145661,-0.095291585,-0.0017442615,0.020674404,0.030826243,0.01714309,0.010300223,0.0008400632,0.0651549,-0.04350388,0.08020767,0.017965771,0.26866797,0.40993425,0.34891328,0.055035643,-1.0573772e-05,0.0,-0.048786048,-0.019884435,-0.019757587,0.09178717,-0.086552024,0.042132907,-0.006238097,-0.02957813,-0.0808266,0.063203335,0.003914809,0.02432953,-0.0012110719,0.025238156,0.00947577,0.0004788239,0.0052565085,0.004951648,0.008915918,-0.021203712,-0.059095155,-5.053689e-07
7867,-0.164144,-0.01892366,-0.26201707,9.8206816e-05,0.0037004966,0.00335608,0.0013729911,-0.0042756074,-0.16016276,-0.044166595,0.0129997255,0.01401509,-0.08113408,0.0219874,-0.021286717,-0.03966269,-0.014311686,-0.009704158,0.005085843,-0.03656036,-0.11487534,-0.051173307,0.020704525,-0.10657181,-0.02941192,-0.021796558,-0.007737215,-0.035080105,0.026068209,-0.18283428,-0.24451187,-0.13714862,-0.028459627,-1.0573772e-05,0.0,-0.11353025,-0.027297456,-0.047880583,-0.10362615,-0.06384724,-0.038733583,0.0024263202,-0.059778854,-0.05576415,-0.059079062,-0.05365739,-0.02832212,-0.0016210396,-0.017637033,-0.005337771,-0.0025534877,-0.012994719,0.006827269,0.008544205,-0.012062126,-0.040554915,5.1900215e-06
23644,-0.08303276,-0.04579407,-0.16299976,-0.03180398,-0.07364742,-0.0051389006,-0.037486047,-0.026983164,0.10031311,-0.0060848384,0.0022367602,-0.00016245291,0.020904034,0.0024143313,-0.13550436,0.04944165,-0.14014636,-0.06311574,-0.0017763975,-0.07322911,-0.046196718,-0.026162587,-0.007981724,-0.053785555,-0.16618223,-0.018332269,0.012464239,-0.019388955,-0.018001314,-0.15125214,-0.19459152,-0.12823449,-0.021563085,-1.0573772e-05,0.0,0.07409854,0.03938965,-0.014457825,0.12274549,-0.045747563,-0.027811829,0.014187062,-0.03089855,-0.004509013,0.040775996,-0.022198401,-0.03131699,-0.0013653842,-0.0129734995,-0.0035687054,0.0002039814,0.011031866,0.00497185,0.009934295,0.014761645,0.038699318,1.3570953e-05
26993,-0.009914271,0.029045872,-0.23209082,-0.00051876716,0.010545463,0.0034154896,0.0020800983,0.0015932913,-0.10279186,-0.027756484,-0.004750316,0.006146891,-0.058954086,0.015743362,-0.11620332,-0.11280088,-0.08984084,-0.050205536,-0.03389169,-0.04808859,-0.028349608,0.0018589786,0.012753436,0.002458276,-0.009369898,-0.021564657,-0.036475312,-0.06792214,-0.047124717,-0.17678465,-0.21603478,-0.12507151,-0.030076744,-1.0573772e-05,0.0,-0.065253206,-0.025532065,-0.04080959,-0.1199851,-0.060967475,0.010263839,-0.0012323178,-0.03796537,-0.035125025,0.025985448,0.020044846,0.0036961029,-0.0013653842,0.02797831,0.008335245,-0.0025534877,-0.012476814,0.0071570207,0.007357035,-0.01963616,-0.062499568,-4.2372103e-06
23994,0.11790047,-0.043740537,-0.03254172,0.0032861086,0.0027087727,0.0031722535,-0.0008861873,-0.012597886,0.20779754,-0.0066501372,-0.034923922,-0.015197278,0.057126008,-0.02364759,0.024304248,0.10516456,0.07438193,-0.028488332,0.03242797,0.08023429,-0.014585916,0.035528947,0.040567487,-0.0328376,-0.023362873,0.005721761,-0.085690916,-0.037270866,0.036525663,-0.12832898,-0.14885697,-0.10362731,-0.017861577,-1.2898648e-05,0.0,0.05233372,0.035191298,0.00409409,-0.0034306464,0.13672736,0.068259425,-0.0013930914,0.020143941,0.017205454,-0.012524791,-0.010480704,-0.03870625,-0.001376457,0.020469783,0.010491973,0.00090710656,0.007017787,0.007310164,0.0102015035,-0.02071809,-0.05225336,1.3570953e-05
12485,0.05251933,-0.007383152,-0.20824105,0.0010935356,0.004143947,0.003783946,0.0017169933,-0.0008273553,-0.085108615,-0.002010158,-0.0027655838,0.010768507,-0.07485767,0.026514584,0.045361057,-0.026341753,-0.040413775,0.00763915,-0.004841369,-0.040086716,0.032119986,0.02904576,0.017852275,0.022906898,-0.08835001,-0.024172021,0.03685026,0.07200224,0.013289236,-0.18818408,-0.21374102,-0.1328895,-0.025894994,-1.0573772e-05,0.0,-0.04374646,-0.017148452,-0.009430183,-0.058661684,0.081776,0.0050735604,-0.00064317224,-0.027619507,0.02615602,-0.030056559,0.02263764,-0.014676971,-0.001376457,0.036473878,0.010119307,0.00066244643,0.010196293,0.0047231745,0.007436587,0.012278797,0.031036524,1.9266343e-05
24582,0.1561412,0.023981903,-0.24334425,0.0014621086,0.009135709,0.003807276,0.0023515297,-0.00043502287,-0.1096834,0.007953916,-0.025344856,-0.0029740608,-0.042866893,0.00048241267,0.032062,-0.028715884,-0.067935996,-0.027890788,-0.01117032,-0.042514157,-0.06013291,-0.04687451,0.017451774,-0.056967307,-0.058393642,-0.028818456,0.014201224,-0.04163223,-0.019230897,-0.17546846,-0.22856705,-0.12626848,-0.02708045,-1.0573772e-05,0.0,-0.05616028,-0.023954032,-0.027928509,-0.04481077,0.11875245,0.028714532,0.006419078,-0.03516435,-0.030462658,-0.038234632,-0.020378452,-0.0043305787,-0.001376457,0.030090585,0.020884989,0.0037876184,0.0129000675,0.005006956,0.007701404,-0.0116269225,-0.0329264,-5.053689e-07
666,-0.014426064,0.0031839418,-0.2125786,-0.000100535806,0.0087821055,0.003370419,0.002135992,-0.004730544,-0.08159523,-0.03228528,0.033105046,0.014121986,-0.09664224,0.019481648,-0.11009769,-0.0074037025,0.019670822,-0.026881944,-0.042872112,-0.04300357,0.033359773,0.17323287,0.01139311,0.20990321,-0.004433987,-0.018045368,-0.05534977,0.09203986,-0.017430954,-0.14119774,-0.20421413,-0.12635913,-0.028411549,-1.0573772e-05,0.0,-0.0012917507,-0.010567965,-0.0026035851,-0.07279531,-0.059473906,-0.031599283,0.0040791547,-0.06078247,-0.050997563,0.0062592602,0.03876157,-0.006359368,-0.0016210396,-0.039515875,-0.016542437,0.00040654145,-0.015051271,-0.028367646,0.0091066435,0.014007572,0.03333078,5.1900215e-06
23754,-0.06523915,0.036031958,-0.17075777,-0.019265912,-0.062085662,-0.016879681,-0.029763732,0.00070748024,0.2361684,-0.0069999504,-0.040330593,-0.004237491,0.059517257,-0.017175924,0.056773607,0.082397185,0.13992772,0.06415805,0.044133663,0.066309415,-0.09671602,-0.015653687,0.0048245764,-0.046072725,-0.051706526,-0.059503075,-0.05589638,-0.02356748,-0.009680362,-0.1411888,-0.17109746,-0.10895664,-0.020430239,-1.1933477e-05,0.0,-0.04143663,0.05296767,0.010460939,-0.023735968,0.096750475,0.053847123,-0.002284882,0.03025642,0.059096728,-0.027629657,-0.0134060215,0.017085692,-0.001376457,-0.01700827,-0.008104541,0.0005093563,-0.0043718093,-0.02558875,0.010570396,0.010208387,0.02645698,1.3570953e-05
19932,0.060286462,0.03726813,-0.3654514,-0.009835848,0.03024113,0.002662284,0.0021163796,-0.004027987,-0.07852917,-0.0014866919,0.0062089725,0.013254944,-0.05845808,0.009566561,-0.087472014,0.07298034,0.0052972,-0.02588237,-0.010712176,-0.027294861,0.0496191,0.073239654,0.015330983,0.03155333,0.008987536,-0.028602153,0.009159788,-0.054082043,-0.028882196,0.16315505,0.3005175,-0.07186419,-0.09042745,-1.2898648e-05,0.0,-0.025859658,-0.018582465,-0.014787594,-0.071339086,-0.0690016,-0.0062165638,0.006563329,-0.045620903,-0.05008625,0.0037096848,0.013341412,-0.011492735,-0.005922408,-0.024211103,-0.0066650216,0.0005900372,-0.007893461,-0.022788193,0.006921397,-0.013579118,-0.022053137,1.4581801e-06
18172,-0.2303288,0.033077814,-0.118088625,0.0018586941,-0.012224536,0.00037684196,0.0035101054,0.022307675,-0.07725603,0.010717149,0.011590718,-0.028796393,-0.0032071415,-0.019325882,-0.057463974,-0.06483192,-0.08582144,0.114981085,0.029869532,0.081611894,-0.061108567,-0.049530957,-0.0022183121,-0.089492574,0.0213303,0.005267378,-0.0521536,-0.12066592,0.094825625,-0.15775388,-0.20132893,-0.11594772,-0.021209026,-7.922725e-06,0.0,0.07450058,-0.038643375,-0.0058599287,-0.044496894,-0.02352903,-0.03775733,0.021917922,-0.053987183,-0.007110716,0.06522525,-0.019704739,-0.037443645,-0.0013653842,0.007171927,0.011650581,-0.0022160762,-0.008610928,0.005888652,0.010024864,-0.012756345,-0.044374056,-5.053689e-07
27926,-0.09297807,-0.047842454,0.95186377,0.0048026973,-0.09190539,-0.014828634,-0.030082643,0.01767939,0.11070484,-0.014606793,-0.05525252,-0.01388818,0.08628889,-0.027295174,0.02101713,0.06063596,0.089654155,0.107005,0.04732894,0.088213295,-0.07295945,0.013651818,0.0028261677,-0.01901725,-0.040637694,-0.024982806,0.071229994,-0.016227394,-0.0119755985,0.24224973,0.42086643,0.1853469,0.022734819,-1.1933477e-05,0.0,0.017753864,0.008211692,0.030158132,-0.038403008,0.068077534,0.015608186,-0.0029048256,-0.011007843,0.040321298,-0.014116034,-0.005157198,0.022221634,-0.0020587682,-0.0033038212,-0.005602189,0.009486183,-0.0063675498,0.0051270477,0.013281069,-0.008258303,-0.01464305,0.00033230815
25163,0.019295089,-0.014569467,0.8391648,0.0070342696,0.03385646,0.0032722994,-0.0012335533,-0.0016982389,0.0027010224,0.008686848,-0.011013206,-0.014585798,-0.042341333,-0.0048911027,0.025425844,0.0512254,-0.039146412,-0.031740762,0.02318148,0.051249515,-0.027738236,0.05834481,0.019411895,-0.004691971,-0.03826634,-0.0090277,0.0423555,0.08719444,-0.0044932645,0.26004407,0.46466747,0.3885747,0.03526761,9.595956e-05,0.0,0.023958756,-0.007315684,-0.024441283,-0.05643159,0.036496375,0.0593525,-0.0021945254,-0.0065791784,0.02914363,-0.0355572,-0.010320084,0.0053407205,-0.0011585169,-0.01602867,-0.007417976,0.009209736,-0.0041220402,0.0066114804,0.0122468565,-0.010578807,-0.01825928,0.00033230815
20968,-0.013116344,0.014265849,0.4144069,-0.08388381,0.048688684,0.0048458963,0.012329589,0.011355476,0.057587713,-0.013787061,0.074179806,0.018430002,-0.023776742,-0.004079509,0.04242473,0.064363405,0.06450586,-0.03159923,-0.029313514,0.04382059,-0.06381894,-0.065874316,-0.027663577,-0.048548896,0.030322868,-0.04646483,-0.017379953,0.13259296,-0.0107641965,0.20861784,0.44044816,0.3042418,0.0219674,9.595956e-05,0.0,0.05113579,0.04691675,-0.046813052,-0.04694126,-0.0812507,0.024203287,-0.0036170005,-0.036409806,-0.016135404,0.029047826,0.012036055,-0.00041987543,0.004113603,0.034814868,0.011198202,-0.021456229,-0.004458734,-0.00232688,0.010274969,0.025220431,0.06442877,9.109431e-05
26960,-0.16651554,0.0032137956,-0.26035056,-7.4824e-05,0.006564456,0.002949105,0.0014718346,-0.002220885,-0.1290115,-0.057532288,0.026454892,0.044593785,-0.12776898,0.019245384,-0.123662554,-0.013503567,-0.01485235,-0.044562392,0.0054141874,-0.040948804,-0.0711649,-0.06974687,0.0022889301,-0.0995601,-0.03296259,-0.018611142,-0.014947384,0.0007043036,-0.005737271,-0.18676004,-0.24535319,-0.13257293,-0.028423712,-1.0573772e-05,0.0,-0.033215225,-0.024907323,-0.018238915,-0.07908408,-0.047059238,-0.031406887,0.010016441,-0.050816387,-0.036625132,0.014529302,-0.036306854,-0.04929802,-0.0016210396,0.04658065,0.020753585,-0.0027426109,-0.010702731,0.007948003,0.009299322,0.013202197,0.052633,5.1900215e-06
13834,0.18729052,0.02334852,-0.18136567,0.004765656,0.012234175,0.0073001883,0.00028486116,-0.0044662473,-0.073286295,0.02113126,-0.020491723,0.0020477355,-0.033137172,-0.013808397,0.021086212,0.11604187,0.046478547,-0.053159323,-0.017915692,-0.07058212,0.017233826,0.08491231,0.00970174,0.19184895,0.03618504,-0.021370787,-0.00728888,-0.044277664,0.04680536,-0.13203028,-0.17548126,-0.103755765,-0.024985256,-1.0573772e-05,0.0,-0.028568156,-0.013642384,-0.04982652,-0.03135204,0.12736796,-0.047435444,0.002002803,-0.040012456,-0.13934572,0.07177825,0.021506872,-0.007147721,-0.0013653842,-0.018094087,-0.014797643,0.00395568,0.014816214,0.0025046463,0.0087773185,-0.018357238,-0.027334187,1.3570953e-05
19125,-0.06882086,0.00052087766,-0.22087555,0.0034635442,0.0141609,0.002861256,0.0027929759,-0.003765272,-0.14350788,-0.032776475,-0.022125531,-0.002296564,-0.023046108,-0.016895825,0.051809255,-0.018348334,-0.04512524,-0.021597601,-0.010062865,-0.09349153,-0.1115975,-0.069642395,0.014982516,-0.10790802,-0.0007467356,-0.011157481,-0.016291704,-0.057223786,0.015509735,-0.17680663,-0.23633482,-0.13004175,-0.025945926,-1.0573772e-05,0.0,-0.06827443,-0.028846268,-0.022629473,-0.08875254,-0.078509115,-0.08429703,0.005966202,0.030160777,-0.074780986,0.13278015,-0.026771111,-0.0046649547,-0.0013653842,-0.018676756,-0.0012044215,0.00034202664,0.013490436,0.0026159587,0.009756231,-0.020648876,-0.04320682,2.1457317e-06
22214,0.11616739,-0.035353985,-0.19737731,0.00080550817,0.008826868,0.0035057429,0.001974548,-0.004658672,-0.071672834,-0.014656078,0.0070708827,0.0035148181,-0.034943298,0.060385644,0.01635664,-0.012255181,-0.12514368,-0.028482316,-0.01521598,-0.03280283,0.050592404,0.14417432,0.016235836,0.23916121,0.061649017,0.03975508,-0.028823543,0.10815921,-0.010226793,-0.13757819,-0.18691887,-0.10189188,-0.028165929,-1.0573772e-05,0.0,-0.02899477,-0.018262144,-0.011441811,-0.052189346,-0.018219132,0.04879186,0.007962737,0.007821584,-0.048270456,0.088584356,0.037104364,0.0043962267,-0.0013653842,-0.02419529,-0.012230521,0.0040201945,0.014387161,0.0036855252,0.0085016955,0.024816958,0.04878129,1.4581801e-06
19153,-0.05393046,0.015077529,-0.22167183,0.00017405786,-0.00023047102,0.0033650396,0.003422591,-0.0045991754,-0.094475,-0.029376155,0.055226948,-0.0281123,-0.08481206,-0.003805919,-0.073874004,-0.10131122,-0.08030595,-0.046766944,-0.049538385,-0.06875686,0.053369265,0.06613517,0.009930755,0.08496275,-0.008841976,-0.02158288,-0.06496709,0.09964854,0.0054835975,-0.1720024,-0.2254904,-0.1373152,-0.029712519,-1.0573772e-05,0.0,-0.053563785,-0.012886197,-0.0069810417,-0.032540105,-0.07003361,-0.0512888,0.0029396052,-0.09196661,0.024759261,-0.064785585,0.02330709,0.007326533,-0.0016210396,-0.032947242,-0.013946336,0.0018309093,-0.01578646,-0.029983588,0.009340665,-0.004897155,-0.020478072,1.9266343e-05
12985,-0.07754078,-0.05762371,-0.2213983,0.0037719312,0.0031132768,0.0006341494,0.0023501923,0.00018770267,-0.064300105,-0.0078082867,0.029889494,0.0004970024,0.18889414,0.054258563,-0.06468814,-0.092380114,-0.13692692,0.10979793,-0.016315045,-0.10827654,0.074918106,0.21261993,0.0069487565,0.16709185,-0.019502634,-0.019048942,0.08679557,0.12492179,0.0010707839,-0.124527104,-0.18065697,-0.10085174,-0.029833162,-1.0573772e-05,0.0,0.08905795,0.015069989,0.021202533,-0.05600053,-0.059741303,-0.08334613,0.00935896,0.03584743,0.087912485,-0.0013878504,0.046630267,-0.0012980076,-0.0013653842,0.049672514,0.026817126,-0.003201656,-0.04477639,0.0033890358,0.007768063,0.0151652945,0.043680668,5.1900215e-06
24398,0.094154395,0.023605142,0.7283094,0.0041354294,0.031111805,0.010211108,-0.026193194,-0.00045468268,0.048660822,-0.036088515,-0.012043824,-0.03444417,0.09225787,-0.031020185,0.018488053,0.047098447,0.085825555,0.053872682,0.042648125,0.07178502,-0.017676102,0.08167566,0.060955435,0.0124264825,-0.030189278,0.0040127505,0.14367476,0.082855865,-0.0064349277,0.24466163,0.39807266,0.3380046,0.04343727,8.877918e-05,0.0,0.013410541,0.017849674,0.04830606,-0.0009731138,0.1854957,0.003938774,-0.0029820271,-0.012091178,0.033283386,-0.03173482,-0.0066015297,0.02310494,-0.0011585169,0.04130086,0.008587018,-0.0022203508,-0.0018425068,-0.028958235,0.013013598,0.023973633,0.03417312,0.00033230815
159,-0.025385862,0.025673794,0.8696949,-0.0043100626,0.025732586,-0.0044943052,-0.098672286,0.0035340711,-0.027487013,-0.026172236,0.0487825,0.0059703183,-0.045205157,0.0005094409,-0.12009013,-0.09088171,-0.14333513,0.0033639537,-0.06700192,-0.0707529,0.04718531,0.027638864,0.038939286,0.02297627,-0.025719367,0.014225934,0.009232495,-0.045074042,-0.018561715,0.35830355,0.56490386,0.3978575,0.05503153,7.866365e-05,0.0,0.004017614,-0.0010196641,0.014198829,-0.0072728405,0.016413225,-0.17248729,0.067231394,-0.05302101,0.0058655757,-0.023144294,0.006295081,-0.037570518,-0.0014632588,0.043949924,0.01153663,-0.0011893332,-0.006565521,-0.033042967,0.010600203,0.014413274,0.049387995,0.00033800353
15090,-0.029507862,0.012584123,-0.21393105,-0.00068663753,-0.00043351424,0.0034230505,0.0029107484,-0.001639392,-0.09390136,-0.008512461,0.03019363,0.007996211,-0.08083191,0.018617129,-0.03546519,-0.12382381,-0.0775717,-0.04930863,-0.011169444,-0.021652713,0.035073817,0.19122171,0.01595177,0.18521774,0.00300972,-0.012307396,0.15951183,0.13513671,0.012945712,-0.1318074,-0.18490563,-0.12909935,-0.027265301,-1.0573772e-05,0.0,-0.018468179,-0.010937309,0.009907754,-0.059417922,0.03917046,-0.018140571,-0.0014424844,-0.049598012,0.04428011,0.0027590205,0.047171026,0.009558484,-0.0016210396,0.03741639,0.021666411,-0.0025534877,-0.011557098,0.006087399,0.009050438,-0.013058865,-0.04566061,1.4581801e-06
16054,-0.06341988,0.043680817,-0.09385728,0.0057010753,-0.0080052335,0.0033105968,0.0035187034,0.014240194,-0.115572914,0.049243156,0.008535854,0.013326948,0.026650352,-0.01851359,0.051878348,0.0013946156,-0.058348347,-0.017281843,-0.0138665605,-0.014611531,-0.052925058,-0.06530638,0.020797532,-0.09256664,0.02920119,0.01794596,-0.098163895,-0.11815266,0.0037345127,-0.17263028,-0.21888801,-0.12553106,-0.026951022,-1.0573772e-05,0.0,0.09961052,-0.03326885,-0.0322945,-0.025242377,-0.028047277,0.055740315,0.007782717,0.048394762,-0.07831043,0.13057822,-0.024031566,-0.04224755,-0.0013653842,-0.021341968,-0.008013667,0.00046089443,-0.008024376,-0.04800789,0.009878695,0.023506792,0.050683636,1.3570953e-05
25179,0.20891201,-0.010222787,-0.16137725,0.002693525,0.013912879,0.008742046,-0.0017781482,-0.0023252217,0.036237482,0.013373227,-0.0071701203,0.0001258798,0.016082888,0.017205738,0.021748187,0.123499714,-0.04292298,-0.044519886,-0.01251096,0.05907219,0.030635606,0.048038874,0.027276196,0.006140983,0.04427012,-0.025257641,-0.012274255,-0.021040387,-0.033764478,-0.13310504,-0.16771291,-0.10474575,-0.023793582,-1.0573772e-05,0.0,0.03893606,0.008173674,-0.01176414,-0.03266228,0.14590825,0.047713567,-0.002114373,0.050396353,-0.022656,-0.03130884,0.0067224484,-0.00050248916,-0.001376457,-0.018769197,-0.008611508,-0.018496176,-0.007694888,0.0048381602,0.008874736,-0.01984974,-0.023375116,-5.053689e-07
1933,-0.1319917,0.0091788145,-0.18572746,-0.024096316,-0.069799304,-0.038762353,0.003105205,0.004347005,0.1251005,0.034642246,-0.022740345,0.00596051,0.028894627,-0.018497854,0.05315535,-0.038436685,-0.033288576,-0.01203553,-0.024299635,-0.045805797,-0.03965875,-0.043225206,0.013540411,-0.03781537,-0.074001685,-0.035391547,-0.02871281,-0.24604668,-0.026340224,-0.1548813,-0.20122187,-0.125134,-0.01960713,-1.0573772e-05,0.0,0.054229267,0.03597475,0.08389952,-0.04859216,0.08928102,-0.008222773,0.004727092,-0.020046229,0.020129612,0.014490348,-0.017310493,-0.045356806,-0.001376457,-0.011977504,-0.0031614285,-0.0021640055,-0.014088745,0.0061289305,0.009266989,-0.0097535895,-0.05054314,1.9378258e-05
18964,0.011469834,-0.050897155,-0.14230973,-0.000720523,-0.007866922,0.014178855,0.0053567574,0.04535913,0.120843455,-0.0072784196,0.009647434,-0.0075288387,0.011936341,-0.0099412985,0.043615762,-0.0063850256,0.124554165,0.055149246,-0.019706108,-0.06794277,-0.02718499,0.027994916,0.0143292565,-0.053988032,-0.07479861,-0.06981376,-0.054150373,-0.04304913,0.08448578,0.22772564,0.2833943,-0.04185294,-0.042442195,-7.922725e-06,0.0,0.0039540175,0.018143669,-0.0025389486,-0.05721617,0.12722571,-0.030336684,-0.0012313434,-0.05802904,0.037016872,-0.035007216,-0.009210053,-0.012761118,-0.005922408,-0.011902442,-0.0075291,1.6334321e-05,0.009113504,0.0043495577,0.007902176,-0.010109809,-0.043421615,1.3570953e-05
24689,-0.11439299,0.06280279,-0.1333331,0.0088169705,-0.009647028,-0.0011984941,0.0043782536,0.009460384,0.0651108,0.027494883,0.005878766,-0.014140958,-0.05667791,-0.0063151503,0.012772286,-0.05300666,-0.25121483,-0.12432965,-0.0426408,-0.10617621,-0.06750119,-0.010215656,-0.016951427,-0.034551736,-0.12750554,-0.018420095,-0.087391645,-0.19066343,-0.009368922,-0.13671207,-0.18537173,-0.11394421,-0.030042594,-1.0573772e-05,0.0,0.08490745,0.0054399227,-0.05474036,0.16100661,-0.08053117,-0.025499526,0.0034993144,-0.039525535,-0.09516554,0.07954656,-0.020632053,-0.00048815785,-0.0013653842,0.01783262,0.009625476,0.00023725677,-0.012182213,-0.018473111,0.010334551,0.0093017435,0.027449759,1.9378258e-05
16786,0.07750942,-0.03344071,-0.18728395,0.008422397,0.033238538,0.003469551,0.0018663487,-0.002329768,-0.061792523,-0.010712714,0.017514186,0.007641175,-0.047647625,0.028996155,0.024520582,0.08772566,-0.008900353,-0.037179653,0.004646391,-0.018720651,0.028290778,-0.028139826,0.01225766,0.008573129,-4.0310377e-05,0.05684252,-0.024754005,-0.00579026,0.019897655,0.2780144,0.4519639,0.4760959,0.049754176,-1.2898648e-05,0.0,-0.025010278,-0.007441019,-0.0059283343,0.15787844,0.09470067,0.020013047,-0.0010681995,-0.049302578,0.033507273,0.0055847764,0.008333247,-0.004215308,-0.0014632588,0.022479068,0.004445982,-0.0033237669,-0.007115427,0.0045232577,0.007518549,-0.014119156,-0.027399128,1.3570953e-05
9251,-0.03622157,-0.01308517,-0.341423,0.00042545112,0.016952613,0.003228725,0.0025229426,-0.0021389276,-0.04145145,-0.020413436,0.03101526,0.038804177,-0.047098152,0.026694812,-0.13130793,0.060582593,-0.10213339,-0.054355726,-0.09143311,-0.029792223,0.050966896,0.10317464,0.018059637,-0.006129956,0.036816213,0.029127285,-0.02977779,-0.009500247,0.0276783,0.2190802,0.3497057,-0.016880902,-0.082893066,-1.2898648e-05,0.0,-0.016682878,-0.0084729185,0.00825595,-0.04291994,-0.05430628,-0.02012978,0.009831399,-0.02429446,-0.0014029605,0.08985324,0.026971515,-0.012044422,-0.005922408,-0.027383467,-0.01118798,0.00031256807,0.0074665993,0.010648974,0.0075606965,0.00955832,-0.006475425,7.841122e-06
23595,-0.07408805,0.024130523,-0.23212133,0.00142426,0.00888438,0.0034969058,0.0019054322,0.0024417932,-0.14879625,-0.0031499811,-0.013342405,0.0055419877,0.0687792,-0.03111371,0.052927066,0.07808505,-0.051087208,0.059067797,0.041826297,0.053821165,-0.062120263,-0.05899456,0.0064429506,-0.09266952,-0.017119372,-0.027966172,0.0071414867,-0.05119238,-0.033194106,-0.16417007,-0.20615868,-0.12397799,-0.02611973,-7.922725e-06,0.0,-0.021565821,-0.031071687,-0.06608184,-0.10950696,-0.08851314,0.075039975,-0.001283773,0.061426338,-0.061694473,-0.022022743,-0.02786774,-0.025043808,-0.001376457,-0.029365724,-0.017448328,0.00040654145,-0.0052222004,-0.027562462,0.009470102,0.020321976,0.04258564,-5.053689e-07
778,0.1993441,-0.045792617,-0.04635321,0.003629778,0.0021561077,0.0059703966,-0.015319462,0.028354432,0.09307985,-0.04086963,-0.04806964,-0.08744552,0.35130426,-0.023352435,0.016068779,0.10215934,0.13169901,-0.019167185,-0.009772333,0.06108227,-0.028229734,0.03453053,0.06544937,-0.005646773,0.050991513,-0.0052344124,-0.011312306,-0.03864685,0.039279886,-0.12805721,-0.16339877,-0.0984608,-0.018693646,-1.2898648e-05,0.0,0.041029602,0.03394996,0.04955437,-0.017648213,0.16371042,0.036017634,-0.0011661281,-0.033879843,-0.00097059016,0.017639078,-0.012227503,-0.057861883,-0.001376457,0.015202814,0.009597819,0.00074097817,0.0082398625,0.0053971806,0.008873639,-0.026529528,-0.055162262,1.3570953e-05
12646,-0.06709302,-0.03059593,-0.23155601,0.0034455685,0.0034350422,0.003202981,0.00195561,-0.0018903462,-0.04571497,-0.03159207,0.11631215,0.015872912,-0.014230745,0.014247427,-0.065651126,-0.09292831,-0.053197682,-0.057257596,-0.022363339,-0.04694772,0.0508756,0.19148993,0.017734198,0.2536462,0.0008101171,-0.010824303,0.058513224,0.078808576,0.012990446,-0.135836,-0.19171357,-0.13726728,-0.029413372,-1.0573772e-05,0.0,0.06936446,-0.012342206,-0.006421895,-0.02184578,0.002442857,-0.059173033,0.010038314,-0.0073791053,0.0003844871,-0.040649995,0.047570635,0.00049638585,-0.0016210396,-0.02266396,-0.019970156,0.00040654145,0.023662146,0.004029781,0.010619682,0.011271075,0.01949825,5.1900215e-06
26358,-0.060887814,0.010478473,-0.2265531,-0.0012598536,0.003694207,0.0014652195,0.0022065928,0.000261742,-0.07597443,-0.042961538,0.1312126,0.027452689,0.08613541,0.07683132,-0.04552563,-0.30428094,-0.14471038,0.073809035,-0.07103768,-0.122651674,0.08311143,0.028803978,0.013127186,0.0064070392,-0.06549705,-0.012041903,0.22938143,0.057527322,-0.02105817,-0.15419903,-0.19130939,-0.10946253,-0.034074206,-1.0573772e-05,0.0,0.017534347,0.012645361,-0.018313123,-0.05693656,-0.051034525,-0.20343171,0.0011710626,-0.02346074,0.025771601,-0.028583417,0.025072705,-0.017558677,-0.0016210396,-0.009744096,-0.007278867,-0.0030125328,-0.025669683,0.007274761,0.008690781,-0.0123405885,-0.03488024,5.1900215e-06
9934,-0.24200532,-0.034181327,-0.11576716,0.00019594327,-0.008267239,0.014240316,0.008145943,0.015067274,0.11192621,0.022698984,0.0067394082,-0.029630521,0.06947511,-0.01606294,0.044574093,-0.01191536,0.13950689,0.051723257,-0.009137802,-0.0048812553,-0.033890795,-0.13225326,-0.00014162809,-0.03829701,-0.033336792,-0.029820636,-0.03782925,-0.029533993,0.0047575505,-0.14727394,-0.20123717,-0.1082068,-0.018002212,-7.922725e-06,0.0,0.021441575,0.01138875,-0.008345997,-0.03200912,-0.022465648,-0.016492043,-0.0022262137,-0.059703574,0.024624728,0.03378443,-0.009824715,0.009548624,-0.0013653842,0.019366601,0.008280426,-0.0020407047,-0.010017639,0.00652051,0.010780482,-0.005259782,-0.049350068,1.3570953e-05
9136,-0.11429651,-0.0034237248,-0.34252855,0.00049536815,0.013420192,0.004011777,-0.00021868292,-0.0138138775,-0.13489453,-0.026698919,0.07129019,0.04611403,-0.030738054,0.104782835,-0.18665463,0.08759035,-0.007436154,-0.030786011,-0.04158569,-0.020936823,0.070453905,0.12775867,0.007263022,-0.07275268,-0.025530875,-0.07397891,-0.05843703,-0.034413673,0.06892086,0.19551149,0.28739038,-0.012186164,-0.082535304,-1.2898648e-05,0.0,0.024345042,-0.015984006,0.0076785786,-0.089759775,-0.09889349,-0.18363638,0.0069471668,-0.042402297,0.2467712,0.18564385,-0.035875045,0.039432783,-0.005922408,0.06612846,0.021630796,0.0004963877,0.012072095,0.004718753,0.007338179,0.006458045,0.03932763,-0.000534562
11782,0.018577298,0.006625672,-0.24599679,-0.021680811,-0.043179393,-0.010485932,-0.0321095,-0.0032265615,0.036785733,0.049709503,0.017044934,-0.10905743,-0.044223644,-0.027972987,0.059236106,-0.00794624,0.16187182,-0.07953375,0.031033885,-0.05963879,-0.07137996,-0.0492074,-0.2349201,-0.04252741,-0.042664304,-0.08496797,-0.082070395,-0.21660656,-0.015142801,-0.15125373,-0.19405423,-0.09961503,-0.024338722,-1.0573772e-05,0.0,0.042608388,0.0024149271,0.019801091,-0.06121683,-0.079468206,-0.058913063,0.004469411,-0.047709286,0.020596826,0.0154530695,-0.009184213,-0.03564525,-0.0013653842,0.008439517,0.0049390392,-0.0025661618,-0.014445221,0.0053824997,0.010816632,-0.007500998,-0.032280933,1.9378258e-05
9155,-0.16046788,0.02935466,-0.1995672,0.0060612424,-0.013782291,0.0057122097,0.0027717724,0.053097352,-0.0719244,-0.006279106,0.042702444,-0.0031579356,-0.07863122,-0.026697773,-0.1993906,-0.4421731,-0.05575022,0.0003325295,-0.08446254,-0.16937272,-0.075100355,-0.03189817,-0.033485238,-0.13151811,0.017855264,0.010410976,0.115477614,-0.09911376,0.035318434,-0.15423861,-0.19086172,-0.08636312,-0.028841052,-1.0573772e-05,0.0,-0.081180364,-0.022840915,-0.050227772,0.040360305,-0.10288504,-0.11670183,-0.062857226,-0.006496321,0.017089143,0.06492076,-0.040984083,0.026878325,-0.0013653842,-0.008310008,0.024840547,0.00024208629,0.02335432,0.0113465255,0.007520066,-0.022192443,-0.07911579,-0.00052029925
29528,-0.031381983,0.0024517816,-0.07859491,0.005562987,-0.006321658,-0.00085816905,0.0064641256,0.01802305,0.26807114,-0.007012822,-0.120411485,0.01020035,-0.054254986,-0.0006686937,-0.024231477,0.019179747,-0.24752231,-0.09770618,-0.021295179,-0.037316784,-0.026288265,-0.029975753,0.019608308,-0.06018546,0.009199977,-0.013222857,-0.040664755,-0.041779764,0.020781845,-0.15820542,-0.17803118,-0.13259403,-0.022087354,-1.0573772e-05,0.0,0.08749886,0.051092573,-0.0149100805,0.18096568,-0.03946372,0.004545143,0.0030732737,-0.029312363,0.020481886,0.03936429,-0.02080344,0.00593107,-0.0013653842,0.0065014916,0.009673785,0.00028902994,0.0217343,0.0047363318,0.01033408,-0.017709874,-0.060063142,1.3570953e-05
21568,0.16823265,-0.0036506916,-0.20630611,-0.00015215475,0.006979181,0.0034124646,0.0024328772,-0.0040403805,-0.0716773,0.006670708,-0.010266728,0.006780672,-0.048690997,0.0025146378,0.03640761,0.10720303,-0.026270548,-0.03856037,-0.0063583627,-0.029522093,0.03165218,0.08747445,0.02162313,0.05407592,0.023335626,-0.032209832,0.010421019,-0.032955483,0.011812995,-0.14565393,-0.19583127,-0.113578685,-0.027092995,-1.0573772e-05,0.0,-0.03279713,-0.022407997,-0.023687094,-0.04779127,-0.08237675,0.03771207,0.0017433974,-0.023621103,0.015874483,-0.030321458,0.0072647356,-0.008877252,-0.001376457,-0.016280305,-0.006048315,-0.018496176,-0.015624774,0.00484316,0.010573556,-0.01612525,-0.020816071,2.1457317e-06
20465,0.004935872,-0.03796502,0.816623,0.0064439885,0.012428076,0.0016066933,-0.008244244,-0.0025771665,-0.018910004,-0.013118312,0.03571121,0.004116603,0.0131893,0.02884265,0.051954653,-0.2098178,-0.07351033,0.033675764,0.013032722,-0.0034106653,0.017299417,0.06972544,0.024303395,0.09691253,-0.006197818,-0.019147197,0.13889085,0.07882039,-0.0057245987,0.2815283,0.49637663,0.34464866,0.03703455,-7.922725e-06,0.0,0.044722013,-0.0059047313,0.018380951,-0.030877322,-0.0007456062,0.10133327,-0.001465684,0.0009366189,-0.011684991,0.060409334,0.018899785,0.015486945,0.004113603,0.010780571,0.015199398,0.0026373013,-0.0054268413,0.007825354,0.013074845,-0.021972202,-0.049943656,6.515915e-05
16288,0.09710689,-0.0011683438,-0.19391222,-0.00094353413,-0.048019286,-0.0065869503,-0.018874751,0.010716797,-0.09676259,-0.029507704,-0.052110758,0.029401591,0.086621284,-0.02490069,0.04557933,0.093079604,0.083622634,0.06559526,0.04910581,0.050032806,-0.033772465,-0.02820925,0.005453194,-0.019835392,-0.028164212,-0.026454048,0.021719981,-0.0486258,-0.010147263,-0.16354343,-0.17898868,-0.101723336,-0.024348645,-1.1933477e-05,0.0,0.0532008,-0.036495205,-0.053956825,-0.054853637,-0.11589646,0.025898779,-0.0019036102,0.016167525,0.04184273,-0.011977926,-0.0045261607,0.0059299814,-0.001376457,-0.02746481,-0.008967457,0.0038952131,0.0045405105,0.005284655,0.011686849,0.021036174,0.042296253,2.1457317e-06
5637,-0.04819955,0.009325047,-0.066608034,0.0033724261,0.004833805,0.017322196,0.0054062568,0.016884448,0.20545998,-0.03339483,-0.0067224186,-0.0021976947,0.027494801,-0.023960436,0.029229298,0.07081096,0.17773588,-0.035181727,-0.0028143665,0.05545927,-0.05432349,-0.017474076,0.0050646868,-0.038390193,-0.063802496,-0.034211997,0.0011653691,-0.037122585,0.0043442207,-0.14742607,-0.16401759,-0.11055741,-0.01928551,-1.0573772e-05,0.0,0.06432832,0.034832142,0.01647915,-0.05062512,0.12079868,0.04175367,-0.001269252,-0.021544691,-0.008665869,-0.03406624,-0.010963976,-0.011419408,-0.001376457,-0.015221116,-0.0057361987,0.00040263505,0.00746688,0.00506818,0.011176229,-0.011934294,-0.02369544,-5.053689e-07
22073,-0.022168932,-0.041355696,-0.21681769,-0.0003355303,0.0016066013,0.0038385212,0.0027207725,-0.0038447385,-0.08248457,-0.020834778,0.060729016,-0.038973466,-0.04961511,0.0024438584,-0.08817025,-0.014646028,-0.11606937,-0.039093178,-0.04963703,-0.051698502,0.012421193,0.13429628,0.14477392,-0.0011907292,-0.033775497,0.009650453,0.080335125,0.11481077,-0.010029655,-0.14906639,-0.20818055,-0.13350233,-0.028069472,-1.0573772e-05,0.0,-0.02047675,-0.030283548,-0.029860882,0.09589452,0.05595277,-0.08637005,0.00417359,-0.08731281,-0.01936383,-0.13694412,0.009264214,-0.0051141805,-0.0016210396,-0.027850587,-0.010634802,-0.014994211,-0.017858049,0.008040645,0.008457965,-0.013845135,-0.013578732,5.1900215e-06
524,-0.012767605,0.006799582,-0.2394218,6.174423e-05,0.008872849,0.003370419,0.0025259226,-0.0045991754,-0.09624287,-0.035926845,0.02446543,0.013851234,-0.08898519,0.018632764,-0.09958857,-0.012958825,-0.08838535,-0.04654467,-0.0022989898,-0.03918657,0.028931094,-0.03362912,0.014905472,0.009661618,0.007906496,-0.025871586,-0.006769251,-0.023896107,0.022560585,-0.18172383,-0.23647705,-0.13450621,-0.02786655,-1.0573772e-05,0.0,-0.043929253,-0.020120261,-0.014964637,-0.070007995,-0.010955273,-0.063085064,-0.001442643,-0.0510717,-0.020650376,-0.021853749,0.020121474,-0.00310238,-0.0016210396,-0.040263634,-0.012301305,0.00040654145,0.010547507,0.006321834,0.008734007,0.013955509,0.039656762,1.4581801e-06
10888,0.15166563,0.014188297,-0.23878156,0.0004050613,0.0067743585,0.0033849995,0.0018447079,-0.004838472,-0.10794133,0.00043054027,-0.0133806085,0.0071193464,-0.033309832,0.005786363,0.010175571,-0.020016951,-0.0059051155,-0.04191776,-0.04325602,0.074799225,-0.041878514,-0.062400788,0.015986683,-0.073023595,0.01815046,0.070102565,0.011362102,-0.032312095,0.0187445,-0.18596315,-0.25259057,-0.1242824,-0.02976212,-1.0573772e-05,0.0,-0.07084313,-0.030706666,-0.010592328,0.17069504,-0.08491099,-0.023049768,0.005405962,-0.05343369,0.018255536,0.014380775,-0.021215864,-0.0056690653,-0.0016210396,-0.02539107,-0.010275189,0.0022624366,0.0052627088,0.0046302914,0.009121221,0.015721003,0.037688218,-5.053689e-07
11234,-0.002337275,-0.29077214,0.9247397,0.0026197876,0.0013021633,0.0026608878,-0.0016172593,-0.0008235504,-0.053372335,-0.03556147,0.028169855,0.014570659,-0.07103336,0.023213921,0.01691005,-0.01318607,-0.029445857,-0.022253372,0.003514107,-0.02762992,0.02466873,0.037351087,0.026846223,-0.010821668,-0.039558377,-0.017469825,-0.024459872,0.082407005,0.025477143,0.25678495,0.50411576,0.07976447,0.048114393,-1.0573772e-05,0.0,-0.046940565,-0.012374161,0.021043306,-0.05937005,0.004907785,-0.016512565,0.0052879783,-0.048220176,-0.03215926,-0.034899797,0.015142412,0.0008730471,0.02653115,-0.015465298,-0.008300103,-0.0028972232,0.010434446,0.005352556,0.010088784,-0.030769523,-0.025980096,2.8651328e-05
15569,-0.020577377,0.019064492,-0.21541813,0.0005425595,0.0068354853,0.0032045664,0.0019172158,-0.0008126738,-0.079520844,-0.04160534,0.034669437,-0.016155222,-0.078452565,0.01344055,-0.04968269,-0.07055502,-0.07141894,-0.06734808,-0.012867396,-0.04841285,0.056517012,0.14429267,0.015646407,0.16976736,-0.0138743725,-0.011915304,-0.03238636,-0.08096069,-0.05485072,-0.14081486,-0.18457188,-0.12507658,-0.0299335,-1.0573772e-05,0.0,-0.03203563,-0.02106082,-0.045740757,-0.08782846,-0.07511066,-0.019607525,0.011100607,-0.029893473,0.042134795,0.04034339,0.03371519,0.026034577,-0.0013653842,0.03451518,0.012293611,0.00034202664,0.015724355,0.0054949773,0.0076831058,-0.015883394,-0.047875177,5.1900215e-06
14916,-0.22514756,0.036506463,-0.21548133,-0.00215755,0.007140198,0.0032686961,0.002479642,-0.013886949,-0.097715095,-0.13443583,0.029106833,0.0075932485,-0.11409148,0.004834209,-0.22527222,-0.08449074,-0.0950446,0.11743866,-0.08276033,-0.04788316,-0.13654076,-0.11978165,-0.0036105788,-0.09844238,0.05492039,0.014699857,-0.09921795,-0.06636661,-0.031171324,-0.15608737,-0.21790828,-0.10253539,-0.03493138,-1.0573772e-05,0.0,-0.07120663,-0.02014376,-0.024686001,-0.24586412,-0.026338264,-0.05492192,0.0033411076,-0.038885612,0.00087793526,0.05967948,-0.04490357,-0.034111172,-0.0013653842,0.032508027,0.019986272,-0.003368002,-0.010883798,0.007301926,0.0051587536,0.0097349975,0.06878478,-0.000534562
343,0.0034498186,-0.048585594,-0.19235902,0.010141572,-0.014528033,-0.0007991789,0.00560138,0.00034312607,0.11634792,-0.030574555,0.010764818,0.016587466,-0.020831877,0.014837752,0.04830518,-0.014971192,-0.12520012,-0.03776829,0.038630985,-0.018172236,-0.045400925,-0.0032700594,0.0021822276,-0.040941536,-0.04060245,0.04107174,-0.059771944,0.10464466,0.01818626,0.2606577,0.38049784,0.18056561,-0.08221076,-1.0573772e-05,0.0,0.013866226,0.023938991,-0.015291724,0.11713962,-0.010770013,-0.043980915,0.0024029177,-0.06117245,-0.0648333,0.0081927385,-0.01802408,0.015452882,-0.003504333,-0.014347507,-0.0034947665,-0.0013772206,-0.008921264,0.004312334,0.0106414035,-0.013800724,-0.0471618,-5.053689e-07
24743,-0.08962233,0.020617459,-0.20822768,0.0035276208,0.009234204,0.0014420636,0.0030829557,0.00033793197,-0.09774619,-0.07461563,0.029027022,0.00068532967,-0.030703396,-0.005008124,-0.07667896,-0.10932946,-0.19530992,0.09964167,-0.0032373397,-0.037981953,0.06622102,0.09603518,0.0031712148,0.08159831,0.014149369,0.006824775,-0.046297796,-0.085510425,0.012559076,-0.13911584,-0.18228099,-0.114476465,-0.030394414,-1.0573772e-05,0.0,0.034797177,0.021040099,0.012702018,0.0063619427,-0.031746622,-0.04901119,0.00685863,-0.047031954,-0.12087465,0.059059724,0.020753965,-0.032703064,-0.0013653842,0.016413616,0.030876458,-0.0030125328,-0.035537317,0.0090517225,0.0054496396,-0.019843565,-0.055162095,7.841122e-06
1005,-0.059361503,-0.055340953,-0.15148982,-0.03134679,-0.07330777,-0.0050235465,-0.02799498,-0.00320432,0.17951764,-0.0027580545,0.016062798,-0.010575818,0.08014491,-0.020170799,-0.053097773,-0.02434663,-0.036279656,0.095243804,0.026799683,0.10484736,-0.025443107,-0.023576,-0.007426928,-0.066842936,-0.051062264,-0.0043144375,-0.036888484,-0.027014451,-0.028193802,-0.13673747,-0.17523962,-0.1253194,-0.019609667,-7.922725e-06,0.0,0.008213751,0.047997892,0.003325323,-0.023213012,-0.03673686,-0.027415674,0.016375454,-0.030554196,0.121176906,0.0075671887,-0.019467128,-0.03324374,-0.0013653842,-0.011511538,-0.007498033,0.00040321372,-0.0076808683,-0.046610788,0.008578727,-0.013831246,-0.07966679,-5.053689e-07
24661,-0.0799608,0.019547032,-0.18525825,-0.018730637,-0.09254356,-0.01907485,-0.03282851,-0.0054210615,0.215507,0.0046853456,-0.06695491,-0.020745587,0.061638,-0.026682377,0.013710938,0.065881334,0.13266318,0.07585128,0.039770007,0.055255644,-0.106294975,-0.0109868515,0.0060928636,-0.047661975,-0.05939262,-0.05662674,-0.069195904,-0.03235327,-0.0070741344,-0.13882221,-0.17094968,-0.09969857,-0.01829012,-1.1933477e-05,0.0,-0.049376637,0.034441497,-0.010917206,-0.0208112,0.10906731,0.066542536,-0.002090254,0.033704445,0.03313762,-0.03409339,-0.0134060215,0.0060814004,-0.001376457,0.020511245,0.0079755215,-0.0031143073,-0.006576441,0.0051181377,0.010745492,-0.012344328,-0.036703955,1.3570953e-05
23187,-0.11392868,0.015094144,-0.0866649,2.7923077e-05,-0.06667023,-0.015048693,0.017546067,0.010483805,0.18077035,-0.019328505,-0.060800377,-0.01896656,0.06349893,-0.033855792,0.049546655,0.0700629,0.15488458,-0.015257289,0.050201215,-0.0043399143,-0.113382176,-0.015858755,0.0018837983,-0.042738684,-0.032483306,-0.05456278,-0.09711991,-0.04138007,-0.008929629,-0.12803577,-0.16909973,-0.09491115,-0.019502882,-1.2898648e-05,0.0,0.015744768,0.03721288,-0.002483621,-0.03755826,0.09450833,0.026170064,-0.0014052119,-0.059061576,0.042073723,0.022765137,-0.008563578,0.021473128,-0.0013653842,-0.012807378,-0.0057361987,-0.0012664117,-0.0096905595,0.0028824671,0.009811255,-0.0054706032,-0.024174375,1.3570953e-05
5362,-0.10305313,0.00249494,-0.24053028,-0.00011265844,0.0030787243,0.0033778385,0.0028128386,-0.0027662818,-0.10184583,-0.039864335,0.036217377,0.00861257,-0.028322132,-0.0025104936,-0.067688756,-0.101752155,-0.0750201,-0.04176714,-0.03847218,-0.04581717,0.017496483,-0.05112199,0.01451333,-0.032942254,0.010610686,-0.019546378,0.13029158,0.07760167,-0.011892238,-0.19257763,-0.23914914,-0.14396113,-0.026686674,-1.0573772e-05,0.0,-0.02390967,-0.024721114,-0.009753033,-0.046355452,-0.053145804,-0.08808163,0.0017497343,-0.08309079,-0.033431515,-0.14790665,0.0066948743,0.006523982,-0.0016210396,0.057131015,0.017484725,0.0018954241,0.010923503,0.0075168605,0.010709979,0.01682974,0.03401482,5.1900215e-06
15123,-0.058829986,0.06212901,-0.08198189,0.0031855602,-0.00459526,0.004208137,0.007599965,0.011277912,0.1759071,0.017493106,-0.00733859,-0.0009325422,0.04524661,-0.018922685,0.014448545,0.07291082,-0.08594645,-0.03620836,-0.005208942,-0.041032057,-0.041638445,-0.03414449,0.0038234005,-0.045628354,-0.086102135,-0.052115295,-0.06682988,-0.033218026,0.011146715,-0.13677993,-0.17577352,-0.13608159,-0.025816118,-1.0573772e-05,0.0,0.0368435,0.035276923,0.0058284705,-0.052236624,0.11582958,-0.013387861,0.002559614,-0.075179264,-0.06848459,-0.07736029,-0.020932758,-0.03595276,-0.0016210396,0.030161709,0.014600823,-0.0023451762,-0.006971513,0.0067076785,0.008739093,0.007896608,0.033655547,-5.053689e-07
23017,-0.19074482,0.027674917,-0.09323329,0.0019055842,-0.008167488,-0.00032968048,0.003134904,0.011646316,0.11285598,0.010830686,0.02180542,0.020542933,0.022065565,0.014217501,-0.0046601547,0.005631502,-0.033525154,-0.018566871,-0.015842652,0.08665997,-0.0426986,-0.016229916,0.019400086,-0.048669502,-0.040104236,0.0046253647,-0.11727886,-0.1687517,-0.016241968,-0.15000723,-0.18880309,-0.13497922,-0.020614583,-1.0573772e-05,0.0,0.077894025,0.009426165,0.018203838,0.11880882,0.00018664257,-0.023224888,0.0027826056,-0.045179106,0.003860758,0.07586111,-0.019194355,-0.015050309,-0.0013653842,-0.019349115,-0.012150438,-0.0020233118,-0.009632753,0.0044340817,0.009501673,0.013670668,0.04530373,-5.053689e-07
3371,0.15646619,0.0040984666,-0.18592605,-0.00045294483,0.009666541,0.003600676,0.0022655248,-0.003032268,-0.052899335,0.007196099,0.008285114,0.013412457,-0.051428046,0.02431303,0.045507915,-0.030908141,-0.02486752,-0.024084019,-0.008895665,-0.014250987,0.015864858,0.1561091,0.18131936,0.17479281,0.011256538,-0.02090576,0.024496557,-0.042506963,0.023107108,-0.1421463,-0.19614758,-0.09556651,-0.026654698,-1.0573772e-05,0.0,-0.03545611,-0.020944567,-0.003046528,-0.042414684,-0.009181155,-0.0164444,0.0106385825,-0.042506877,0.018023336,-0.027944554,0.03482393,-0.03491714,-0.0016210396,0.032931693,0.012493577,0.00395568,0.016938597,0.005694605,0.010106178,-0.02343916,-0.049729146,1.3570953e-05
16796,-0.15968189,-0.03493073,-0.25851783,-0.006981343,0.0036904705,0.0030371577,0.0022512483,-0.0023700078,-0.11756392,-0.07304719,0.038517926,-0.00051424466,-0.10890442,0.01386762,-0.122131854,-0.18707329,-0.09608971,-0.05180502,0.008508275,-0.05547401,-0.13685067,-0.08327621,0.017023493,-0.11589505,-0.07043734,-0.02143377,-0.07786291,0.055246774,0.020148892,-0.18046682,-0.23172714,-0.118526876,-0.03208714,-1.0573772e-05,0.0,-0.038527835,-0.026268678,-0.028472565,-0.08272665,-0.043834243,-0.09373459,-0.0075159413,-0.07239152,-0.051470418,-0.0015828541,-0.055990197,-0.04679125,-0.0016210396,0.03283767,0.016855113,0.00034202664,0.013682423,0.007070887,0.0075102057,-0.011887796,-0.051095303,5.1900215e-06
17627,0.033715878,-0.046709258,-0.38946497,-0.0064676944,0.009383754,0.008978897,0.0020374137,-0.0049064704,-0.08435036,-0.028194226,0.013982381,0.01522976,-0.05373663,0.015322654,-0.068723015,-0.13747026,0.07475294,-0.034052256,-0.016479325,-0.031910505,0.045862287,-0.014831848,0.018089412,0.0038158384,0.009673604,0.033756446,0.00536455,-0.011428753,0.005621403,0.24767263,0.39375556,-0.02807059,-0.08917507,-1.0573772e-05,0.0,-0.024151705,-0.023763068,-0.047288448,0.1295227,-0.0776041,-0.021019652,0.009455897,-0.049549296,0.023398457,0.04648077,0.014798154,-0.0050265063,-0.005922408,-0.023387333,-0.006863753,8.440111e-08,0.009956675,0.005345412,0.008928718,-0.023116725,-0.033736024,5.1900215e-06
28568,0.23644714,0.043238442,-0.21753848,0.0021660554,0.009257462,0.0044010603,-0.000722347,-0.008438839,-0.033559486,0.009671422,0.012553107,0.00183939,-0.043623075,0.00096970994,0.012399563,-0.006089858,-0.016692143,-0.03466191,-0.013338227,0.017798768,0.038111463,0.05855359,0.021556105,-0.053589374,-0.0041147433,-0.051565174,5.091552e-05,-0.021217542,0.00797921,-0.16281657,-0.2340981,-0.114902966,-0.02983299,-1.0573772e-05,0.0,0.00817582,-0.023023527,-0.014359434,0.16608173,-0.064721465,0.010807341,0.0073381993,-0.03225499,-0.024686795,0.031670757,-0.006078822,-0.021824116,-0.001376457,-0.030238302,-0.016940426,0.0025863927,-0.013361766,-0.022113744,0.008461065,0.015198184,0.04418232,-5.053689e-07
11398,-0.12044419,-0.0031737662,-0.07822505,-0.0006061505,-0.05939766,-0.013087311,0.024658486,0.024056159,0.20743783,-0.016718023,-0.05939612,-0.064413615,0.022576587,0.0052669155,0.04833578,0.057958066,0.17727837,-0.019235501,0.048503634,0.060509257,-0.09436378,-0.013408061,-0.018735074,-0.047820825,-0.07362428,-0.00464312,0.022248171,-0.014494707,-0.01916609,-0.15491988,-0.1674341,-0.11370937,-0.02184765,-1.2898648e-05,0.0,0.048096247,0.046433408,0.015474464,-0.0047032516,0.11521544,0.068671085,-0.0013181511,-0.04813564,0.0131074935,-0.011547725,-0.008677001,0.016364861,-0.001376457,-0.012889532,-0.0056215315,-0.0014555347,-0.006538671,0.0044212854,0.011130639,0.006436233,0.04922636,1.3570953e-05
8464,-0.10031295,-0.042765837,-0.2283778,0.0024795723,0.0048037693,0.0019984182,0.0020576247,-0.0018501594,-0.02990412,0.0006178869,0.09664126,-0.0022841021,-0.037760884,0.013702352,-0.09095611,-0.2754749,-0.036437582,-0.045402303,-0.06644345,-0.031810384,0.06411164,0.16567487,0.014516717,0.21786617,0.04059744,0.03317187,-0.022898374,0.11587355,0.019643245,-0.13401964,-0.18202081,-0.13092388,-0.029846009,-1.0573772e-05,0.0,0.019021805,0.006242345,-0.0014643312,-0.01577457,-0.04157068,-0.06527339,0.011060528,-0.016849164,0.0015031773,-0.0012533724,0.046243336,0.0015968222,-0.0013653842,-0.021541515,-0.019842545,0.0005038796,0.02746159,0.005426114,0.009342809,-0.015366553,-0.0038501623,1.4581801e-06
2271,0.0388371,-0.021214847,-0.118023925,0.002151121,0.014514644,0.008903737,0.0061286986,-0.010432465,0.13978733,0.015069446,0.010861901,0.019771433,-0.023146456,-0.0079828575,0.040630262,-0.07398222,-0.101960935,-0.053774536,-0.0065419977,-0.051594798,-0.042931277,-0.037797675,0.02127348,-0.049209334,-0.015182215,0.04972181,-0.045755915,-0.020380313,0.0024695739,-0.17809995,-0.22561756,-0.12709607,-0.028708326,-1.0573772e-05,0.0,0.016315477,0.020395659,-0.021611387,0.1776568,-0.05929459,-0.046475917,0.003317395,-0.052309804,0.025439652,0.030153409,-0.015936093,0.005656314,-0.0013653842,-0.014802625,-0.0076300767,0.00018773331,0.010062127,0.0043811733,0.010821061,-0.019443,-0.045511037,1.3570953e-05
24449,-0.026779888,0.04248148,0.9783581,0.01045073,0.018643145,0.0012972613,-0.0014694412,0.00071030186,-0.018160874,0.026104165,0.07799981,0.010478457,0.104521744,0.08973145,-0.051150177,-0.43029702,-0.0625487,-0.034757808,-0.025205249,-0.12741373,0.036397442,0.0051585706,-0.022274522,-0.00035739562,0.0014555806,-0.025911985,0.09727582,0.0996073,-0.029569846,0.27757916,0.5277082,0.281274,0.04130441,-1.0573772e-05,0.0,0.12106301,0.012971154,0.036377978,-0.051187593,-0.059099756,-0.07628119,0.01852946,0.03657523,0.03048487,0.013562058,0.0024437641,6.776498e-05,0.017602222,0.013326945,0.008248288,-0.003797822,0.011901492,0.0041493177,0.009951892,-0.02467948,-0.026825903,6.515915e-05
10754,-0.064613916,-0.030214828,-0.21407612,0.0018577066,0.00810942,0.00072474097,9.469388e-05,-0.004086255,-0.13913396,-0.03310599,0.0060794465,0.0048707197,0.010848731,-0.009608163,0.034225475,-0.039409872,-0.034064036,-0.026926277,-0.004276185,-0.04073462,-0.09657101,-0.071803406,0.00032774732,-0.10507502,0.013621855,-0.012441693,-0.04692587,-0.065092094,-0.005024228,-0.19315556,-0.2468146,-0.12785313,-0.0252482,-1.0573772e-05,0.0,-0.061434504,-0.02890986,-0.056266982,-0.10990057,-0.03646472,-0.02720389,0.011084685,-0.042855438,-0.063477434,0.06752523,-0.04025661,-0.0017283408,-0.0013653842,-0.027260682,-0.009119775,0.00040654145,0.0107789505,0.006291437,0.0102286525,0.016074728,0.057198428,2.1457317e-06
8947,0.1259132,0.08858602,-0.19789253,0.0017194694,0.012679464,0.009456265,0.003048105,-0.0005842841,0.0787375,0.015028133,-0.0040910398,-0.004830772,-0.035081442,-0.0019659407,0.05355194,0.10400647,0.11262271,0.0056541474,0.037519485,0.06735453,-0.05769418,0.009399964,0.0218706,-0.027925061,-0.0791296,0.06848504,0.0304082,-0.046105582,-0.0280089,-0.13298985,-0.15577354,-0.10874276,-0.026426721,-1.2898648e-05,0.0,0.051898528,0.014540587,-0.0064528533,0.005550689,0.11383888,0.09763902,-0.001261855,0.09043758,-0.031181417,-0.030507598,-0.009612477,-0.00455618,-0.001376457,0.039353106,0.01613991,0.002529379,-0.0047692573,-0.027503105,0.007948469,0.012025777,0.040551014,-5.053689e-07
26210,-0.112018965,-0.0627935,-0.075063616,-0.012217853,-0.0775634,0.003274839,0.0021873596,0.009452639,0.16223562,-0.029566752,-0.034919716,-0.0075879395,0.031009441,-0.01830496,0.046289623,0.07194472,0.046288874,-0.009028035,-0.008313851,0.050045397,-0.07137176,-0.024776123,-0.0020811697,-0.052390076,-0.032380033,0.0026108227,-0.17211609,-0.023037907,-0.0005108008,0.19540048,-0.09832837,-0.1787552,0.017370407,-1.2898648e-05,0.0,0.03182769,0.029368605,0.019836495,0.010554632,0.109278426,0.023615124,-0.001891939,-0.029694999,-0.010586113,0.0021471342,-0.012001315,0.025224999,-0.0030826493,-0.0010137612,-0.0072989594,2.600324e-05,0.008019932,0.0045641228,0.010045916,-0.0062379,-0.025046472,1.3570953e-05
18106,-0.05312369,-0.025981542,-0.18682571,-0.0022604307,0.007771823,0.0033106047,0.0027162377,0.0032350263,-0.06358616,-0.14231627,0.08519157,-0.026621467,-0.056195784,0.025612326,-0.07692327,-0.14818585,-0.033102438,-0.07278238,-0.108706646,0.049748052,0.047562882,0.15517645,0.021558087,0.29742092,-0.029813755,0.049290292,-0.04358046,0.080745935,-0.023978317,-0.13164023,-0.17999668,-0.123214714,-0.027795225,-1.0573772e-05,0.0,0.0015345708,-0.04689341,-0.060234487,0.015074295,-0.06050541,-0.010253607,-0.013499852,-0.010091535,-0.009296215,0.08161567,0.0414259,-0.02478805,-0.0013653842,0.027846502,0.023051616,0.0020783946,-0.015124761,-0.051997926,0.0056283134,-0.012698673,-0.05172607,1.4581801e-06
3647,-0.080985114,0.029672846,-0.24521649,-0.029422905,-0.051272746,-0.0028188762,-0.02970124,0.022072392,-0.05833799,-0.03800852,0.02202041,-0.009188798,0.045258027,0.098197944,-0.23674312,-0.12627043,-0.12394473,0.096553795,0.026813565,-0.107418,-0.05556823,-0.07450182,0.017088624,-0.11399623,-0.013233225,-0.007817905,-0.028662244,-0.026670368,0.0031815926,-0.15948877,-0.2086438,-0.11584716,-0.028347867,-1.0573772e-05,0.0,-0.07731656,-0.015044624,-0.02407123,0.111750804,-0.038595475,-0.22220924,-0.0151852425,-0.016921595,0.120905824,0.0519261,-0.03578511,0.02253429,-0.0013653842,0.01584294,-7.219109e-05,0.00042056738,-0.010841378,-0.045382645,0.008594778,0.024531037,0.06953619,-0.0020998314
22265,-0.16353749,-0.039851617,-0.2557809,-0.0004051037,0.0061124824,0.004253471,0.0013055658,-0.0033295709,-0.14078265,-0.046706684,0.008348876,0.028109541,-0.11106822,0.020235904,-0.027803533,-0.026982632,-0.00840342,-0.047375444,0.01306584,-0.047746185,-0.09392774,-0.051847547,0.020223042,-0.08564675,-0.11116003,-0.00027637213,-0.050601788,0.062263146,-0.015495533,-0.19158497,-0.25225827,-0.13995191,-0.028326493,-1.0573772e-05,0.0,-0.05558519,-0.021710398,-0.034646314,0.15096577,-0.058539823,-0.041180473,0.015366167,-0.089568496,0.01231701,-0.08655925,-0.03733557,-0.016661162,-0.0016210396,-0.029949445,-0.012283092,0.0005081531,0.010967736,0.004901769,0.010203838,0.01247655,0.023523008,5.1900215e-06
9357,-0.005553743,-0.09157847,-0.1381146,-0.020245101,-0.08720895,-0.015043601,-0.026914805,0.020140104,-0.065002695,-0.03524975,-0.049972504,-0.01457277,0.03223095,-0.027896028,0.044115007,0.05610709,-0.06870846,0.041109134,0.038349684,0.07758032,-0.07261221,-0.031759445,-0.042220034,-0.5914333,-0.052213505,-0.01511259,-0.09561877,-0.026111519,-0.016504228,-0.1560041,-0.17334042,-0.121905066,-0.0192666,-1.1933477e-05,0.0,-0.031621408,0.041062705,0.023388974,-0.01608945,0.116000354,0.064382724,-0.0022605646,-0.03820556,-0.010150939,-0.001450389,-0.016678814,0.013740074,-0.001376457,-0.015300801,-0.0055923876,-0.0012584592,-0.0063980613,0.0050147343,0.009515665,-0.007479147,-0.02688172,-5.053689e-07
21411,0.12879731,-0.027455455,-0.19501099,0.011736348,0.018129183,0.002529015,0.0069260215,-0.0041560414,-0.033254545,0.0028329014,-0.030924303,0.022617063,-0.026795713,0.0074427095,0.021112112,0.088691935,-0.048114616,0.025286358,-0.015266514,-0.040375452,0.033579785,-0.005982498,0.016442772,-0.0013355699,-0.0011204961,0.115524806,0.039806608,-0.031764045,0.0010884535,0.2860343,0.4659241,0.4631196,0.04353284,-7.922725e-06,0.0,-0.019146327,-0.007823898,-0.021713298,0.15316562,-0.04887817,0.00093571126,0.0015155596,-0.04659473,0.006685387,0.019283922,0.003420765,-0.0101235155,-0.0014632588,-0.014593047,-0.0038894494,0.0004357439,0.007280722,0.0038353137,0.009417247,-0.011746269,-0.025920209,1.3570953e-05
17816,0.13867272,-0.051086254,-0.20562515,-0.00016395438,0.007247205,0.003512152,0.00091127923,-0.00288924,-0.06327951,0.009228744,-0.0042353566,0.0008385966,-0.047831427,-0.056471873,0.01668777,-0.011110404,-0.029732564,-0.030498384,0.02898611,0.0496989,0.04514749,0.11965582,-0.0014357083,0.16181442,-0.0032128796,0.0066043315,0.0078726,-0.04414233,-0.059087034,-0.13946638,-0.18749051,-0.10238563,-0.028505243,-1.0573772e-05,0.0,-0.035397545,-0.021064395,-0.022754133,-0.08436667,-0.044249803,0.010820645,0.0020351952,-0.022668688,-0.020472242,-0.020665007,0.02609789,-0.012399935,-0.001376457,0.02113389,0.013095468,0.00395568,0.011683405,0.0033973423,0.008115076,-0.008308125,-0.048163716,-4.2372103e-06
6256,0.0026096583,0.017594256,0.93870527,0.0081987325,0.029415661,0.0064261258,-0.0005404353,0.0009339493,-0.07539991,-0.03453687,-0.004517483,0.005460603,-0.06853931,0.03756434,0.0080834245,0.0055975146,0.097111374,-0.0051020337,0.004895262,-0.02805855,-0.05557847,0.020553337,0.016740525,-0.006504192,-0.023834633,-0.0032653355,0.10755888,-0.010248008,-0.017546233,0.3229299,0.5715772,0.41228595,0.043304656,-1.0573772e-05,0.0,-0.034997642,-0.011548676,-0.013832274,0.0050688605,0.06660346,0.016234575,0.0029337988,-0.034256585,-0.0063279322,0.0025282893,-0.0075153653,-0.012967425,-0.0014632588,-0.0121116135,-0.0018757585,-0.004090728,0.0072635156,0.009660208,0.007094866,-0.0147708785,-0.019966878,6.515915e-05
22503,0.08995377,0.032884676,-0.3225222,-0.009923171,0.020415632,0.0060313097,0.0085901925,-0.0037499121,-0.026721777,0.009632152,-0.014763217,0.0015553692,-0.05006411,0.011959271,-0.013596038,-0.009917368,0.07857523,0.037172418,0.017265262,0.034484252,-0.040789645,0.008192446,0.01953467,-0.024465812,0.01771764,0.053028136,0.015623979,-0.024624182,0.00594321,0.31334445,0.4195254,0.41015017,-0.08649821,5.8941165e-05,0.0,-0.03595434,-0.0048870905,-0.018655032,0.11374312,0.14038233,0.01678912,0.012886904,-0.021988053,-0.059311673,-3.577367e-05,-0.01205869,0.013701103,-0.0018340456,-0.02140085,-0.008430174,0.0004357439,0.0050482145,0.0055211717,0.006339302,-0.012563678,-0.037520308,-5.053689e-07
20327,-0.1765739,0.13724513,-0.09314889,-0.0002880264,-0.024701884,-0.0070741395,0.017407518,-0.015071176,0.24565493,-0.006973115,-0.072998986,-0.020680968,0.06439081,0.0039521074,0.044808783,0.06420783,0.17100126,0.0073342915,-0.015824178,-0.033468377,-0.08063725,-0.010725943,-0.0029790364,-0.04126355,-0.07850777,-0.0043399255,-0.10077696,-0.029014228,0.038006157,-0.14458051,-0.15221564,-0.088644534,-0.020289382,-1.2898648e-05,0.0,0.03797037,0.057486694,-0.018698424,-0.0065177893,0.0800697,0.04789296,-0.001432881,0.05170674,0.016059585,-0.031354845,-0.008677001,0.012169895,-0.001376457,-0.032367032,-0.009291738,-0.003137085,-0.0074275527,0.0058860853,0.008817682,0.0062857713,0.03227106,1.3570953e-05
18124,0.07938202,-0.0010874104,-0.3622532,-0.0030000296,0.009318222,0.0043099206,0.009308443,-0.0029032247,-0.062472273,-0.006718274,-0.0003624758,0.005310947,-0.056582794,0.027721805,0.053102676,0.0035167437,-0.028133858,0.034196705,-0.007282865,-0.02529742,0.02104379,0.01582529,0.021064268,-0.0014083189,-0.012485679,0.047821913,0.012736158,-0.025615811,-0.025519172,0.24919805,0.3516455,-0.063766845,-0.08206825,-7.922725e-06,0.0,-0.041120492,-0.0116238855,-0.011260499,0.13686271,0.12587087,-0.008596817,0.0019643938,-0.019067787,-0.045992095,-0.037836105,0.00591333,-0.001997461,-0.0075340164,0.031353835,0.0043622833,0.0004357439,0.009716531,0.004567401,0.008314166,-0.01128566,-0.036457796,-5.053689e-07
16705,0.06757426,0.04153588,0.91049737,0.0018262409,0.025993036,0.009582396,9.167653e-05,-0.0021220627,0.08001863,0.013045945,0.0074087535,-0.004118231,-0.038126826,-0.010961781,0.03324696,0.050306782,-0.034936182,-0.018115753,0.029990725,0.010015111,-0.022987658,0.03139646,0.024604201,-0.010282974,-0.0031607822,0.07042774,-0.020094914,-0.012503945,0.019105135,0.22685224,0.43371397,0.1707886,0.03750197,-1.2898648e-05,0.0,0.017927168,0.0074341246,0.0011257546,0.21828777,0.06474986,0.024447441,-0.0019301041,0.060963448,-0.0127386805,-0.04346618,-0.009230991,0.015466545,-0.004124465,0.021641778,0.013597648,-0.0021212483,-0.0061514354,-0.026668256,0.009383902,-0.017663999,-0.035460655,5.946376e-05
16504,0.17537838,-0.024655646,-0.18524413,0.002554283,0.013767358,0.009296152,0.0017745376,-0.0015570617,0.10969006,0.013935823,0.00037868775,-0.002518213,-0.023781959,-0.0051105344,0.039932825,0.12953061,-0.05135487,-0.037249465,0.02435331,0.05695623,-0.052926913,-0.0005513236,0.019355925,-0.020613106,0.03673343,0.13877742,0.016474782,-0.017701533,-0.011190772,-0.13017912,-0.16072565,-0.11160796,-0.027964486,-1.0573772e-05,0.0,0.041141354,0.020104188,0.024936372,0.16249636,0.16430016,0.07136189,-0.0012731529,0.08198211,-0.02909611,-0.010886057,-0.015503826,-0.01123909,-0.001376457,0.02590658,0.016009863,0.003633325,0.010858488,0.004656979,0.008313118,-0.01641676,-0.046052426,-5.053689e-07
18463,0.121457145,-0.016892742,-0.34052113,-0.0029546714,0.009055678,0.008326004,0.0017148962,-0.0043044346,-0.03936522,0.020884208,0.0020571093,0.0012441312,-0.04975681,0.01326561,0.040385056,0.003576126,0.084438585,-0.031205636,-0.022567432,-0.021354206,0.02440428,0.009888604,-0.053738188,0.022604112,0.0013313616,0.005275665,0.011100401,-0.013804698,-0.009690808,0.19276981,0.30438045,-0.06253662,-0.08184336,-1.0573772e-05,0.0,-0.02631001,-0.024487048,-0.007853362,-0.027295899,0.053789996,-0.0011632375,0.002035553,-0.051881984,-0.023453413,0.030256009,0.0030253706,-0.010633082,-0.0075340164,-0.016649764,-0.006548709,0.00050026056,0.009898487,0.001744129,0.007989,-0.012816603,-0.04749386,-5.053689e-07
14370,-0.07535844,0.020235695,-0.2298332,-0.0031553078,0.0028957683,0.0034629668,0.0014578045,-0.0018221452,-0.11593208,-0.0684594,0.023711193,0.0069682067,-0.09514037,0.01614662,-0.014275595,-0.039227746,-0.00036820193,-0.0322703,-0.008159744,-0.0427931,-0.04591047,-0.057950623,0.008064374,-0.09619892,0.039413687,-0.041571397,0.098719925,0.11117177,0.021423174,-0.1839312,-0.23234522,-0.13412127,-0.027109206,-1.0573772e-05,0.0,-0.0107430285,-0.031846467,-0.0062231044,-0.06332198,-0.023004193,-0.030988848,-0.00041126367,-0.08896177,0.01854077,0.008826314,-0.02772627,-0.011237941,-0.0013653842,0.047667406,0.01647067,0.00040654145,0.005365794,0.006184266,0.0034585444,0.015432768,0.047865253,7.841122e-06
28117,-0.13116029,0.0070674503,-0.22882205,0.0023811841,0.008927034,0.0033735344,0.0030731005,-0.0057633086,-0.08318275,-0.0153206615,-0.0051086037,0.008682049,-0.06718528,0.01831364,0.004217758,-0.08665591,-0.1137666,-0.070387185,-0.036082093,-0.054797318,-0.08064424,-0.026768342,0.014813704,-0.089179985,-0.04445929,0.038184334,-0.053149253,-0.03145614,0.005936456,-0.1916068,-0.26618323,-0.13113455,-0.029775942,-1.0573772e-05,0.0,-0.06985454,-0.022448355,-0.012515231,0.19759151,-0.030096294,-0.01785269,0.010285398,-0.048095204,0.09744964,0.017916853,-0.03578488,-0.00560226,-0.0013653842,-0.030654153,-0.006789168,-0.0023607232,-0.01081135,0.003968408,0.009925705,0.019433409,0.046531428,1.3570953e-05
4195,-0.058568545,0.03576389,-0.21026793,0.0037850705,0.0068169665,0.0019194906,0.0020701168,-0.00054547476,-0.054531444,0.014220621,0.102022216,-0.020260511,0.13519001,0.070234396,-0.029502556,-0.124007426,-0.06634145,-0.020202463,-0.034494206,-0.089629665,0.07273903,0.14198929,0.0071150507,0.28667814,0.02902071,-0.008006471,0.103599526,0.10611701,0.0020563249,-0.12188939,-0.18676119,-0.124239996,-0.02771701,-1.0573772e-05,0.0,0.0699385,0.016803915,0.02287765,-0.05026508,0.025485205,-0.10609135,0.010038314,-0.017252302,0.015138681,-0.02286021,0.04994963,-0.028683733,-0.0016210396,0.06233794,0.019697506,-0.02048869,-0.026717816,0.0034186994,0.0085945595,0.010686061,0.037780277,5.1900215e-06
20838,-0.16309355,0.0065261885,-0.16260749,0.0013750294,-0.012187773,-0.0017953179,0.0013246313,0.008380172,-0.045153294,0.01919772,-0.004073529,0.025255414,-0.12165205,0.016544873,-0.018621136,-0.52530384,0.0030019702,0.017510777,-0.08150727,-0.007862269,-0.05926953,-0.019129273,-0.045225546,-0.018232705,0.01828212,0.007524997,0.05119867,-0.25364506,0.02404667,-0.14445437,-0.21358207,-0.10522968,-0.027901454,-1.0573772e-05,0.0,-0.05388484,0.007301276,-0.027319193,-0.026562024,-0.07791861,-0.1313013,-0.0006438482,-0.034312353,0.022505505,0.07979887,0.0025924854,-0.044451263,-0.0013653842,0.020313494,-0.0010020249,0.0005821376,-0.006526087,-0.035622377,0.005548911,0.029892564,0.05246578,2.1457317e-06
3310,-0.15162195,0.08088757,-0.2087702,-0.024509387,-0.049213897,-0.009990148,-0.040866356,5.2404823e-05,0.1392317,0.017134199,-0.054589216,-0.0091296425,0.07242654,-0.012293937,-0.0070622778,0.056716375,0.15871263,0.07233287,0.047311783,-0.036049772,-0.026261121,-0.08504622,0.002457058,-0.042370033,-0.052658007,-0.018334663,-0.08036172,-0.032577626,-0.016438559,-0.12681058,-0.1691031,-0.111356266,-0.024886899,-1.1933477e-05,0.0,0.058385354,0.0107602365,-0.0138657335,-0.043312915,0.13799837,0.049423527,0.0013944209,-0.04465395,-0.043080144,0.011531638,-0.008244183,-0.0439729,-0.0016210396,-0.0175923,-0.008080778,0.00019156771,0.00763783,0.0062284414,0.008043501,0.0085183345,0.028492864,-5.053689e-07
28579,-0.17069519,0.027022963,-0.23896857,-0.0041590044,0.006702517,0.0014622201,0.002412013,0.007772083,-0.16996576,-0.0646723,-0.011820265,-0.009926677,-0.095364995,-0.0061506773,-0.18529287,-0.08975715,-0.18630905,-0.06034888,-0.067427844,-0.07130046,-0.13641901,-0.06808659,0.008009624,-0.10049589,0.0032166406,-0.008993304,-0.060244914,-0.05277558,-0.03613259,-0.16705689,-0.22848421,-0.09895427,-0.031372916,-1.0573772e-05,0.0,-0.10208084,-0.017099332,-0.011230629,-0.06824993,-0.057762314,-0.17385952,-0.005709481,-0.04049192,0.0017231839,0.056740053,-0.03517817,-0.03931089,-0.0013653842,-0.021509513,-0.019714816,-0.003176058,-0.010965086,0.009176489,0.006336163,0.034990862,0.06234739,1.9266343e-05
2860,-0.04945468,-0.100075796,-0.08015262,-0.012155143,-0.059166092,-0.013049916,-0.0199763,-0.0011972855,0.18836616,-0.023391103,-0.028341373,-0.019447887,0.031855267,-0.02596584,0.05896398,0.06897397,0.14797154,0.05157788,0.041291736,0.035396762,-0.0948512,-0.014126334,0.00988069,-0.050464176,-0.02259679,-0.005068193,0.058428492,-0.036497667,-0.015768582,0.18778165,-0.0744833,-0.1303153,0.017737325,-1.1933477e-05,0.0,0.008227229,0.03535871,0.055397037,-0.013810108,0.22915885,0.09839701,-0.0029418329,0.07893696,0.027516058,-0.00998133,-0.012001669,0.023257107,-0.0030826493,-0.0147710955,-0.0073545715,0.0003913621,0.005524544,0.005169155,0.012161283,-0.005624245,-0.009830439,1.3570953e-05
2081,0.046565406,0.018184846,-0.20755735,-0.00015050892,0.00619906,0.0033816297,0.0011804318,-0.004208609,-0.09152704,-0.018392827,0.019730635,0.018175768,-0.050121613,0.021445096,0.02415054,-0.055237103,-0.00015067175,-0.023117421,-0.0010332041,-0.024671584,0.041606735,0.13746417,0.016267242,0.17948294,-0.029458292,-0.017689398,-0.020379037,0.08903394,0.028892003,-0.15368931,-0.21111523,-0.113613605,-0.02728691,-1.0573772e-05,0.0,-0.05504347,-0.016236011,-0.024226278,-0.07257482,-0.04893789,-0.020245237,0.005301816,-0.027572844,-0.009973687,-0.04916027,0.03728264,0.0017605203,-0.001376457,-0.021614548,-0.007537421,-0.009406014,-0.01723464,0.0035577994,0.008841261,-0.013255323,-0.03547033,1.4581801e-06
1010,-0.0090074185,-0.03071653,-0.18594679,-0.00071790814,-0.04937977,-0.0067325174,-0.017267078,0.009929677,-0.09630836,-0.044443443,-0.043535072,0.023912145,0.04449,-0.03514718,0.027800055,0.08574317,0.009787855,0.06339003,0.03474281,0.053164437,-0.032138564,0.06065004,0.014533997,0.15886812,-0.020192984,1.9874704e-05,0.02386029,-0.052110095,0.010330684,-0.147932,-0.17901441,-0.10357048,-0.024396721,-1.1933477e-05,0.0,0.009391555,-0.03400855,-0.084950626,-0.05586699,-0.06834527,0.048623532,-0.00040761652,0.013464326,0.038802076,-0.0061655776,0.02158046,0.0151693905,-0.001376457,-0.006719574,-0.008037678,-0.009460045,-0.011541835,-0.00019517186,0.010181982,-0.018630065,-0.037088208,2.1457317e-06
14108,-0.17758833,-0.03866951,-0.22235408,-0.00032025823,0.0051985523,0.003523035,0.001515767,0.00742455,-0.17299567,-0.044088826,0.008175594,0.008239354,0.013900122,-0.013922704,0.010538205,-0.027558643,0.066413246,0.012723082,-0.0026553208,0.0639006,-0.08853083,-0.07231656,-0.009957174,-0.16292946,-0.060323186,-0.04471894,-0.03153567,0.07102944,-0.002699144,-0.18838474,-0.22627282,-0.11639384,-0.025678879,-7.922725e-06,0.0,-0.06655601,-0.038862806,-0.050296117,-0.117662564,-0.08649066,0.042789895,0.0050357594,-0.081420876,-0.035457637,-0.021793628,-0.041317135,0.0010718659,-0.001376457,0.036176544,0.013385,-0.0027426109,-0.0055614873,0.006757585,0.009565565,0.013830245,0.056135476,-5.053689e-07
1470,-0.060868226,-0.058817133,-0.09178136,-0.0137348445,-0.08349365,-0.0061038234,-0.024381695,0.0011401069,0.17583573,-0.023080043,0.01354145,-0.008075976,0.059977442,-0.01888509,0.033435468,0.010620832,-0.059078187,0.038834963,0.016667798,0.06608008,-0.030540612,-0.0005989111,0.0023770416,-0.042899918,-0.023981573,-0.0022299245,-0.11621157,-0.02571493,0.0041952212,0.17833686,-0.101732865,-0.18722607,0.011398272,-7.922725e-06,0.0,0.048689328,0.05616924,0.00012332518,-0.01739531,0.0796166,-0.011164377,-0.00293147,-0.057538815,-0.09305144,0.0361014,-0.029045034,0.0051076263,-0.0033272319,-0.015071214,-0.0075087985,2.367454e-05,-0.0065801716,-0.02641711,0.010781393,-0.008852607,-0.03044472,-5.053689e-07
5396,-0.15039454,0.03971396,-0.090780355,0.005451933,-0.0016137273,0.0006403549,0.007461051,0.008429548,0.15872595,0.003431717,-0.010796994,0.01836603,0.11242661,-0.015455606,-0.051986475,0.073524445,-0.100970894,0.11790848,-0.040841896,-0.04678667,-0.05057238,-0.011031537,0.014827896,-0.06871314,-0.124556325,-0.004062611,-0.037391398,-0.034746077,0.0047438475,-0.1422214,-0.17726408,-0.12070067,-0.021079512,-1.1933477e-05,0.0,0.07347084,0.007557529,-0.011079416,-0.007021224,-0.032721326,0.043015905,0.01309894,0.015896734,0.25546548,0.10432465,-0.020026485,-0.008067432,-0.0013653842,-0.0034440984,-0.0063388855,0.00035144057,0.011320856,0.007808872,0.00873013,0.0109750535,0.014711862,-5.053689e-07
17169,0.113752924,-0.02738389,-0.20757207,-0.0003872879,0.005904696,0.0034604724,0.001159935,-0.0040546693,-0.076574564,-0.0015300572,0.0078039393,0.0145311365,0.0016641706,0.029328257,0.016158149,0.011277797,-0.037493628,0.006763325,0.031146808,0.049808275,0.027713133,0.1445553,0.027622424,0.078364916,0.2650703,0.029104419,0.03610803,-0.02180145,-0.02202702,-0.14140292,-0.19601883,-0.10223582,-0.027110068,-7.922725e-06,0.0,-0.032329697,-0.017612545,-0.0048946813,-0.047750458,-0.017624741,0.039158914,0.006454935,-0.027242437,-0.019221978,-0.011758388,0.022049014,0.004986821,-0.001376457,-0.018989142,-0.009368953,0.002384569,-0.010512926,-0.01569729,0.008125504,-0.009098363,-0.028803293,-4.2372103e-06
12319,0.099507995,-0.019988006,0.7334939,0.0070197065,0.03259112,0.004162286,-0.00439762,-8.447083e-05,-0.03155366,0.040640693,-0.034145642,0.010690881,-0.07675377,0.010029102,0.030721253,0.06964313,-0.041417263,-0.02691323,0.041110486,0.021848235,-0.03848988,-0.022185735,-0.03939358,-0.006832797,-0.013654734,0.028574191,-0.07929157,-0.018297978,-0.024356196,0.26173413,0.48643583,0.33117318,0.046142254,9.595956e-05,0.0,-0.012190897,-0.0072064647,-0.03299303,-0.019511966,-0.08546193,0.014808173,0.0015895977,-0.027112601,-0.0051203175,-0.105017416,0.0036310968,-0.090415664,0.0043171165,-0.010991677,-0.004103602,0.008417644,-0.004977668,0.0056655356,0.009172997,-0.021081522,-0.024156535,5.946376e-05
20285,0.11101197,0.071444266,-0.16016875,0.008793237,0.026331494,0.0011889911,0.0062432466,-0.003624113,-0.05138594,0.01068146,-0.006246936,0.0012529797,-0.044932507,0.00892133,0.016322808,0.083125755,-0.006940788,0.02438977,0.0051616537,0.061859164,0.027238466,-0.02232502,0.021163778,0.01226833,0.023054533,0.09353842,0.04078359,-0.02622806,0.0054377336,0.3094586,0.43065327,0.49618334,0.044029865,-1.1933477e-05,0.0,-0.024956603,-0.010193444,-0.008813175,0.16586283,0.100504585,0.030214133,0.0015697044,-0.0090034325,-0.01548537,-0.0016522058,0.00789786,-0.0013423796,-0.0014632588,-0.021651115,-0.007206566,0.0004357439,-0.0040104166,-0.023423968,0.0066816355,-0.013189141,-0.02436683,-5.053689e-07
23572,-0.16144432,0.019499118,-0.17157717,-0.012199812,-0.05380476,-0.015096455,-0.030359667,-0.0077106394,0.23032181,0.013658,-0.06654343,-0.018010836,0.071998775,-0.005545443,0.04891763,0.06424633,0.13342726,0.060428876,0.03672569,0.063973345,-0.077513024,-0.01576185,0.0029544896,-0.05162695,-0.053176362,-0.048525233,-0.06892567,-0.025191909,-0.01801271,-0.13706397,-0.17088649,-0.102667384,-0.018402845,-1.1933477e-05,0.0,-0.045648772,0.029606717,0.027192393,-0.043911073,0.07261926,0.06395074,-0.0020985932,-0.038356833,-0.034377724,0.020873552,-0.0199773,0.011302967,-0.001376457,-0.019459847,-0.008104541,0.000101791025,0.0050153015,0.0035853973,0.009606715,0.013731722,0.024205728,-5.053689e-07
27702,0.070538804,-0.005751224,0.8634931,0.007445349,0.039191533,0.0021033348,0.010616,-0.0012142009,-0.039966673,0.019250212,-0.010064944,0.005378781,-0.052318264,0.011707117,-0.0024714698,0.078985795,-0.010469306,0.04307502,0.0092181945,-0.032153588,-0.010066044,0.023750642,0.008526174,0.051619466,-0.0014005782,-0.039915208,0.055265434,-0.006988505,-0.016500838,0.26309896,0.48878944,0.32754293,0.036559466,-1.1933477e-05,0.0,-0.022422902,-0.008940291,-0.021200515,-0.049272817,-0.013743666,-0.00641121,0.005925011,-0.035723682,-0.018572798,0.016507614,0.0132239,-0.0031319452,0.004113603,-0.010749348,-0.0048195734,0.008334282,-0.008314435,0.0039031943,0.011344195,-0.014054159,-0.016962335,5.946376e-05
11022,-0.055495955,0.030704398,-0.2054315,-0.0016322873,0.009203394,0.00212187,0.0039307354,-0.016608844,-0.12134015,-0.060517408,0.046037383,0.085037895,-0.10630528,0.0056903497,-0.19297124,-0.53538525,0.014254673,-0.0069630053,-0.005054919,-0.032155797,-0.06014102,-0.025124382,0.018722765,-0.11440435,0.021086054,-0.013148857,-0.08021617,-0.06751412,0.04429923,-0.1476224,-0.2212437,-0.10276109,-0.027254744,-1.0573772e-05,0.0,-0.06280869,-0.014628818,-0.020571444,0.0014854637,-0.06472279,-0.1514693,-0.018703144,-0.070689365,-0.079513595,0.049170762,-0.043626327,0.063492,-0.0013653842,0.050561525,0.019187996,0.00046089443,0.011091256,0.0066895355,0.0058476045,0.016306924,0.07247855,-0.000534562
3406,-0.23710728,-0.009493814,-0.2353032,-0.0075166947,0.0046256837,0.0029426403,0.0018845572,-0.008143979,-0.1663068,-0.019920813,-0.016718272,0.0146894045,-0.031454537,-0.020855026,0.046070073,0.09587518,-0.1409314,-0.043584283,-0.01456124,0.036196005,-0.08527095,-0.07418057,0.010561071,-0.14314814,-0.03944846,-0.027923048,-0.051534947,-0.013117299,0.008070186,-0.17172192,-0.22146788,-0.114811994,-0.028921872,-1.0573772e-05,0.0,-0.055212352,-0.031127848,-0.054654524,-0.12911373,-0.037886318,-0.03192214,0.006157074,-0.052808113,-0.05285901,0.04271322,-0.044422716,-0.016932491,-0.0013653842,-0.009294143,-0.006169712,-0.0026075186,-0.007962511,0.00018950568,0.011510274,-0.020721396,-0.039277773,-5.053689e-07
27517,0.19853616,-0.015614821,-0.20520002,-0.00020130495,0.009671451,0.0035244867,-0.0016255896,-0.0029042133,-0.038333584,-0.01323995,-0.04336664,0.0010659099,-0.050503872,0.015666412,0.049507257,0.1110951,-0.046072483,-0.024647694,-0.005538741,0.059661362,0.0038551085,0.019881811,0.0029707877,-0.0213672,0.0026380555,0.09795567,0.034988888,-0.029341813,-0.026481401,-0.14411494,-0.18392617,-0.104232065,-0.029852781,-1.0573772e-05,0.0,-0.04292181,-0.018250778,-0.035226777,0.15319757,-0.07975474,0.06781084,0.0017563922,0.071334876,-0.028096475,-0.06988117,0.007371495,-0.01589587,-0.001376457,0.040883236,0.019368146,0.0037671414,0.00767326,0.0032148003,0.008285815,0.020009235,0.03594504,-5.053689e-07
12247,-0.040956046,0.0018892975,-0.06547771,0.0037697996,-0.005703289,0.0047029727,0.005547365,0.008455891,0.1967434,0.031705283,0.0055877827,-0.016080674,-0.061035313,-0.022031114,-0.013551553,-0.07083016,0.06320991,0.0033493557,0.021296654,0.04406677,-0.07650069,0.027474208,-0.012281907,-0.04969563,0.016204251,0.01951252,-0.09898148,-0.0530959,-0.0037873597,-0.13992843,-0.16442189,-0.11141805,-0.02478612,-1.0573772e-05,0.0,0.06780632,0.032519914,-0.00075467967,-0.045676764,-0.065375395,-0.04339031,0.0022547753,-0.044751022,-0.05991526,0.04706317,-0.012991646,-0.027623553,-0.0013653842,-0.021661948,-0.0101072695,-0.0032823808,-0.0048782877,0.008902954,0.009290129,0.018438268,0.04723305,-5.053689e-07
11246,-0.020137727,0.012149518,0.94409615,-0.02856553,0.028056324,0.0031222233,0.0016640952,0.002444466,0.012589457,-0.06530814,0.03882007,0.018377062,0.07602949,0.016522568,-0.1452188,0.059276126,-0.18240039,0.052125487,-0.018978698,-0.16249333,0.03864893,0.018222349,0.014506707,0.015244078,-0.0125792455,0.063557595,0.19229877,0.012568427,-0.042482693,0.30472702,0.5991846,0.4251823,0.04667992,-1.2898648e-05,0.0,0.07962123,0.042515274,0.025408883,0.19540851,0.019467946,-0.113677986,0.014338078,-0.019686302,-0.09616217,-0.014605544,0.006046503,-0.009624607,-0.0012110719,0.043665446,0.0074990443,0.007098252,-0.013325708,0.0041998466,0.013120839,-0.0009106981,0.0048345206,0.00033800353
1611,0.13579355,-0.031547192,-0.35806054,-0.0063061183,0.009006283,0.005529788,0.0009258568,-0.0043069245,-0.062432203,0.0067530773,-0.009944016,0.004219493,-0.025599208,0.0025495254,-0.057496138,-0.031155052,0.023360297,-0.028320625,0.00051869283,0.049497273,0.04762136,0.027677922,0.016075557,-0.0065048537,-0.0016300695,-0.020218832,-0.017784014,-0.030706977,0.014842902,0.21433392,0.312219,-0.073631555,-0.07474173,-1.0573772e-05,0.0,-0.02461639,-0.027844973,-0.03775593,-0.053305827,-0.0822753,-0.015885714,0.008721323,-0.046041485,0.036877282,0.03750289,0.0096679395,-0.022604845,-0.005922408,-0.015305201,-0.004991708,0.0005900372,0.007533367,0.0074552535,0.010042088,-0.01600192,-0.038464464,1.3570953e-05
26060,-0.051512916,0.004614514,-0.102152795,0.003578985,-0.007176314,0.00069917063,0.004517945,0.0053487313,-0.11254386,-0.0051998957,0.018238438,0.034412127,0.037769843,-0.012230225,-0.028613623,-0.0778931,-0.04688809,-0.0423419,-0.011964552,-0.03871667,-0.065154485,-0.06388142,0.025518525,-0.06736731,-0.010474046,0.006875392,-0.06800956,-0.09122657,-0.0072053755,-0.17335658,-0.20590113,-0.12972409,-0.023963096,-1.0573772e-05,0.0,0.089393705,-0.025865505,-0.02045053,-0.0059248805,-0.046730224,-0.060122605,0.016688524,-0.021853924,0.16217707,0.061560787,-0.02468745,-0.01806132,-0.0013653842,0.002696956,-0.00028785446,-0.0029089567,-0.0110591,0.008986121,0.009367472,0.02631443,0.048522018,5.3019357e-06
4559,0.12633461,-0.041704345,-0.38087875,-0.0065314155,0.027933499,0.004342685,0.002012139,-0.0017144673,-0.051429033,0.024610896,0.010138229,0.006591417,-0.07424997,0.028101811,-0.14567351,0.07981964,-0.022430273,-0.023384668,-0.009577362,-0.031504832,0.03726322,0.023104297,0.022102542,0.01637846,0.0031507695,0.06870233,0.029714664,-0.035301298,-0.04396163,0.18479714,0.3398835,-0.092510074,-0.09327687,-1.2898648e-05,0.0,-0.030566532,-0.016492214,-0.024728961,0.10555399,-0.094253816,-0.014180758,-0.010484786,-0.043617427,-0.052198388,0.006258186,0.011774905,-0.0034401626,-0.005922408,0.019270405,0.004350221,0.0004357439,0.0073786606,0.004612047,0.008924404,-0.0119558135,-0.024180988,-5.053689e-07
23038,-0.029356917,-0.026482431,-0.123566195,0.0057531763,-0.014765279,-0.00024389505,0.0007489674,0.008067093,0.19511117,-0.0068534417,-0.009511069,-0.009256661,0.02994042,-0.016974634,0.045598105,0.07171179,-0.09089026,-0.040595457,0.02188876,-0.011642945,-0.06443886,-0.0329339,-0.003915687,-0.04261686,-0.08818187,-0.015998071,-0.042062514,0.12047142,-0.033567157,0.17690444,0.2851014,-0.06326515,-0.046258237,-1.2898648e-05,0.0,0.011860165,0.031661462,0.01325561,-0.016497012,0.09456325,-0.0028821928,-0.0014789064,-0.052996155,0.047571205,0.019732004,-0.020249322,0.0189338,-0.0038567113,-0.013178935,-0.0055062776,-0.00088319037,-0.008712929,0.011440214,0.010346994,-0.006013359,-0.025524791,1.3570953e-05
392,-0.15431261,0.029029116,-0.06547071,0.0013294055,0.0131594725,0.02750365,0.0053354176,-0.040226046,-0.1483889,-0.064083345,0.014205743,-0.076361455,-0.12313869,-0.0024457648,-0.1798687,-0.010937588,-0.04004681,-0.03681374,-0.03328011,-0.06481311,-0.11883802,-0.060586475,-0.19460803,-0.46266425,-0.04432147,0.040571507,-0.120315135,-0.18415436,0.029836953,0.179794,-0.14636704,-0.23986544,0.025068391,-1.0573772e-05,0.0,-0.05363531,0.03970223,-0.02235736,0.087708354,-0.0846525,-0.017805398,0.002851415,-0.042223334,-0.013101065,0.005386289,-0.023579147,0.025227973,-0.0017156233,-0.045121606,-0.005326659,0.00031343524,0.018494742,0.00453057,0.0080611985,0.019301808,0.009466064,-0.00052029925
26969,-0.20519178,-0.021855142,-0.20631808,-0.0038795476,0.00810325,0.0027486065,0.008229061,-0.031402722,-0.13835016,-0.016253183,0.020445136,0.013904995,0.1359828,-0.07069134,0.059266478,0.043468572,-0.07417915,0.020923369,0.005103005,-0.09614886,-0.07165827,0.015042104,0.04043752,-0.0973517,-0.14554627,0.026050763,-0.033572715,-0.032282766,0.0036596386,-0.1315007,-0.184434,-0.09208913,-0.027076574,-1.1933477e-05,0.0,0.08250493,-0.0384881,-0.037347525,-0.023348803,-0.055826306,-0.089015745,-0.00047060786,-0.026889138,-0.10810612,0.20198734,-0.028871754,0.01941747,-0.0013653842,-0.0064349957,0.022357283,0.019410014,0.015029598,0.01069553,0.009968769,0.0130366525,0.051850874,1.3570953e-05
25414,0.12731601,0.0031385152,-0.18397348,0.0025421125,0.01570044,0.009286487,0.0029369076,-0.003265001,0.09626761,0.016834639,0.0060525783,-0.004957312,-0.03365176,-0.0036706058,0.058054037,0.10807091,-0.060658436,-0.019691246,-0.010025483,-0.039021716,-0.061279688,-0.00844251,0.023295917,-0.022158096,0.03695791,0.10264367,0.005236552,-0.035618525,-0.0040076086,-0.14115407,-0.18883158,-0.11723853,-0.026047736,-1.2898648e-05,0.0,0.05297944,0.020244574,0.0028106717,0.19109632,0.10947346,0.06474228,-0.0012731529,0.11864881,0.04634231,-0.0166962,-0.015515659,0.0030390474,-0.001376457,-0.025135692,-0.013611205,0.0036978398,0.010663469,0.004538,0.009501251,0.018201875,0.036727194,1.3570953e-05
20557,-0.130786,-0.033626523,-0.26212636,-0.030849043,-0.06983268,-0.0094948085,-0.022004573,-0.0023552128,0.06624704,0.0039671403,-0.027414871,-0.07985341,0.04684726,-0.03259606,0.0046017882,-0.049297202,0.13370289,0.06619533,0.034197558,0.052712064,-0.033726852,-0.07276014,-0.09688338,-0.039574258,-0.025665145,-0.014172544,-0.117899865,-0.22197205,-0.022855569,-0.13875529,-0.18864173,-0.12562689,-0.01929464,-7.922725e-06,0.0,0.020785946,0.0045204707,-0.007436031,-0.038610373,-0.0039366013,0.046685945,0.00371541,-0.06585628,-0.041107833,0.025196206,-0.01070048,-0.052176554,-0.0016210396,0.0022507322,0.0062184576,-0.0022160762,-0.011708509,0.007048779,0.009688681,-0.010952418,-0.052916847,-5.053689e-07
23165,0.0035971543,0.010406915,-0.06112279,0.0031106132,-0.0052601723,-0.0008422234,0.0035264806,0.02073013,0.17154749,-0.019853383,0.010327892,0.0008747666,0.0714003,-0.02000982,0.03776719,0.0029699325,-0.052163478,-0.023240801,-0.023404911,0.011769344,-0.043638743,0.008738058,-0.0064906105,-0.036208168,-0.07398577,-0.011150944,-0.08152836,-0.034329526,-0.0049883164,-0.13673739,-0.18583344,-0.12698732,-0.020757277,-1.0573772e-05,0.0,0.028598288,0.026360996,-0.0048002633,-0.0404785,0.107249185,-0.010275425,-0.0012481381,-0.057442784,-0.061428327,0.013755593,-0.014638915,-0.0219399,-0.0016210396,-0.021851396,-0.009797985,0.0003582747,0.0047938162,0.0051345453,0.008314439,0.013951149,0.03937331,-5.053689e-07
22692,0.027891802,0.0037530693,-0.4331408,0.0051309275,0.004963465,0.0028225647,0.00950678,-0.004588087,-0.10904529,-0.027007852,0.02573186,0.002223276,-0.03935822,-0.019543096,-0.14216739,-0.062051635,-0.018516397,0.024771493,0.04940477,-0.2474319,-0.10650368,-0.040728603,0.012844465,-0.049881943,0.0027821877,0.0045834207,-0.005191296,-0.031955358,-0.002412897,0.22613439,0.33873016,-0.04573219,-0.102967665,-7.922725e-06,0.0,-0.037426747,-0.030960638,-0.060065188,-0.108049765,-0.074026786,-0.24646252,-0.008924553,-0.10757355,-0.028852293,0.11380854,-0.03771218,-0.016042601,-0.005922408,-0.01126837,-8.37362e-05,-0.0044530546,-0.0092655,0.0039570434,0.00809462,-0.01863742,-0.06636843,1.3570953e-05
10508,-0.07190045,0.0032551093,-0.0718912,-0.010364518,-0.0335734,-0.009020655,-0.019904314,-0.0016264305,0.19697545,-0.011625578,-0.05706826,-0.012388626,0.038108815,-0.025285862,0.041442048,0.068319164,0.14510927,0.06132463,0.040405937,0.07071032,-0.08552036,-0.0044817226,0.0059042526,-0.048101187,-0.00023886445,0.00016901837,0.0698053,-0.029076327,-0.014478668,0.18238018,-0.05880747,-0.123484045,0.017725049,-1.1933477e-05,0.0,0.009047851,0.03463176,0.089109644,-0.012308559,0.2587319,0.09492083,-0.0029048256,0.07643983,0.045857504,0.002530194,-0.009919777,0.022632895,-0.0030826493,-0.014883756,-0.0073545715,-0.002947962,-0.0048221215,0.0035731676,0.012733772,-0.0055344007,-0.0053117424,1.3570953e-05
9180,0.03134509,0.09526188,-0.1956023,-0.009841556,-0.035545718,-0.009328223,-0.06408153,-0.0185903,0.1861053,0.009232282,-0.034528803,-0.009950805,0.048026077,-0.0098923,0.05422579,0.075380966,-0.093682,-0.029914968,0.034310643,-0.046293937,-0.15239154,-0.0099183675,-0.06549125,-0.04668349,-0.0887142,-0.048107848,-0.10228836,-0.023513716,-0.0055713984,-0.14932775,-0.16704799,-0.096690364,-0.02437206,-1.2898648e-05,0.0,0.021132717,0.05222888,-0.042338863,-0.0318697,0.07223204,0.07504714,-0.0013366116,0.033321973,0.046642877,-0.015046599,-0.016857145,0.02202791,-0.001376457,0.02782599,0.011230667,0.00045587693,-0.0073691765,-0.0168984,0.00992187,0.0066155074,0.0376367,1.3570953e-05
25915,-0.12615103,-0.043266635,-0.1768816,-0.019259628,-0.06267759,-0.012989909,-0.031832058,0.0005748506,0.19450451,-0.011686715,-0.014730128,-0.07294188,0.031068569,-0.053678263,0.06735808,0.09838608,0.17297263,0.046961606,0.02637937,0.05685785,-0.08564937,-0.012183692,-0.24448861,-0.0467288,-0.013125183,-0.0047961557,0.031743687,-0.020404879,-0.023501411,-0.124227524,-0.13633059,-0.08285377,-0.019474633,-1.1933477e-05,0.0,0.00072524697,0.03284613,0.0036843529,-0.014632291,0.24845806,0.10412332,-0.0019214654,0.10531791,0.010171162,-0.05076823,-0.0134060215,0.013565631,-0.001376457,-0.012678282,-0.008104541,-0.003137085,-0.004409277,0.0051847757,0.010762584,0.0027691922,0.011036433,1.3570953e-05
9281,-0.19020787,0.018396862,-0.23635192,0.00013764529,0.0009542501,0.003051254,0.018269492,0.00043542183,-0.1370636,-0.035755314,0.03186296,0.039697565,-0.08713682,0.00870305,0.037943464,-0.0015884194,-0.09779238,0.03044314,-0.00042067564,-0.04692713,-0.07725357,-0.049679466,-0.018581254,-0.07043799,-0.08250264,-0.035981424,0.16287439,0.05569512,0.008705748,0.32117045,0.47574967,0.2821494,0.043495324,-7.922725e-06,0.0,-0.004961596,-0.013980118,-0.032158975,-0.085783534,-0.027486607,-0.012994459,-0.0016141403,-0.06156323,0.005579302,0.060429383,-0.030779965,0.01764184,-0.003504333,0.028924797,0.015731823,0.00015251873,0.0020048108,0.001744905,0.011540885,0.0117084095,0.040524613,1.9266343e-05
23579,-0.094541885,0.015832337,-0.22675607,0.00414613,0.0041812407,0.0015830417,0.002853923,0.002105633,-0.05102141,-0.015548588,0.12657912,0.028719254,0.1265856,0.09185093,-0.10009814,-0.16559368,-0.11822675,-0.025372816,-0.04149286,-0.115041316,0.06702707,0.039507966,0.015687242,0.0009638442,-0.09705075,-0.023191513,0.21506605,0.04637777,-0.012802917,-0.15344746,-0.21464752,-0.12701112,-0.02841305,-1.0573772e-05,0.0,-0.008953802,0.0060228263,0.0032524492,-0.034167755,-0.03594573,-0.105367124,0.053926185,-0.022700347,-0.03411114,-0.024020037,0.022732347,-0.023054464,-0.0016210396,-0.018332971,-0.007278867,0.0006916072,0.009544453,0.0053224126,0.009956706,-0.007662359,-0.017183045,5.1900215e-06
5353,0.040487155,0.05469775,-0.17496033,0.009070385,0.01907949,0.010088549,0.00066756736,0.011305763,0.03740623,0.010895864,-0.030707065,-0.017888695,0.07031478,-0.02559779,0.05196636,0.05181167,0.09091212,-0.025011657,0.029324487,-0.041967176,-0.048482396,0.017818775,-0.0038425266,-0.015979892,0.014495181,-0.054040432,-0.0457434,-0.029329123,-0.1105493,0.31629202,0.3448447,0.38751,0.036766097,-1.2898648e-05,0.0,0.002408508,-0.005206308,-0.018897224,-0.0649778,-0.06270805,0.040632047,-0.0021714345,0.0034194181,0.038274888,-0.027312575,-0.011029066,-0.0048299106,-0.0011585169,-0.023930792,-0.011251617,0.0017077752,0.006583467,0.012439418,0.0103080785,0.02231368,0.035089266,1.3570953e-05
29636,0.17569444,-4.5990542e-05,-0.1746281,0.0012610442,0.01108726,0.0035441825,-0.001613792,-0.010838046,-0.07654895,0.008157084,-0.05302802,0.003574512,-0.004378879,-0.00051713164,0.016535219,0.09036977,-0.030563723,-0.035333324,-0.056063827,0.036551673,0.052439414,0.13119085,0.010188046,0.17034948,0.020740751,0.004988946,-0.0314274,-0.060487516,0.011563091,-0.11898311,-0.18246247,-0.09745474,-0.025027711,-1.0573772e-05,0.0,0.0025803319,-0.017932002,-0.056390654,-0.043874614,-0.1126828,-0.015882628,-0.0023135731,-0.052248247,0.0080237,0.047163535,0.03384756,-0.029337903,-0.0013653842,0.024227636,0.025723975,0.0022987358,0.014548275,0.010190013,0.009992222,-0.021534815,-0.040446024,2.1457317e-06
20307,0.1749115,-0.004421359,-0.33695963,-0.0015180922,0.006593588,0.007179679,0.0009676951,-0.0032919382,-0.0019305595,0.016242106,0.004450447,-0.0041659744,-0.035502963,-0.014101769,0.060108688,0.0005047193,0.08125,-0.03739023,-0.0027327882,0.04454041,-0.0023591311,0.008211592,0.018807497,-0.02268666,-0.0019039107,0.093370445,0.00813573,-0.010039642,-0.020703973,0.23782094,0.35997584,-0.060473192,-0.071983546,-1.0573772e-05,0.0,0.013459796,-0.0066850656,-0.012847599,0.16546468,0.043056067,-0.000499622,-0.0012262401,-0.013638815,0.030809818,0.016344396,-0.008305949,-0.013278898,-0.0075340164,-0.037167642,-0.013434418,0.0005002587,0.004887238,0.0043668556,0.009076019,0.019361455,0.046575107,-5.053689e-07
12874,0.15821183,-0.012209374,-0.20752287,0.0013654885,0.011864842,0.0035003386,-0.0013664588,-0.0021106615,-0.073732734,0.0069622984,-0.017217599,0.0036708973,-0.044289608,-0.008166745,0.016787235,0.09213533,-0.036608268,-0.02939673,-0.0038142847,0.05479415,0.022292903,0.12187695,0.020522492,0.11413022,0.0022680059,-0.01347301,0.024115639,-0.025558699,0.009244418,-0.13305542,-0.18002231,-0.10096348,-0.02860862,-1.2898648e-05,0.0,-0.0022114643,-0.017488062,-0.05050535,-0.04619469,-0.07209746,0.02218,-0.002492708,-0.02971385,-0.023186978,-0.04817803,0.029896881,-0.019579183,-0.001376457,0.022524193,0.021193381,0.0037876184,0.011683405,0.003459252,0.010384229,-0.013693905,-0.028823081,-4.2372103e-06
29087,0.14903373,-0.05303968,-0.22853199,0.00090743945,0.015342853,0.0029365672,0.002742104,-0.0026890761,-0.09060603,0.005877929,0.0044429647,-0.0006834051,-0.056156944,0.04976268,0.06650488,-0.041586425,-0.06609368,-0.023034388,-0.0077899625,-0.04826592,-0.022834608,-0.04189589,0.017005123,-0.04517441,-0.03465396,-0.03899764,0.013771449,-0.010027302,0.034887116,-0.18666849,-0.23630877,-0.13129249,-0.026414337,-1.0573772e-05,0.0,-0.0557536,-0.02776875,-0.007720792,-0.051627096,0.09553121,-0.011308597,0.0064632636,-0.041751515,0.013790215,-0.04673004,-0.0048908405,0.0026735538,-0.001376457,-0.02575148,-0.00782766,0.0039056125,-0.009870007,-0.026179923,0.00865165,0.016066076,0.042745247,-5.053689e-07
17470,-0.010108177,-0.014078923,-0.22240345,-0.0011472711,0.008579964,0.00350763,0.0016003961,-0.004208609,-0.10529867,-0.025683234,0.00075878465,0.0065773344,-0.05756736,0.01797476,0.017331198,-0.014263867,0.0008873162,-0.028243877,-0.010751615,-0.036897942,0.0006115107,-0.03642358,0.014150969,0.01853214,-0.062466122,-0.025346698,0.009356762,0.079041615,0.025879042,-0.18223694,-0.23792197,-0.1303978,-0.0285011,-1.0573772e-05,0.0,-0.047267463,-0.020385502,-0.029914087,-0.07513299,-0.062405154,-0.0018026794,0.008030059,-0.05685413,-0.030081125,-0.104712054,0.023588335,-0.012172538,-0.001376457,-0.03493976,-0.0085354075,0.0018954241,0.01057607,0.0014483271,0.008505461,0.015153445,0.026295317,-4.2372103e-06
15943,-0.044880234,-0.07292787,-0.21929377,0.0015288044,-0.010121913,0.0019517087,0.003560592,-0.020267894,-0.12273914,-0.0174549,-0.014580756,0.004104898,-0.1380956,8.0031095e-05,0.037878346,-0.46312308,-0.011867279,-0.019872665,-0.021758286,0.077483386,-0.053818367,-0.015446898,0.014315607,-0.12479033,-0.030587874,-0.13213839,-0.065880395,-0.087838724,0.038996037,-0.1654149,-0.23876636,-0.11125653,-0.027582375,-1.0573772e-05,0.0,-0.06401417,-0.013658704,-0.05179949,-0.20880283,-0.079202965,-0.16439152,0.006074938,-0.08575696,0.042122137,0.04104527,-0.036646392,0.009866437,-0.0013653842,-0.02382672,-0.012765821,-0.00327804,-0.013241347,0.0037469594,0.008920975,-0.016459165,-0.05446408,5.1900215e-06
25866,-0.1650682,-0.021567954,-0.26184082,-0.00018726996,0.008066769,0.0036276646,0.003469553,-0.004880828,-0.09736525,-0.03410475,0.035858642,0.014698047,-0.019783156,-0.0014911629,-0.12804654,-0.0858307,-0.09849918,-0.07911079,-0.034530845,-0.05492159,0.010349119,-0.043649454,0.0066275755,-0.062447794,-0.026009858,0.025586009,-0.034252923,-0.026652459,-0.009910341,-0.18708433,-0.24619657,-0.13668203,-0.030730346,-1.0573772e-05,0.0,-0.07637207,-0.019817231,-0.026183186,0.14320143,-0.029203402,-0.0682774,0.0018687774,-0.045435864,-0.020158948,0.04298473,-0.006776694,-0.02260769,-0.0013653842,-0.0388658,-0.013010271,-0.0023607232,-0.01081135,0.0049724816,0.010113883,0.018493772,0.032794453,5.1900215e-06
25235,-0.011470273,-0.010446575,-0.22392543,0.0003947977,0.011495971,0.0034544314,0.0021492601,-0.004289896,-0.08106243,-0.019531393,0.0410197,0.01499184,-0.04862342,0.017120257,-0.035371196,-0.18252388,0.018035783,-0.03141766,-0.028550643,0.09567978,0.05118878,0.15015449,0.016382877,0.23161766,-0.011388282,-0.012337628,-0.009133641,-0.04715222,0.029481975,-0.13539046,-0.19205736,-0.11035331,-0.030886253,-1.0573772e-05,0.0,-0.0114782555,-0.0134323845,-0.015724937,-0.054788906,-0.06046395,-0.03669453,0.0040926095,-0.0263055,-0.03186855,0.05772234,0.033756573,-0.005313699,-0.0013653842,-0.020957885,-0.013955774,0.00034202664,0.011743769,0.0041278494,0.010346693,-0.016995182,-0.031673063,1.4581801e-06
2656,-0.09661558,-0.017380645,0.7438688,0.0014516329,-0.23829272,-0.00013738514,0.0038592806,-0.023931172,0.06454537,-0.058220733,-0.086526774,-0.017004106,-0.04929358,-0.017487142,0.03125786,0.026973413,-0.13061611,0.07464586,0.02935253,0.06317897,-0.04442601,0.029068487,-0.024343144,-0.071371935,-0.053893056,-0.009647235,-0.12220917,-0.01415234,-0.06396387,0.2597651,0.4310664,0.20744613,0.02534009,-1.1933477e-05,0.0,-0.004379321,0.015699996,-0.00902992,-0.065645605,-0.01597275,-0.02228408,-0.01324469,-0.044208903,-0.019723885,0.035922024,-0.00870278,0.0076004025,-0.003504333,-0.028443074,-0.013860293,0.0069765276,-0.004335092,0.010017899,0.011448375,0.010861839,0.02307433,5.946376e-05
19510,-0.21471468,0.031229075,-0.13277411,0.0031628401,0.024043173,-3.8595164e-05,0.0032519568,-0.027715469,-0.110916086,-0.0034937821,0.010454671,-0.004555718,0.09849099,-0.019674849,-0.15394065,-0.29197186,0.009559437,-0.012892295,-0.009694639,-0.05298394,-0.06909249,0.023155954,0.023130424,-0.08612271,0.045390405,0.038515277,0.2688246,-0.11583841,-0.024269447,-0.1588914,-0.2083091,-0.09872731,-0.030898402,-1.0573772e-05,0.0,-0.07658739,-0.025114574,-0.025301034,-0.13502806,-0.061595116,-0.16756546,-0.005077277,-0.019648388,0.059885208,0.06953416,-0.040413,0.05941231,-0.0013653842,-0.004533039,0.008012809,-0.0024814769,-0.020217037,-0.04096882,0.0079401275,0.027032755,0.12340391,-5.053689e-07
18803,-0.05075758,-0.028816922,-0.24663332,0.00039885243,0.006859738,0.0034725135,0.0017535312,-0.0042756074,-0.13689111,-0.026011338,0.015210927,0.014973113,-0.07840268,0.02210043,-0.027897615,-0.041700363,-0.004591683,-0.013451856,0.006585091,-0.02578331,-0.04424609,-0.045795847,0.01971427,-0.030034505,-0.016970985,-0.021954425,-0.060030263,0.0024673801,0.011642616,-0.18638884,-0.23740512,-0.142368,-0.028459627,-1.0573772e-05,0.0,-0.0828339,-0.027266728,-0.040700965,-0.08275625,-0.06483875,-0.038273845,0.0034717205,-0.07427619,-0.035110697,-0.07667958,0.021628032,0.011609296,-0.0016210396,-0.019947728,-0.007870687,0.0018309093,0.013419315,0.0053525255,0.007185459,-0.013474495,-0.02281911,5.1900215e-06
4832,-0.1422612,0.01622798,-0.23714319,-9.2178525e-05,0.001249894,0.0033712694,0.0018811236,-0.0016555518,-0.08567423,-0.04591781,0.078590564,0.044467125,-0.101712175,0.019938689,-0.101707,-0.015383554,-0.0052683684,-0.006274593,0.007923472,-0.028157135,-0.032569233,-0.050659563,-0.012377453,-0.0411263,0.0025043031,-0.032984395,0.19324544,0.1300726,0.023581233,-0.1793286,-0.23780414,-0.13362825,-0.019602733,-1.0573772e-05,0.0,-0.0035764587,-0.025617315,-0.0067873066,-0.050361007,-0.0024449432,-0.029053653,0.004034059,-0.04862895,0.023070322,0.026945401,0.0052166255,-0.014322378,-0.0016210396,0.052752037,0.01647067,-0.0027426109,-0.005238122,0.005817777,0.0069978866,0.0017297828,0.040614285,1.4581801e-06
6822,-0.068646885,0.019293526,-0.015821166,0.001108171,-0.0036193817,-0.00023475138,0.0064305365,0.011657324,0.20361581,0.0047545447,-0.049463116,-0.00505696,0.05368565,-0.016680714,0.03509718,0.0669602,-0.092699565,-0.014171742,0.023400074,-0.0051895697,-0.047892056,-0.030167775,0.006958407,-0.05178697,-0.09650791,-0.0025901059,-0.06164362,-0.037686154,0.003358075,-0.13607462,-0.17669845,-0.114951044,-0.019688873,-1.2898648e-05,0.0,0.049039453,0.027104482,-0.033355165,-0.0064646183,0.11721433,0.009050873,-0.0012218818,-0.067007616,-0.0043022363,0.018301632,-0.019569518,-0.00059566816,-0.0016210396,-0.019379843,-0.007931869,0.00014487104,0.007348839,0.008073503,0.009242778,0.013185623,0.025600974,1.3570953e-05
3257,-0.009823214,0.00277316,0.8494429,0.0069606286,0.035944335,0.003205654,0.006412171,-0.00069380074,-0.032877326,-0.0026703144,0.015920809,0.057234798,-0.03624793,0.04119906,-0.06828995,0.07505891,-0.03811138,0.061070904,0.030453833,-0.01989547,0.01391386,0.07268219,-0.05498745,-0.0093800435,0.015565171,0.019128485,0.13539588,-0.021908024,-0.0028897105,0.308997,0.5275176,0.40802333,0.044464003,8.877918e-05,0.0,-0.012530217,-0.006656702,-0.022082966,0.11481045,-0.009972974,0.03204403,0.00103755,-0.0480842,-0.02355606,0.05733123,0.0021169889,-0.024356853,0.004113603,-0.0092169,-0.0026872873,-0.004045791,0.0025979402,0.006624163,0.010225269,-0.023698753,-0.022169417,6.515915e-05
20737,0.13712627,-0.028585408,-0.25068167,0.005771535,0.012476013,0.004192169,-0.0017894947,-0.015021318,-0.0027086183,0.0070761405,-0.004646093,0.0020395685,-0.021270419,-0.008710262,0.0564273,0.089752816,-0.040674686,-0.029849714,0.0018754529,0.056069817,0.01574237,0.03299801,0.021936703,0.014584996,-0.037885197,0.09627298,0.060296983,0.086470515,0.010547591,0.20368628,0.30358824,-0.009080042,0.039819617,-1.0573772e-05,0.0,0.008635648,-0.0068891207,-0.011762295,0.09278229,0.10565308,0.037166562,-0.002505457,0.0005285007,0.033741064,-0.01929103,0.006901518,-0.002220377,-0.0037705677,0.021934403,0.014915736,-0.0033777978,-0.0061041773,0.0045696776,0.011279127,-0.014093883,-0.040092338,1.3570953e-05
657,-0.1649625,-0.027974946,-0.21539915,0.0006769142,0.0073231477,0.0067459485,-0.0009820338,0.012270642,-0.09317897,0.0035770005,-0.014124235,-0.0028371145,0.030977532,-0.02234372,0.028741116,0.096163906,0.13886406,-0.00046667017,-0.0011642266,0.07870643,-0.06015626,-0.0064309714,-0.003486606,-0.061120097,-0.03855842,-0.01596786,-0.05129405,-0.016128648,0.06127106,-0.17204134,-0.2018002,-0.1178448,-0.02554675,-1.0573772e-05,0.0,0.056246087,-0.020849977,-0.021615796,-0.04698169,-0.09233644,0.035303056,-0.0012224542,-0.041588783,-0.03084178,-0.012365737,-0.013135523,-0.028306859,-0.001376457,-0.004328077,-0.01019304,0.00034202664,-0.007882872,-0.03262119,0.011455092,-0.012692147,-0.029160568,-5.053689e-07
9946,-0.046362232,-0.005939663,-0.11388156,-0.012203296,-0.050548293,0.013703252,-0.03896636,0.002011152,0.17606936,0.034252346,0.0030301565,0.012482885,-0.0017463382,-0.009325478,0.08065093,-0.10099544,0.021962466,-0.029909125,-0.018975494,-0.026303139,-0.0037884046,0.022947537,0.028791722,-0.038960505,0.014482822,0.0022396771,-0.0028223717,-0.007253523,-0.034008328,-0.15601271,-0.17956905,-0.09515315,-0.023557806,-1.0573772e-05,0.0,0.06838019,0.05571488,-0.01617428,0.0768419,-0.061963953,0.004604381,-0.0026012724,0.006049359,0.05101053,0.059885226,-0.01140988,0.053700242,-0.0013653842,-0.013222758,-0.003372767,-0.0022489699,-0.010691782,0.006885411,0.010242735,-0.018018845,-0.041545253,1.3570953e-05
10041,-0.039237086,0.018784948,-0.09306261,-0.02509916,-0.06722553,-0.00057533017,0.008634754,-0.017605096,0.15270363,0.03024966,-0.10426087,0.023746166,-0.042587243,-0.02600197,0.10586644,0.049890693,-0.07595243,0.032847393,-0.10075337,-0.105820775,-0.055596735,-0.028102513,-0.0061729723,-0.05981681,0.025505066,0.0005233915,-0.02558018,-0.027266812,-0.004215624,-0.13620453,-0.18841998,-0.09636325,-0.026447857,-1.1933477e-05,0.0,0.0043500243,0.033586778,0.00569973,0.12865815,-0.03225313,-0.1851469,0.0027977037,0.03028912,-0.08210464,0.081288934,-0.024607511,0.033379585,-0.0013653842,-0.022615075,0.0015982504,0.009612276,-0.007843411,0.0025378305,0.010336698,0.029229201,0.0395729,1.3570953e-05
19878,0.122778066,0.018078456,-0.20865738,-0.00060864305,0.008898755,0.003585568,0.0016835082,-0.004239926,-0.09759097,-8.0818085e-05,0.015991436,0.00065473263,-0.07310269,0.011999019,0.0044633225,-0.0045841965,-0.025949558,-0.035742506,-0.0043616747,0.05489364,0.028282387,0.1434035,0.017530246,0.123284996,0.048049375,0.023685897,0.01598404,-0.027294198,0.024619376,-0.133973,-0.18738264,-0.10973423,-0.0285011,-1.0573772e-05,0.0,-0.035062563,-0.02106329,-0.0413815,-0.07333626,-0.070486404,0.008803207,0.0020412037,-0.039533347,-0.028904768,-0.004684807,0.023902563,-0.0027205162,-0.001376457,-0.03276538,-0.012177388,0.0023632506,0.00893208,0.0037025143,0.009073674,0.013601024,0.028392058,-4.2372103e-06
10254,-0.06194017,0.0036263978,-0.08134751,0.0034703638,0.0017881829,-0.00087289483,0.005397183,0.04487777,0.1439351,0.012337695,-0.047519475,-0.011624663,0.051998075,-0.02261895,0.02359177,0.087266214,-0.06860368,0.06797317,0.04166331,0.06443857,-0.04253909,-0.0005644236,-0.0010377476,-0.037599478,-0.037587747,-0.001174113,-0.023350066,-0.033057947,0.07907922,-0.13555007,-0.18822324,-0.13252567,-0.019058099,-1.1933477e-05,0.0,0.031406242,0.018706167,-0.009520394,-0.01799269,0.06069802,0.052320857,-0.0020870694,-0.060622837,-0.072782375,0.014665745,-0.017280161,-0.02126897,-0.0016210396,-0.01251806,-0.006856222,-0.0022160762,-0.007020273,0.010124603,0.011016151,-0.01200208,-0.026060225,-5.053689e-07
3032,0.18096426,-0.06050067,-0.3141148,-0.0013022171,0.028359862,0.009350366,-0.0013447638,-0.0013190439,0.04758332,0.0087609785,0.006172921,0.0020078535,-0.025072858,-0.009714529,0.043576486,0.08363918,-0.04488457,-0.0044915425,-0.013157646,-0.05809773,0.023431301,0.003577422,0.030205768,-0.009522593,0.039906513,0.07653717,0.011991072,-0.0057794573,-0.017344804,0.22362483,0.3403333,-0.05575496,-0.07240059,-1.2898648e-05,0.0,0.026010936,0.004561702,-0.0025447388,0.14455211,0.15075935,-0.023807388,-0.0014325631,-0.04556553,0.11683447,0.03102571,-0.0007435454,-0.027785711,-0.005922408,0.019763319,0.015025184,0.0004357439,0.0072617703,0.003717936,0.0086962525,-0.015459288,-0.04438699,1.3570953e-05
4993,-0.004396035,0.010081512,0.8835228,0.0027687943,0.026658142,0.0056719496,0.010675075,-0.0012541506,-0.033767395,0.006573953,0.02670716,0.0635742,-0.057546504,0.020881345,-0.059217893,0.057350624,-0.0153989885,0.08004114,-0.026875472,-0.028947912,0.019000266,0.035365764,-0.057660185,0.05810238,-0.0012260785,-0.029238295,-0.005556498,-0.009006211,-0.019071735,0.29853082,0.4899186,0.3902093,0.037449647,-1.1933477e-05,0.0,0.011423941,-0.009156621,-0.017715525,-0.05075098,0.027729072,-0.0045720926,0.0010595802,-0.055989902,-0.018573163,0.051486563,0.009678483,-0.018980784,0.004113603,0.034378998,0.008282233,-0.0025640319,0.0074918894,0.004029197,0.011639889,0.024337817,0.02558943,6.515915e-05
9490,0.004381414,0.058210142,-0.20487812,0.0018292142,0.0104366895,0.003433907,0.004024552,-0.013149552,0.12265003,0.028251657,0.038627885,-0.0010276984,0.010796519,-0.00976447,0.033625662,-0.024402907,-0.04603707,-0.00081214367,0.058623746,-0.00864446,-0.047950987,-0.008341294,0.0239706,-0.040066335,-0.05837979,-0.024983294,-0.032571208,-0.02157371,0.08049786,-0.15009028,-0.20451178,-0.13052616,-0.025013747,-1.0573772e-05,0.0,0.05512868,0.017659295,0.0047125467,-0.038830537,0.06425072,0.0059172395,-0.0012891205,-0.037241865,-0.04053354,0.010498607,-0.014919291,-0.026060801,-0.001376457,-0.023976786,-0.011775777,-0.0022388536,-0.0045632278,0.0047155838,0.008375904,0.00894648,0.037385162,-5.053689e-07
12025,0.008664563,-0.014018126,1.0297207,0.002326082,0.017925926,0.0040914617,0.014477554,-0.00032028393,-0.04433663,-0.008994125,-0.0012367866,0.009559691,-0.05870816,0.018872587,0.030830042,-0.020476388,-0.022142624,0.031528376,-0.000546624,-0.029882059,0.04169257,0.018680653,0.02248147,0.013995303,-0.034600433,-0.01938152,0.033217512,-0.005978535,-0.011501344,0.31436592,0.54776317,0.25206372,0.035879295,-7.922725e-06,0.0,-0.03291694,-0.0094094975,-0.009378894,-0.06295153,0.053491656,-0.0014333741,0.004086393,-0.04260748,-0.019463977,0.014588935,0.0051244185,-0.0141937565,-0.0058222166,-0.014716817,-0.0035775653,-0.004000951,0.009707734,0.005026806,0.009693136,-0.014700895,-0.022406837,5.946376e-05
1796,-0.12697822,-0.05816745,-0.074669935,-0.013822358,-0.053956203,-0.017558003,-0.019910369,0.0075758053,-0.034623876,0.12310684,0.06836172,-0.08867008,0.22538458,0.036055118,0.04672923,0.08541737,0.17740172,0.08610706,0.035851207,0.07735621,-0.028112674,-0.0414199,0.0706721,-0.43870896,-0.052439332,-0.0058184243,0.09532501,-0.020285977,-0.014268826,0.20875205,-0.08348125,-0.13402729,0.026304834,-1.1933477e-05,0.0,-0.014746879,0.05167782,0.072878204,-0.0048509883,-0.019829867,0.094806455,-0.002090612,0.049856715,0.034109443,0.006432129,-0.012363717,0.020391269,-0.0030826493,-0.0026865753,0.009915686,-0.0030313237,-0.009367288,0.0053113056,0.012594118,0.016841352,-0.016737247,1.3570953e-05
26052,-0.18340726,0.028017165,-0.25871047,0.000942416,0.0073128324,0.0034566594,0.0026102217,-0.0025831738,-0.12808338,-0.044074632,0.023567872,0.06513449,-0.12508115,0.013261574,-0.080219716,-0.06580002,-0.0905557,0.08698084,-0.01910695,0.08567444,-0.09481786,-0.06319665,0.004824877,-0.10515769,-0.03194115,-0.024777373,-0.038019318,-0.033252563,0.019110397,-0.18472302,-0.2391504,-0.13444288,-0.029685847,-7.922725e-06,0.0,-0.079244845,-0.029459843,-0.029662276,-0.11317963,-0.039252207,-0.041149057,-0.0028269598,-0.030980758,-0.0001668978,0.06475525,-0.034820013,-0.0038905262,-0.0013653842,-0.029619208,-0.014723644,0.00040654145,-0.0056995023,-0.0360381,0.008735012,0.01707141,0.045023672,5.1900215e-06
1665,-0.120436296,0.01286056,-0.11750736,0.0024137637,-0.0068044905,-0.0009044302,0.0059457123,0.0058515784,0.08944447,0.05988838,0.028871253,-0.00686666,-0.035687815,-0.014814937,0.054826643,-0.0012981878,-0.18364656,0.12039043,-0.022067145,-0.020561723,-0.06427126,-0.0069455644,-0.0019506058,-0.048154652,0.013551528,-0.0023474486,-0.06293271,-0.040283736,0.001647927,-0.16968913,-0.20152776,-0.12688155,-0.021990307,-1.0573772e-05,0.0,0.08715288,0.015224935,-0.018682333,0.1979844,-0.031176079,-0.019943902,0.00840164,-0.008552466,0.006212154,0.055783413,-0.018074732,-0.011707469,-0.0013653842,0.029540813,0.016584393,-0.0027812398,-0.008006296,0.00904529,0.010550977,0.021539908,0.058692165,1.3570953e-05
24925,-0.07830666,0.018739654,-0.2410454,0.00014475253,0.010147162,0.0034834552,0.0017586512,-0.0021881333,-0.08396986,-0.005484513,0.046751507,0.03844008,-0.09223659,0.018430121,-0.083133474,-0.09953472,0.007741093,-0.030353315,0.004502036,-0.038625784,-0.0007795681,-0.018912,0.017172253,0.01493051,0.015165524,-0.02230732,0.12262449,-0.016036404,-0.023616355,-0.1787213,-0.21054488,-0.13303526,-0.025408505,-1.0573772e-05,0.0,-0.026813513,-0.020192876,-0.03252391,-0.044766493,-0.029929569,-0.026593985,0.00402805,-0.049715742,-0.066432536,0.025600327,0.027792988,0.007799664,-0.0013653842,0.05749023,0.020753585,0.00040654145,0.010952587,0.008378291,0.00616962,0.0067997943,0.043557208,1.4581801e-06
10533,-0.012601601,-0.031623524,-0.22766145,0.00023950715,0.008331017,0.0034426576,0.003066519,0.00022679743,-0.09397551,0.005765943,0.023201643,0.07386328,-0.0831276,0.01977751,-0.08875349,0.0036230618,0.0045908997,-0.034129143,-0.028325701,-0.043432422,0.03780107,0.08530401,-0.01681121,0.06019483,0.013432824,-0.02023971,-0.0006295185,-0.03499789,-0.0318037,-0.16375491,-0.2029876,-0.12905222,-0.028427929,-1.0573772e-05,0.0,-0.027592545,-0.020967368,-0.03661301,-0.024800148,-0.05483445,-0.040997036,0.0052771736,-0.043555055,-0.0361044,0.022958746,0.011271243,-0.044658408,-0.0013653842,0.045964777,0.011518454,-0.0027426109,-0.013374683,0.0047245,0.009505774,0.019990414,0.04833969,5.1900215e-06
6746,-0.1754794,-0.033918805,-0.25421178,4.82982e-05,0.0032597007,0.0042616064,0.002191856,-0.0032953233,-0.124953955,-0.03383322,-0.02337627,0.004621161,-0.058366425,0.03827789,-0.013810922,-0.00032527454,-0.037968814,-0.0006172275,0.005453017,-0.04055801,-0.09825321,-0.0412062,0.021476382,-0.103969246,-0.025800329,0.025687214,0.0024052516,-0.03012673,-0.016854702,-0.18331246,-0.25204667,-0.13996133,-0.029080607,-1.0573772e-05,0.0,-0.075786404,-0.026799124,-0.0152908135,0.17454332,-0.05071085,0.022688126,0.009812848,-0.040369127,-0.027977023,-0.04867813,-0.044384167,-0.025360817,-0.0016210396,-0.004105703,-0.0045327,0.0004436383,0.013708305,0.0042266,0.008116129,-0.01035633,0.000981255,-5.053689e-07
5149,0.027856162,-0.014947212,-0.24614811,0.00856363,0.010467237,0.011923484,0.0013524272,0.021393672,0.052649092,-0.0030674378,0.0030286652,-0.0127077885,0.0727787,-0.023058599,0.053836558,0.0710222,0.103344716,0.04686449,0.05200339,0.05311914,-0.0365562,0.022105858,0.010265007,-0.03256228,-0.002134368,-0.03761534,0.0039215107,0.11574221,-0.0006006389,0.23689198,0.30160293,-0.001263479,0.02764455,-1.1933477e-05,0.0,-0.0035258697,0.00138006,-0.007758519,-0.06929175,-0.05782622,0.048250318,-0.0021702584,0.033328813,0.016727867,-0.03236648,-0.016081354,0.01899158,-0.0037705677,0.022592243,0.012746876,0.0016863403,-0.0059817676,-0.02757025,0.012855562,-0.013879735,-0.046210445,-5.053689e-07
17598,-0.05644125,-0.044784363,-0.14127322,-0.0139136985,-0.061001927,-0.013095985,-0.03050918,-0.0060155825,0.14823444,-0.020822702,-0.019876882,-0.07422201,0.023644779,-0.017190065,0.047341987,0.09214511,0.1622774,-0.01651336,-0.010288989,0.082379416,-0.046068393,-0.006818187,-0.12679413,-0.048229605,-0.031688046,-0.0017549172,-0.12906145,-0.012235895,-0.012460662,-0.14635587,-0.17481697,-0.11283377,-0.022107484,-1.2898648e-05,0.0,0.055194777,0.026526866,-0.0064255665,0.0052605863,0.13284655,0.026320646,-0.0011673431,-0.041972324,0.014458593,0.0075655226,-0.008563578,0.024378847,-0.0016210396,-0.002307063,-0.0057361987,-0.0012664117,-0.0070324806,0.0041857273,0.009849571,-0.00490069,-0.03190066,1.3570953e-05
26852,0.03261379,-0.015435571,-0.33467934,-0.013692759,0.03132245,0.0031961398,0.009105978,0.001558007,-0.082988374,-0.023452008,-0.0015357457,0.007143112,-0.057945687,0.030321725,-0.08110295,0.07823537,-0.009283293,-0.046084803,0.027457444,-0.039463166,-0.08394992,-0.006171747,0.013596126,-0.04554719,-0.04249768,0.047628213,0.004152833,-0.048103455,-0.019758148,0.33029205,0.47640145,0.51213104,-0.11122392,-1.2898648e-05,0.0,-0.050623216,-0.0144900605,-0.010551816,0.14557588,-0.05917778,-0.013298065,-0.0037066452,-0.04575508,-0.075349815,0.0032972177,-0.02988216,-0.008600163,-0.0015818586,0.024262736,0.0047370275,-0.0012998509,-0.0071582664,0.005035873,0.007885902,-0.014125655,-0.03263974,-5.053689e-07
16836,-0.14243881,-0.023084309,-0.19174185,-0.031980664,-0.090410374,-0.0045322864,-0.025331318,-0.027550016,0.14255507,-0.0016492686,-0.029394554,-0.008832779,0.04704787,-0.03280928,0.011593165,0.097296946,-0.025486115,-0.04703545,0.033822488,0.100648805,-0.01873447,0.010362056,-0.0036284516,-0.062185865,-0.072554074,0.0057961806,-0.067965485,-0.21174596,-0.010297495,-0.13597402,-0.17918652,-0.11974342,-0.02171646,-1.2898648e-05,0.0,0.053495385,0.03458821,-0.02639307,-0.024267823,-0.041639883,-0.0226341,0.021024276,0.0022421088,0.14662848,0.048202474,-0.019991392,-0.02109392,-0.0013653842,-0.011888077,0.0040975846,-0.002239415,-0.01243852,0.008319296,0.008822121,-0.012708531,-0.009954557,-5.053689e-07
15184,-0.011499128,-0.022396479,-0.21120328,0.0014867419,0.014275797,0.008887653,0.0026221327,-0.010432465,0.11059652,0.012340336,0.026578171,-0.003988058,-0.022314938,-0.00754064,-0.011544686,-0.020794325,-0.04143827,-0.025634814,-0.00878033,-0.041642055,-0.051638305,-0.04222425,0.026250277,-0.04983612,-0.032592557,0.06144482,-0.06877437,-0.017833231,0.011747388,-0.16779111,-0.2352098,-0.13693394,-0.028059764,-1.0573772e-05,0.0,0.030269817,0.0166261,-0.0085589085,0.14313735,-0.08051537,-0.060416598,0.008230116,-0.04778586,-0.041849367,-0.0046056127,-0.015735077,0.004487335,-0.0016210396,-0.0157026,-0.011545999,0.00018773331,0.013404039,0.005061197,0.009219686,-0.011361559,-0.0481768,-5.053689e-07
23436,-0.17532982,-0.03854349,-0.088405654,0.0018303726,-0.009993296,0.0077972016,0.002107102,0.0015635357,0.12937574,0.017065927,-0.016202044,-0.10436809,0.033634916,-0.021141555,0.043767467,0.04911789,0.17507719,-0.0067080935,-0.011421867,0.0494346,-0.051519338,-0.010124711,-0.2189192,-0.03861353,-0.07438291,-0.060857862,-0.087061115,-0.1697704,0.002162311,-0.14627253,-0.17947757,-0.10299016,-0.021295719,-1.0573772e-05,0.0,0.064303756,0.028340008,0.091515265,-0.03975901,0.10775,0.030828912,-0.0014873396,-0.016634343,-0.04304297,0.008659887,-0.008756966,-0.017992884,-0.001376457,-0.0036716284,-0.0008007723,0.000101791025,0.012389593,0.004396935,0.01007097,0.011121716,0.02330015,-5.053689e-07
20954,0.008042846,0.017632853,-0.35398674,-0.008592986,0.003006815,0.0033681479,0.001838845,-0.0026915951,-0.058881,-0.017553419,0.06908311,0.019209243,0.00087377476,0.016437992,-0.13967967,-0.12853526,-0.033669762,0.18942343,0.057704,-0.0006420296,0.04865997,0.14623837,-0.014224648,0.06275315,-0.031771965,-0.01942502,-0.0058801733,0.08212316,-0.0010203635,0.18622294,0.2953504,-0.03884975,-0.09120657,-1.0573772e-05,0.0,0.047897402,-0.008989641,-0.02241142,-0.04107673,-0.0058318623,0.094261706,-0.0014500894,-0.007370329,-0.007482553,0.07623002,0.033439472,-0.044953313,-0.005922408,0.030718971,0.014706902,0.0077808523,0.011995897,0.009006671,0.008701525,-0.019595139,-0.024744427,1.4581801e-06
13974,-0.13616957,0.017248403,-0.19529802,0.009008701,0.023330927,0.0117363455,0.0019104211,0.007836468,0.11145376,0.0113357585,-0.015325942,0.006604265,0.03896346,-0.004883347,0.036261387,0.0895581,0.099351205,0.043371957,-0.071598835,0.07742781,-0.029763255,0.017673962,0.0003577416,-0.02557232,-0.100906946,-0.031184431,-0.05495586,0.08098957,-0.032998547,0.28608894,0.38807833,0.40276188,0.036767084,8.877918e-05,0.0,0.026218984,0.002193939,-0.053058956,0.15449718,-0.07839403,-0.008920579,-0.0020065808,-0.031889744,0.041949123,0.050171595,-0.0058005713,0.006549443,-0.0012110719,-0.013149405,-0.011475023,-0.0008501247,-0.004579802,0.007278299,0.010962443,-0.008118603,-0.029570997,1.3570953e-05
20448,0.18212067,-0.05105766,-0.15619251,0.0015410077,0.014496172,0.009301146,-0.001060977,-0.0033881932,0.09194853,0.014746039,-0.0014689766,-0.0041577965,-0.03489867,-0.00030574723,0.012119773,0.13818398,-0.026354507,-0.028116928,-0.008230132,0.014086949,0.028191647,0.024463886,0.02378224,-0.02057222,-0.021467973,-0.11765974,-0.0091136135,-0.02540556,0.0033089947,-0.12741412,-0.16435133,-0.11054426,-0.028438054,-1.0573772e-05,0.0,0.046126936,0.022246402,0.012724399,0.10301568,0.10704893,0.0727252,-0.0012731529,0.06896554,-0.02822052,-0.05529465,-0.0023538673,-0.042968538,-0.001376457,0.026720086,0.021433022,-0.019220728,-0.010594446,0.00453511,0.008811638,0.000349587,-0.019872215,-5.053689e-07
7189,-0.13255662,0.0016555395,-0.25059083,-0.00015001831,0.006697108,0.0033801761,0.0020301798,-0.0025610444,-0.0884617,-0.025282567,0.025168005,0.012467819,-0.033124126,-0.0018518968,-0.0966412,-0.12401297,-0.067940004,-0.043882694,-0.038527347,-0.043792896,0.017678127,-0.01580627,0.015732327,0.0026648554,0.008290397,-0.018581308,0.1027748,0.088185735,0.016982157,-0.17708106,-0.21645965,-0.14105248,-0.028229492,-1.0573772e-05,0.0,-0.031014513,-0.016639289,-0.035465486,-0.060131814,0.009699282,-0.076461285,-0.0015011934,-0.07470175,0.05998046,-0.046713777,0.025809783,0.01672427,-0.0016210396,0.053067297,0.017484725,0.00040654145,0.010941855,0.0055476064,0.008131605,0.015187766,0.04889478,5.1900215e-06
12337,0.15732451,0.010986197,-0.22574688,0.0010762436,0.0108234575,0.003807276,0.002340746,-0.00047348137,-0.10263548,0.00839719,-0.0268619,0.00026878226,-0.063649386,0.01180333,0.056240804,0.025599742,-0.058544453,-0.044217706,-0.013668407,-0.039550643,-0.028740248,-0.041328046,0.014565992,-0.049552392,-0.022718795,-0.028073426,0.016365891,-0.03361975,-0.02780176,-0.18299626,-0.22011699,-0.123136595,-0.024926629,-1.0573772e-05,0.0,-0.05286864,-0.026634268,-0.022302076,-0.046473067,0.115868025,0.031605847,0.006419078,-0.034243952,-0.02116195,-0.035220228,-0.0091323,-0.0051628705,-0.001376457,0.04062686,0.015313979,0.0038521332,0.010196293,0.0048609343,0.008855906,0.015735434,0.044326942,-5.053689e-07
9524,0.23715283,0.007631711,-0.19807057,0.00027972722,0.013829664,0.009430007,-0.00027649075,-0.0031646597,0.005315891,0.0030843066,-0.032392338,0.0012461606,-0.036427747,-0.006653876,0.044733413,0.098084986,-0.025470475,-0.037128665,-0.0073591955,-0.025372157,0.026915934,0.029144118,0.026215531,-0.059163313,0.028021766,0.03506054,-0.009790413,-0.02669722,0.011549072,-0.15154187,-0.20976661,-0.112559795,-0.029037561,-1.2898648e-05,0.0,0.0061126263,0.014931968,-0.026242048,0.16974525,-0.047432084,-0.012710775,-0.0023371163,-0.06878262,0.038142856,-0.035403114,-0.018914733,-0.011141258,-0.0016210396,-0.028050313,-0.01722362,0.0025863927,0.012946778,0.003004617,0.009878449,0.020614296,0.03014796,1.3570953e-05
4488,0.22702143,-0.0045905444,-0.07938919,0.0036596647,-0.0049628615,0.0007876335,0.001815899,0.011970162,0.06971264,0.01273167,0.03847152,-0.019478686,0.014100104,-0.027644698,-0.029854473,-0.08160571,-0.05580086,-0.03471475,-0.02028854,-0.030174036,-0.05525917,-0.044413242,0.023945015,-0.031782877,0.015360616,0.017807089,0.042117395,-0.1256449,-0.031577367,-0.1476111,-0.1834716,-0.109439455,-0.024557756,-1.0573772e-05,0.0,0.08529344,0.01712444,0.045147505,-0.016819848,-0.026624182,-0.061340507,0.00090051384,-0.046734817,-0.030946443,0.060035843,-0.018391632,0.04681852,-0.0013653842,0.032541417,0.0037114252,-0.0118099945,-0.021466484,0.012362022,0.007983509,-0.019823205,-0.04143913,5.3019357e-06
26450,-0.030485772,0.0959475,-0.08904106,0.0050513316,-0.0050885617,0.0011489583,0.008677336,-0.029267343,0.16152275,0.019549679,0.018520465,0.025195966,-0.028588613,0.00030848585,0.061104733,-0.023638178,-0.16905747,-0.12348184,-0.03983805,-0.03194455,-0.04214355,-0.0042019016,0.005213298,-0.046262093,-0.02368007,0.035282023,-0.03772714,-0.022787327,0.049598146,-0.1649223,-0.21933672,-0.12403344,-0.027174762,-1.0573772e-05,0.0,0.0047273915,0.039575055,-0.026618632,0.18772359,-0.01790952,-0.060382687,0.0028171015,-0.035118602,0.03490121,0.051570866,-0.02005162,-0.0040337327,-0.0013653842,-0.036441542,-0.006918709,-0.002735999,-0.007536368,0.0006583665,0.010768955,0.028888345,0.062114514,1.3570953e-05
18270,-0.15967919,-0.105552964,-0.100431204,0.003825344,-0.0053297714,0.0010911304,0.005912058,0.010311846,0.06873238,-0.013298796,-0.0037492912,-0.009371127,0.032526933,0.016950788,-0.14582367,-0.06421424,-0.15198082,-0.017552404,-0.11775158,-0.049851827,-0.054100912,-0.032406986,-0.010489398,-0.0440286,-0.097805195,-0.016771754,-0.10012665,-0.10287075,-0.00666316,-0.15788813,-0.19072385,-0.1180887,-0.028365433,-1.0573772e-05,0.0,0.090455264,0.0077140946,-0.031729046,0.10004669,-0.07165647,-0.015679153,-0.011255536,-0.03140167,0.00026325183,0.089179985,-0.019069115,-0.03623678,-0.0013653842,0.026629498,0.017780734,-0.0021027036,-0.015328562,0.009221861,0.010114592,0.018854745,0.053943727,1.3570953e-05
6487,0.14320016,0.0037848311,0.9223889,-0.00030800793,0.019963419,0.006804849,-0.0034999568,-0.0022571022,0.019554429,0.014467785,0.00465892,-0.0017243307,-0.04660106,-0.026073942,0.00293324,0.039656628,0.0055184243,-0.09142789,0.019266035,-0.03737216,0.0306082,0.021328196,0.020113545,-0.0055895215,0.010601774,-0.04309219,-0.09252119,0.0067479555,0.0081387125,0.24813466,0.4597349,0.027940284,0.033559423,-1.2898648e-05,0.0,0.02303316,-0.0043478617,-0.014968085,-0.06794931,-0.04481046,-0.02567119,0.0034571793,-0.040915612,-0.008023751,0.025744885,0.0010310359,0.020781871,-0.005922408,-0.019546686,-0.009089895,-0.002034697,-0.007073058,-0.040467575,0.013020307,0.023638297,0.03323958,8.5398926e-05
12681,-0.040939752,-0.045296207,-0.07260767,0.0019471446,0.00046509012,0.014177707,0.0050403746,0.011616315,0.22761813,0.026452044,0.008548704,0.0009455675,0.06511222,-0.015151991,0.026683664,-0.007648341,0.06583777,0.0131409345,0.03910106,0.05964607,-0.038571794,-0.039333615,-0.0015556356,-0.039954707,-0.01764388,-0.012590018,0.023627413,-0.019669294,-0.0025535682,-0.14580022,-0.17354198,-0.11005476,-0.01929464,-7.922725e-06,0.0,0.056977157,0.03235636,0.009356015,-0.029732771,0.14045464,0.05045182,-0.0013145984,-0.04018238,-0.06841181,0.026410276,-0.011700821,-0.03066771,-0.0016210396,-0.0136647625,-0.006315487,-0.0014541356,-0.0066348175,0.0049353293,0.010066631,-0.007646288,-0.045386776,-5.053689e-07
21457,-0.12791315,-0.06671209,-0.25176415,0.0034629323,0.002677585,0.0024495088,0.0021468129,-0.0050031394,-0.07709043,-0.062205322,0.031411637,-0.0024025182,-0.024036033,0.023358012,-0.14198117,-0.18231699,-0.0936134,-0.11699215,-0.05094526,-0.0650069,0.05080448,-0.035558727,0.012894211,-0.006796662,-0.011942906,0.020047965,-0.007885987,0.0780354,-0.0053646755,-0.17925057,-0.2405338,-0.13720123,-0.030871652,-1.0573772e-05,0.0,-0.027968103,-0.011936911,-0.005234602,0.13916464,-0.041812263,-0.08585372,-0.00030453922,-0.0442357,0.016055085,0.01570979,0.025131594,-0.027894452,-0.0016210396,-0.025410963,-0.010380192,-0.0023571914,-0.013115742,0.0048169377,0.010149146,-0.015935313,-0.021569753,5.1900215e-06
22511,0.1532685,0.012413561,-0.2375458,0.00045874302,0.010843561,0.0043099206,0.0023667456,-0.004935297,-0.0800743,0.01636374,0.004075698,0.0023222086,-0.066881955,0.02427886,0.00747104,-0.02467287,-0.030102951,0.0062885867,-0.016545558,-0.030739766,0.007599997,-0.039907366,0.019351372,-0.034397785,0.012934926,0.053166702,0.019940294,-0.03454893,-0.03676912,-0.18379815,-0.25293383,-0.12294616,-0.029718395,-1.0573772e-05,0.0,-0.061481982,-0.022119513,-0.0075944266,0.1460808,-0.012469565,0.014708235,0.0020241912,0.025158472,0.04659204,-0.038567327,-0.0017744356,0.00256473,-0.001376457,-0.03572314,-0.00914954,0.0036978398,0.010546986,0.0047176923,0.008906318,0.015664816,0.013164129,1.3570953e-05
21460,-0.16625257,-0.07795655,-0.08916109,0.004417369,-0.015213272,-0.00084832136,0.0050681015,-0.021040758,-0.03195098,-0.01452557,-0.059238035,0.0027354355,0.017935907,0.026596585,-0.07431296,0.06751809,-0.16099592,0.012205108,-0.08883348,-0.046932157,-0.046865407,-0.06427832,-0.0028012376,-0.10407919,-0.04087516,-0.017740743,-0.09614179,-0.12540562,0.05859138,-0.15128064,-0.20645785,-0.11648106,-0.023819437,-1.1933477e-05,0.0,-0.0066287573,-0.0041265734,-0.008815328,0.16386996,-0.016792363,-0.19657773,0.009286229,-0.023407439,0.025301522,0.06853342,-0.030056985,-0.028939027,-0.0013653842,-0.010671522,0.0027110325,-0.012671059,-0.011568387,-0.046533227,0.010241282,0.03341063,0.05483586,1.3570953e-05
25378,-0.04845576,-0.041243546,-0.17585497,0.0059015867,-0.018077767,0.0023403824,0.00037807575,0.0015104245,0.13608503,0.025120948,-0.009526989,-0.0050576874,0.032885686,-0.014340176,0.039045926,-0.046329767,-0.07061493,-0.0404564,0.0018485875,0.048539672,-0.058673844,-0.03023832,-0.009311746,-0.036480397,-0.009535267,-0.037814874,-0.029371941,0.08972478,-0.017602513,0.19743349,0.30550772,-0.044402592,-0.04502428,-1.0573772e-05,0.0,0.034253225,0.024608225,0.04867316,-0.042795904,0.11362453,-0.002192837,-0.0014649521,-0.0025298884,0.046736147,-0.025382048,-0.022565238,0.0058919517,-0.0037705677,-0.013632586,-0.0055268793,7.3900446e-06,0.0073703825,0.006878931,0.01144536,-0.0058539393,-0.038747277,1.3570953e-05
13113,-0.02701933,-0.3105426,-0.21247254,9.1197755e-05,0.01134494,0.0024911703,0.002529297,-0.0016897987,-0.08864067,-0.023568176,0.042391926,0.0024601528,-0.024186816,-0.011143786,-0.08754901,-0.13737676,-0.021005554,-0.037307747,-0.051298466,-0.04119969,0.04980146,0.08705576,0.017012943,0.082079,-0.01617398,-0.040513027,0.013817743,0.0951061,-0.030183235,-0.16242123,-0.20030777,-0.13066298,-0.02719994,-1.0573772e-05,0.0,-0.009523326,-0.01455808,-0.013634915,-0.058124635,-0.020389332,-0.072083466,-0.0014474414,-0.06502144,-0.019529467,0.020868087,0.029371802,-0.011339813,-0.0016210396,0.051224977,0.017922815,0.00046002085,-0.013494468,-0.02159594,0.008232552,0.014036109,0.051113155,1.4581801e-06
15616,0.0633283,-0.034986485,0.90060014,-0.00054854323,0.022775924,0.009293233,0.012098473,0.0073318495,0.087745436,0.011584684,-0.009979806,0.0021997287,-0.023210691,-0.037203487,0.027892567,-0.00814108,-0.018057976,0.05316928,-0.12954447,-0.061657,-0.040537458,0.012059412,0.024558183,-0.022524346,-0.015007838,0.051034793,-0.09517103,0.006148328,-0.049530637,0.28489992,0.48876303,0.20911157,0.03285743,-7.922725e-06,0.0,0.031259783,0.0053604688,-0.016028695,0.11093883,-0.07510576,-0.030638212,-0.008092614,-0.033985637,-0.023071352,0.06257883,-0.0098704845,0.0049105897,-0.00557003,-0.012909409,-0.009935014,-0.0036101309,0.010012228,0.014726271,0.011875376,-0.020134155,-0.029214444,0.00033230815
1090,-0.1484461,-0.047948465,-0.22734465,0.00019403701,0.0015602984,0.0033136182,-0.00046011482,0.011480419,-0.1764638,-0.047362193,-0.04476163,0.005181577,0.05286544,-0.013246543,0.04043809,-0.025455346,-0.052306354,0.0010372736,-0.025651565,-0.027097542,-0.092474714,-0.090441056,-0.018798552,-0.12442385,-0.039258227,-0.019118976,-0.035563312,-0.056453757,-0.12609142,-0.18743965,-0.2503474,-0.131442,-0.022695994,-7.922725e-06,0.0,-0.05353224,-0.038127806,-0.012097249,-0.0955593,-0.07727907,-0.03416789,0.011062879,-0.04213405,0.0040656407,0.05005465,-0.041505605,-0.014996532,-0.0013653842,-0.01288349,-0.0066131586,-0.0025534877,-0.013074358,0.005908264,0.0101276105,-0.012358518,-0.046743598,1.3570953e-05
898,-0.030628135,-0.03791384,0.8011468,0.0040344666,0.04121345,0.0034523115,-0.007615059,-0.0014014984,-0.02936255,-0.011918798,0.04721586,0.028742312,0.035411276,0.018147578,-0.11303445,0.079070196,-0.13452508,0.056908973,-0.06350089,-0.039513554,0.035271447,0.010846559,0.013453729,-0.0034313195,0.034648683,0.03635523,0.1161436,0.04129561,-0.002831793,0.31833148,0.57529914,0.43068773,0.04438786,-1.1933477e-05,0.0,-0.018589089,-0.0026957188,-0.002420537,0.08917955,-0.030390324,0.07243839,0.0015344603,-0.01824381,-0.027275775,0.09652867,0.009932928,0.0032392885,-0.0012110719,-0.010612852,0.009532679,0.0107400855,-0.0073320265,0.0066761663,0.011740006,-0.009002207,-0.0068509574,0.00033800353
10862,-0.021315813,-0.026194798,0.64399576,0.0034239357,0.030945074,0.007998037,-0.04923116,-0.010910089,0.10602978,-0.019187985,-0.09340537,-0.035195567,0.05612641,-0.026587453,0.011591532,0.058421005,0.08309496,0.045365836,0.03686203,-0.006469357,-0.03559286,0.010732634,-0.036064513,-0.02447318,-0.07045175,-0.042735912,0.13459295,0.06881655,0.0064759552,0.27456424,0.38201228,0.32459942,0.04256577,8.877918e-05,0.0,0.0062637627,0.0135083115,0.010602026,-0.034695495,0.0889211,0.015284064,-0.0028754945,0.009728235,0.0077944356,-0.02758959,-0.006636899,0.019588618,-0.0011585169,-0.023588097,-0.004149546,-0.003737004,0.0033066687,0.0065168287,0.013034621,-0.014079552,-0.02256403,0.00033230815
6883,-0.11626577,0.043875925,-0.20168465,0.00012168096,-0.00027622364,0.00017707114,0.0023162507,-0.0010297582,-0.09794788,-0.056366943,0.016973456,0.028871734,0.004091438,0.0026231501,-0.072369285,-0.13839914,-0.16386525,-0.061189167,-0.08015843,-0.054208227,0.034146212,0.0061281575,-0.025349196,0.008772329,-0.072561085,0.0034022627,0.1259992,0.08636815,-0.021951512,-0.16506848,-0.22432755,-0.15254326,-0.02644187,-1.0573772e-05,0.0,-0.046286914,-0.0097842,-0.03964201,0.124937125,-0.079507396,-0.045003287,-0.0030966774,-0.08159835,0.029515382,-0.11320457,0.008063162,-0.0049292687,-0.0016210396,-0.032672178,-0.010007791,0.0016766159,-0.011118375,0.0050919554,-0.8508155,-0.023758963,-0.020796234,1.9266343e-05
5677,-0.09216085,0.014690595,-0.1913538,0.00037621544,-0.058058795,-0.00873892,-0.019646997,0.00917775,0.008025856,-0.010807092,-0.032023616,-0.01428608,0.05183178,-0.022364663,0.03845828,0.1072346,0.12510136,0.078368574,0.054486316,0.05527813,-0.047746334,0.012267608,0.011581473,-0.042761303,-0.056368515,-0.030285748,0.036470525,-0.04404786,-0.010595398,-0.16334975,-0.18294072,-0.10324011,-0.022758817,-1.1933477e-05,0.0,0.04609264,0.0071894247,-0.03250663,-0.05463671,-0.08791385,0.047085933,-0.0017970774,0.043346953,0.044580925,-0.014503639,-0.013884843,0.010725959,-0.001376457,0.022728154,0.009725786,0.00047197595,0.0073316237,0.0052495846,0.011305476,-0.010030347,-0.026669357,1.3570953e-05
25491,0.12733392,-0.01102186,-0.2277552,0.0014600428,0.013629226,0.004192169,-0.001778774,-0.004746832,-0.05816861,0.015470555,-0.018163603,0.0018720841,-0.03210118,0.008003395,0.048452586,0.025776925,-0.039395835,-0.03724478,0.006160695,0.028616644,-0.0008185719,0.029365726,-0.011472916,0.025107201,0.017724406,0.051137075,0.040862255,0.08379984,0.008979377,0.2072537,0.30857486,0.012809715,0.04187311,-1.0573772e-05,0.0,-0.012981086,-0.0077213347,-0.05244489,0.019480454,0.08849694,0.03405171,0.0014032081,-0.00806464,0.021433858,-0.038448986,-0.02510506,-0.0030680923,0.014885308,-0.015534376,-0.014588635,-0.01052885,-0.0071298047,0.004007792,0.010114675,-0.01633966,-0.036410123,1.3570953e-05
7627,-0.196528,0.025160095,-0.26732728,-0.00041143788,0.0036836034,0.0037701002,0.0020498894,-0.001414339,-0.12642309,-0.006076299,0.0043376405,-0.013501977,-0.06727518,0.00983603,-0.019856747,-0.006906523,-0.045874365,-0.038538426,0.0031624257,-0.038372457,-0.108731635,0.00720185,0.017966216,-0.06424652,-0.062093753,0.0006869508,-0.008345971,-0.03147544,-0.03032446,-0.19943394,-0.2600743,-0.12836675,-0.027826361,-1.0573772e-05,0.0,-0.07485658,-0.026573313,-0.005114948,0.20978557,-0.052511614,-0.037819777,0.012022501,-0.06966063,0.023363575,-0.082477115,-0.034147553,-0.015063939,-0.0016210396,0.038504798,0.014075477,-0.0035385161,-0.010673335,0.0038399734,0.008596524,0.009899344,0.041515835,-5.053689e-07
4735,-0.20214064,0.036377158,-0.23718612,0.0014788017,0.0051134205,0.0020517635,0.0027678157,-0.015731689,-0.13473974,-0.06962959,0.008147414,-0.013471488,-0.13614188,0.011560998,-0.17660163,-0.46805543,-0.13636251,-0.03686106,-0.008456773,-0.054807164,-0.11606653,-0.07286057,0.018944439,-0.11564924,0.0035435718,0.025856052,-0.07074303,-0.024173511,0.06892242,-0.16949624,-0.22459552,-0.1063469,-0.03165779,-1.0573772e-05,0.0,-0.06542084,-0.0015667249,-0.047264513,0.1251061,-0.08162994,-0.20678537,0.001942202,-0.03725565,0.07708281,-0.052100185,-0.05793935,0.0042453306,-0.0013653842,0.028806174,0.0065557845,-0.0034522568,0.011577792,0.007040946,0.006013489,0.033364423,0.07755286,5.1900215e-06
8888,-0.051950388,0.0112108365,-0.29307795,-0.0020278217,0.03140562,-0.00083193055,0.00012682923,0.013990622,0.052610043,0.011786536,-0.010099072,-0.008064136,0.022374375,-0.01731101,0.06534819,0.058103565,-0.044795915,-0.011953378,-0.0015941402,-0.020922305,-0.059661772,0.0049552964,-0.004314311,-0.049369857,-0.035584822,-0.021796739,-0.056984596,-0.034702875,-0.023233237,0.23674914,0.34210852,-0.024782313,-0.049283065,-1.2898648e-05,0.0,0.038094576,0.004541064,-0.008405839,-0.047034003,0.11250071,-0.018817412,0.0047658538,-0.061099667,0.038281564,0.032375127,-0.01950074,-0.015867151,-0.0075340164,-0.019575553,-0.011518985,-0.0013671044,-0.00667118,0.012850932,0.011112228,0.007863817,0.0206677,1.3570953e-05
6412,-0.021032665,0.034832757,-0.21095887,0.0036744135,0.0010723452,0.001585379,0.002074846,0.00076989544,-0.0054222248,-0.005236511,0.08076538,-0.017131416,0.14784412,0.098752074,-0.03657346,-0.10143986,-0.06440331,-0.012748718,-0.01698314,0.007616096,0.06912345,0.21750297,0.01417279,0.23783836,0.014072754,-0.015097362,0.17419863,0.08366455,0.0076591736,-0.1258035,-0.18654202,-0.1178441,-0.02453922,-1.0573772e-05,0.0,0.08986655,0.011105569,0.0065926155,-0.023239795,-0.052120037,-0.08096904,0.010038314,-0.011406159,-0.0047769393,-0.04507994,0.04543217,0.012485352,-0.0013653842,0.049072485,0.029031549,0.00040654145,-0.022033157,-0.018807381,0.008420369,0.010289691,0.019524314,1.4581801e-06
12569,-0.052662767,0.040809087,-0.07796168,-0.011940518,-0.054656018,-0.012989909,-0.019339532,-0.0011972855,0.19315729,-0.023359677,-0.058429338,-0.012092517,0.0355271,-0.02481307,0.0423068,0.06753245,0.13997522,0.065574855,0.044990495,0.07052945,-0.08441527,-0.0054854853,0.008999449,-0.04967565,0.0006659024,0.001300939,0.06797258,-0.030778393,-0.0150589,0.18709603,-0.060104124,-0.13536671,0.017725049,-1.1933477e-05,0.0,0.010366995,0.034768272,0.07952626,-0.008239258,0.254852,0.10413876,-0.0029418329,0.07135896,0.04170279,-0.0018142583,-0.012001669,0.021238571,-0.0030826493,-0.016481254,-0.0073545715,-0.002947962,-0.0046278182,0.00493872,0.01244775,-0.0055344007,-0.0053117424,1.3570953e-05
21477,-0.054662257,-0.028989961,-0.1902457,0.0015409293,0.013702635,0.00880909,0.005387984,-0.00081849424,0.14808773,0.016736114,0.020585947,-0.0066982177,0.10402502,-0.019077616,0.025234396,0.069357604,-0.057321593,0.06785209,0.027491061,0.084509656,-0.040138464,-0.015158355,-0.0017935423,-0.045633458,-0.07619413,-0.01735061,-0.024705201,-0.018138224,-0.03435987,-0.13889147,-0.20037144,-0.13035356,-0.022010716,-1.1933477e-05,0.0,0.029021386,0.009764638,-0.0053071114,-0.035757028,0.074780144,0.0710931,-0.002104114,-0.040945567,-0.07099743,-0.030681083,-0.019015966,-0.032285634,-0.001376457,-0.02041356,-0.0122230835,0.0002970876,-0.005449845,-0.036680836,0.010348458,0.009131601,0.031221475,-5.053689e-07
22449,0.05901269,0.032033235,-0.02003539,0.0035995552,-0.008986978,-0.00037125702,0.0071774097,-0.019408872,0.23361258,0.011990921,-0.054401744,0.015807774,-0.044516705,-0.012730117,0.05463666,0.0826709,-0.14493334,-0.029375926,0.016013239,0.025532356,-0.05407379,-0.023209974,0.020956924,-0.036007926,-0.042327113,-0.05027608,-0.045141976,-0.040237486,0.015364028,-0.14044608,-0.19500068,-0.10911957,-0.021986386,-1.2898648e-05,0.0,0.08393409,0.05757252,-0.018800573,0.16543925,-0.059071843,-0.028997332,-0.0016091587,-0.04318801,0.00610723,0.055844925,-0.016500056,0.0014227596,-0.0013653842,-0.014892918,-0.0063107754,0.0025830653,0.010091212,0.004431131,0.0105165085,-0.020551672,-0.037365183,-5.053689e-07
24750,0.06117786,0.032206956,-0.34531888,-0.009548208,0.009022648,0.005982245,0.0009726458,-0.0021809915,-0.07045272,-0.0017721488,0.012304756,0.026073104,-0.041682113,0.008482561,0.03931379,-0.12302601,0.017101927,-0.049754698,0.017619716,0.021488523,0.04170758,0.08514648,0.018093428,0.035176564,7.871572e-05,0.01464021,0.0071127033,0.08943266,-0.035548303,0.18434635,0.3020263,-0.03586056,-0.09054231,-1.0573772e-05,0.0,-0.033140328,-0.0260874,-0.014828901,-0.08523533,-0.038966924,0.009738627,0.0022878365,-0.05712656,-0.047819484,0.04945715,0.023182385,0.007282537,-0.005922408,0.028800579,0.008444828,0.0005900372,0.008292948,0.0037517576,0.0062423884,-0.02300044,-0.056849148,1.4581801e-06
26486,-0.12935135,0.110212184,-0.14130454,-0.014747333,-0.054187566,-0.0040730806,-0.033451803,0.0014054687,0.2162303,0.010933476,-0.051655833,0.0044048093,0.004122077,0.014205896,0.0694496,0.040318977,-0.019799875,-0.034562793,-0.008178886,0.07095351,-0.06800003,-0.08117102,-0.0040215096,-0.05661506,-0.02404935,-0.0035322732,-0.08229327,-0.0077645034,0.00345494,-0.13553452,-0.18713014,-0.101329856,-0.027609866,-1.2898648e-05,0.0,0.050138656,0.0650764,-0.03457746,0.15864697,-0.08681825,-0.015120923,-0.0012657018,-0.06329469,0.03810737,0.037841327,-0.019957207,0.009251895,-0.0013653842,-0.018689062,-0.010009948,2.3672706e-05,-0.005234567,-0.019332446,0.01101978,0.007902541,0.033090606,1.3570953e-05
2295,-0.038279656,-0.044568844,-0.16465427,0.0074229967,0.047268607,0.0019668273,0.010612628,0.0061963894,0.18940893,-0.004677447,0.053783335,-0.011867553,0.04304702,-0.020320984,0.018282644,0.065913156,-0.06578999,0.05166606,0.012328288,0.060058035,-0.05324029,-0.0057124323,-0.14514832,-0.02023312,-0.0929243,-0.04676752,-0.028314091,0.111511394,0.006125165,0.23303048,0.33555597,0.35736528,-0.06791057,-1.1933477e-05,0.0,0.005473326,0.018496621,-0.006176456,-0.025911048,0.12916331,0.053806968,-0.0023585765,0.028915823,0.02183603,-0.025859602,-0.015341205,0.018211383,-0.0011585169,-0.016001562,-0.0055618896,-0.0025647404,-0.0044425107,0.012152825,0.011156198,-0.007992707,-0.017831832,1.3570953e-05
17559,0.14922078,0.029280424,-0.19384101,0.008652864,0.021147488,0.0048702336,0.009174765,-0.0025728366,0.005552012,0.0030144497,-0.01369469,0.008070314,-0.030862771,0.0054848557,0.044147797,-0.0033202826,0.079664126,-0.012344208,-0.00834612,-0.023561683,0.02517664,0.011403724,0.017381096,-0.008650349,0.017192487,0.109505035,0.039358694,-0.02312047,-0.0061735366,0.34227797,0.44815242,0.46118075,0.044610817,-1.0573772e-05,0.0,-0.0016675019,-0.0068934555,-0.014380102,0.17252618,0.0909857,0.026164388,0.0017964423,-0.021604285,-0.012842954,0.013979003,-0.0024025051,-9.4797404e-05,-0.0014632588,-0.030262426,-0.0101200435,0.0005002587,0.006583467,0.003909352,0.007946776,0.016590739,0.044571783,-5.053689e-07
20683,0.21040314,-0.01294812,-0.18764244,0.00013327671,0.013650522,0.011923481,-0.0040603327,0.009085946,0.023404311,0.019730039,-0.0016003333,-0.029982146,0.076984435,-0.024121005,0.045871075,0.09213262,0.11598227,-0.030451596,-0.013617247,0.06654247,-0.05947521,-0.0021807589,-0.013871486,-0.023786347,0.011063558,-0.019933745,-0.021763045,-0.0035528638,-0.059285592,-0.14740618,-0.16494882,-0.09868971,-0.02312881,-1.2898648e-05,0.0,0.03676604,0.008837731,0.01951028,-0.053092435,-0.09186047,0.08162114,-0.0016210161,0.051100202,-0.026762312,-0.026175177,-0.010234048,-0.009144932,-0.001376457,0.030762102,0.016249385,0.0038521332,0.005202866,0.0055972547,0.01030523,0.02719986,0.0537882,-4.2372103e-06
29571,0.003919054,0.022669198,0.92856604,-0.0019046254,0.035432488,0.0033451759,0.00974112,0.00062744285,-0.04184845,0.004072805,0.014910572,0.058375273,-0.05725732,0.023892779,-0.008265029,0.039328545,-0.07072221,-0.040475696,0.03519586,-0.046774376,0.044564202,0.015000915,0.022022035,0.022631021,-0.06837847,0.060607962,0.16091688,0.0012519329,-0.005260895,0.3418975,0.60899574,0.44479227,0.05063514,-1.2898648e-05,0.0,-0.025960505,-0.006787495,-0.004336546,0.14118902,-0.03444845,-0.011323109,0.0060609537,-0.017315282,0.010843557,0.054158397,0.00088024646,-0.0019679968,-0.0012110719,0.030885529,0.005223181,-0.0028277794,0.001241431,0.011258968,0.010371145,0.020050682,0.02359383,0.00033800353
1039,0.11699301,-0.017700795,-0.23344614,-0.00029808903,0.0067632413,0.0034830475,0.0014742825,-0.0038575456,-0.087940544,0.005052507,-0.02882415,0.0037219648,-0.037535015,0.012907384,0.009269865,0.015144443,-0.022849103,-0.020798353,-0.011628528,-0.04751145,0.007638929,0.06302973,0.019541841,0.05834956,0.02598024,-0.024992645,0.016645858,-0.056993667,-0.046503026,-0.16422887,-0.22360004,-0.11346709,-0.027414616,-1.0573772e-05,0.0,-0.04514917,-0.021221723,-0.0069531635,-0.066081315,-0.0639733,0.0049142484,0.0016992122,-0.028580619,0.015477439,-0.108469844,0.013618133,0.0046573845,-0.001376457,-0.019317882,-0.0064177644,0.0022987358,-0.015624774,-0.026098996,0.008543185,-0.011460268,-0.029200314,2.1457317e-06
23334,-0.086941384,0.0078355195,-0.27205896,0.00021301387,0.0050565572,0.004182864,0.003283163,-0.0033295709,-0.15308483,-0.031619035,-0.0062294817,0.0070517967,-0.079913184,0.014984935,-0.08441197,-0.11275732,-0.048023984,-0.041792072,0.0003297566,-0.05852838,-0.09531607,-0.062230043,0.019527018,-0.09713445,-0.05954835,0.025114894,0.006016222,-0.044426538,-0.016114054,-0.1861793,-0.25886542,-0.14560635,-0.032823157,-1.0573772e-05,0.0,-0.08389299,-0.022251897,-0.018428,0.15279423,-0.054192632,-0.038194973,-5.425641e-05,-0.06820679,-0.047758583,-0.074651204,-0.043474253,0.00018875001,-0.0016210396,-0.024501769,-0.009787287,-0.0021716,-0.012597056,0.005728018,0.0074046343,-0.014250555,-0.039991304,5.1900215e-06
11315,0.043902986,-0.0051958277,0.923016,0.0023208172,0.017906757,0.0035048006,-0.0015528299,-0.0018821247,-0.037459105,-0.009470851,-0.0001740997,0.0057778144,-0.055638537,0.014388071,0.029486688,0.044805832,-0.022045651,-0.043399088,0.0005790982,0.026360556,0.025758255,0.038266227,0.028000917,0.04947998,0.020637637,0.016108628,-0.013174299,0.08013795,0.016176572,0.23327467,0.443637,0.052730028,0.04697392,-1.0573772e-05,0.0,-0.015383309,-0.009017354,-0.018026726,-0.08620287,-0.025375709,0.012387407,0.0015846468,-0.02090291,-0.020481186,-0.023273116,0.013656824,0.0034025093,0.021277525,0.022717556,0.006033727,-0.001966955,-0.00855245,-0.02578965,0.012689722,-0.021360047,-0.03843282,2.2955937e-05
27603,-0.17633153,-0.037615173,-0.20950784,-0.029809372,-0.035491277,-0.0009544667,-0.03128697,-0.025342593,-0.054761216,-0.008634046,0.042701717,0.00584878,-0.0046506287,-0.019253477,-0.19388337,-0.1924671,-0.14479235,-0.04534561,-0.017986069,-0.073286675,-0.062782064,-0.04227153,-0.02712306,-0.114941984,0.0426149,0.015049057,0.09791388,-0.047887437,-0.084361434,-0.149383,-0.19926487,-0.089278914,-0.02727483,-1.0573772e-05,0.0,-0.014218932,-0.0039998475,-0.020398041,0.0068846936,-0.06451722,-0.2172026,0.00935781,-0.006438318,0.0901303,0.051551852,-0.02254028,-0.026209775,-0.0013653842,0.009630233,0.015973248,-0.0027198335,-0.022480046,0.011243489,0.009172615,-0.046541605,-0.08623789,-0.00052029925
1650,0.13548158,0.019647578,-0.21460202,-0.0006217953,0.010832869,0.0033358505,0.0016996885,-0.0023324399,-0.09173881,-0.010425295,-0.021310883,-0.0044720024,0.024439126,0.016276086,0.01934949,-0.0014594058,-0.0287118,-0.039384015,-0.011453585,0.05899424,-0.036209807,0.00995763,0.019069409,0.017010197,0.03731989,0.020149197,-0.01786376,-0.048828978,0.025957083,-0.16015732,-0.20613807,-0.11499454,-0.0279678,-1.0573772e-05,0.0,-0.048436116,-0.021550622,-0.025850534,-0.07818284,-0.069055766,0.028102353,0.0064609433,-0.025782857,-0.033495147,0.004993107,0.017985336,0.0017511535,-0.001376457,0.045346983,0.01278994,-0.011832772,-0.005072562,0.005305361,0.008503917,0.016611874,0.05688304,-4.2372103e-06
4171,-0.0082934145,-0.037121248,-0.115880854,0.00556037,-0.011626244,0.0005450837,0.0016817813,0.0019775857,-0.0501181,-0.024719853,-0.021448273,0.033229418,-0.05648779,-0.010011598,-0.066641174,-0.007164801,-0.040693454,0.10068473,-0.027194,-0.04035879,-0.06858854,-0.07159553,0.0034131687,-0.07258806,-0.009871209,-0.005166707,0.026960585,-0.06859372,-0.0038961587,-0.17913297,-0.20855744,-0.13400432,-0.02169622,-1.0573772e-05,0.0,0.0803958,-0.022630367,-0.009355206,-0.03246973,-0.09163784,-0.02947505,0.0063838223,-0.012474058,0.0012826899,0.039158065,-0.020219812,0.006723875,-0.0013653842,-0.007979054,0.009031111,-0.0031788787,-0.020894704,0.0077457475,0.008708876,-0.01578101,-0.08336595,-5.053689e-07
11976,0.032387357,-0.05943897,-0.34138447,-0.022390367,0.014797699,0.0020717354,0.009547921,0.0009964766,-0.085898295,-0.05650361,-0.011156102,-0.0052246964,-0.044379305,-0.024619367,-0.099544354,-0.2086622,0.02294458,-0.06394782,0.03492633,-0.13505737,-0.05089031,-0.0065261694,0.012343183,-0.011098744,-0.045495883,-0.041464757,-0.069462605,-0.062043756,-0.0152009195,0.27564627,0.33761245,0.27357602,-0.10131195,-1.0573772e-05,0.0,-0.031980794,-0.017717125,-0.042867523,-0.11147833,-0.06469554,-0.16738465,0.0037017455,0.016235285,-0.06616078,0.10399668,0.0169036,-0.065222636,-0.0015818586,0.009569429,0.00023262989,0.00024805326,0.009961146,0.002464305,0.0068576075,-0.029124673,-0.07582446,2.1457317e-06
18195,-0.098500885,0.037624296,-0.2182834,0.0036020775,0.009132339,0.0015444324,0.00294577,0.00033054757,-0.07156285,-0.064357206,0.06752041,-0.013746519,0.1709937,-0.031042,-0.079806626,-0.1692797,-0.17656478,0.02240209,-0.1387668,-0.1002912,0.0704192,-0.0068001766,0.0013537019,-0.008868209,-0.010824337,-0.01027638,-0.0018878529,-0.028317248,-0.0041525485,-0.17073922,-0.20087755,-0.10527842,-0.032808635,-1.0573772e-05,0.0,0.031450093,0.016733535,0.011769014,-0.04319281,-0.04216101,-0.16160119,0.007772572,-0.007229023,-0.15226443,0.085534826,0.026058849,0.0034623404,-0.0013653842,0.026987877,0.020594016,0.00046326988,-0.025024937,-0.030672591,0.008114126,-0.019770052,-0.037726738,1.9266343e-05
20625,0.018935576,-0.01925748,-0.05289177,0.0029925324,-0.0027758307,0.0040303534,0.0020729802,0.027475879,0.14947692,-0.009886184,-0.07539735,0.0023109012,0.04932359,-0.013566994,0.029740233,0.06686637,-0.058271296,-0.011986978,-0.026505308,0.062428653,-0.032698955,0.008277874,0.018858826,-0.09071636,-0.08897564,-0.00042737648,-0.011150314,-0.14736728,0.04829493,-0.14086433,-0.18665951,-0.109683275,-0.019755928,-1.2898648e-05,0.0,0.063146085,0.035647377,0.03975875,-0.033016022,0.07296839,-0.00086799904,-0.0011508388,-0.064867355,-0.020708606,-0.067965165,-0.014489905,-0.020329256,-0.0016210396,0.010093342,-0.0024794783,9.9462326e-05,0.0071564605,0.0048275483,0.0093024,0.011043206,0.027065935,5.3019357e-06
24937,-0.14921252,0.027675508,-0.089348435,0.0027269095,-0.013021176,0.0007960049,0.0024352153,0.02002823,-0.09598989,0.013632962,0.015853878,-0.0057564713,0.067879915,-0.027424183,0.045486957,-0.015294569,-0.06234932,-0.0057717785,-0.033443827,-0.034645934,-0.043250527,-0.031692635,0.02059448,-0.074051276,-0.14217974,0.014351345,-0.012572489,-0.033006586,-0.0005637766,-0.17119512,-0.21468775,-0.12603092,-0.020544149,-1.0573772e-05,0.0,0.05995501,-0.027999327,-0.020694032,-0.031784117,-0.061818954,-0.03417891,-0.0011135074,-0.04094961,-0.043890014,0.074781656,-0.022259593,0.005709257,-0.0013653842,0.015670635,0.011194427,-0.0024051995,-0.015780529,0.0045232624,0.010293139,0.0061277426,0.05724912,1.3570953e-05
9347,0.20854013,-0.033386745,-0.1768855,0.002101039,0.013755081,0.014773482,-0.0017988626,-0.0027975503,0.030945387,0.014939057,-0.006064519,-0.00824741,-0.029068423,-0.0059683793,0.009525663,0.14105849,0.0541439,-0.016087815,0.025996724,0.05149505,-0.018048007,0.13504985,0.019426692,0.024744844,0.04603287,0.12784545,0.03325304,-0.025751514,-0.027354298,-0.12812017,-0.13617262,-0.09748643,-0.025880465,-1.2898648e-05,0.0,0.030847425,0.011193951,-0.0018957257,-0.006336325,0.15250303,0.097496875,-0.002084072,0.07360055,-0.030409588,-0.03460829,0.0026989984,-0.02343934,-0.001376457,-0.019171508,-0.009317284,0.0036978417,0.008191238,0.00346561,0.007957007,-0.016187066,-0.035428993,-5.053689e-07
2164,0.13585067,-0.03139246,-0.33555773,-0.0059796865,0.025715007,0.010059513,-0.0011998719,-0.002502447,-0.0002292241,0.018911596,-0.009991776,0.007916289,-0.049980585,0.00112405,-0.12268253,0.067945585,-0.12709105,-0.033944193,-0.016427908,-0.04249696,0.021075703,0.105785586,0.016372887,0.0049400656,0.004981437,0.036142245,-0.024779428,-0.026591148,-0.0074141235,0.18457225,0.3180417,-0.08152607,-0.080674425,-1.2898648e-05,0.0,-0.0223093,-0.0062302067,-0.031476505,0.014506488,-0.04428708,-0.04221935,-0.012147782,-0.0619337,-0.034195106,0.031860277,0.011595514,0.16595262,-0.005922408,0.026175505,0.008731183,-0.0036222928,-0.007906378,0.0052667595,0.008720914,-0.016512489,-0.022222543,-5.053689e-07
2675,-0.016476173,0.019838203,-0.21318762,-0.0011338108,0.008959155,0.0035114735,0.0013049054,-0.0016746521,-0.098691024,-0.0008195328,0.023486907,-0.027019452,-0.04630548,0.023964735,-0.026859457,-0.0020921815,-0.010151008,-0.036035854,-0.01588725,-0.014454148,0.0369917,0.15594125,0.01118492,0.08910099,0.04127025,0.04042499,0.079260536,0.10119943,-0.008159654,-0.14804094,-0.19311014,-0.11943558,-0.028282197,-1.0573772e-05,0.0,-0.05460863,-0.02301358,-0.02041352,-0.024808379,0.010189065,-0.018363284,0.0065242606,-0.03435367,0.00779049,0.011753902,0.024891112,0.00010620807,-0.0016210396,-0.034126014,-0.007158423,0.00040654145,-0.01113186,-0.0117121395,0.0066138627,0.015024696,0.03543734,-4.2372103e-06
3320,-0.03175505,-0.04249066,-0.18617246,-0.0058307536,-0.008964269,0.017145768,0.0031919621,-0.019429967,0.1112318,-0.02789426,0.0108991945,-0.016521076,0.017423326,-0.015368589,0.050780997,-0.018947346,0.058952358,-0.024046926,0.03453139,0.019400371,-0.037827067,0.009339189,-0.037124757,-0.035824407,-0.023535457,-0.0038753173,-0.047804292,-0.050325707,0.044804223,0.1943202,0.2908269,-0.042745426,-0.061025336,-1.0573772e-05,0.0,0.02897375,0.0059008137,-0.0190883,-0.024611706,-0.05016409,-0.0036986365,-0.0012535998,-0.050801583,-0.08809609,0.014775063,-0.011497606,-0.012584158,-0.005922408,-0.018830545,-0.008210426,5.2580202e-05,0.0072166347,0.004870223,0.0111076385,-0.011032381,-0.041218124,-5.053689e-07
9826,-0.1700436,0.09657994,-0.17151713,-0.0011181601,-0.010561537,0.002446748,0.0010183943,-0.012196053,0.077466615,-0.02320726,-0.047499508,-0.116042025,0.01108664,-0.02530541,-0.035333056,0.021175724,0.19872113,-0.050744954,0.020231294,-0.08875253,-0.074189425,0.0028972565,-0.24442022,-0.056614276,-0.13850248,-0.06291879,-0.06383457,-0.18034592,0.12920173,0.13322282,0.26341507,-0.08405929,-0.07995226,-1.2898648e-05,0.0,-0.015535395,0.0077228085,-0.032341562,-0.11091047,-0.13413998,-0.11598286,0.055059105,0.026511293,0.014769749,0.030952208,-0.01093066,0.0099586025,-0.005922408,0.014819002,0.0091938805,0.0001637917,-0.010172304,0.010176696,-0.6649001,0.013904575,0.039874975,5.3019357e-06
1522,-0.0028951517,0.018053215,0.8121148,0.008404555,0.031226533,-0.02577258,-0.04886977,-7.504216e-05,0.014102339,0.014041619,0.020090396,-0.0164315,-0.033417378,-0.0005109389,0.012495252,0.04571203,0.09526813,0.05123805,0.024434285,0.07451747,-0.026425118,0.038401894,0.04352489,-0.012281388,-0.024921365,-0.03753563,0.1277747,-0.014071871,-0.023362482,0.28548467,0.2828331,0.15802896,0.031640936,8.877918e-05,0.0,0.020955492,-0.00020734347,0.0042362767,-0.019094113,0.05290404,0.022260955,-0.002864721,0.007861688,-0.026090547,-0.035200678,-0.008733772,0.013536675,-0.0011585169,0.02131066,0.008674812,-0.0032897093,0.0043255067,0.00485231,0.010188374,-0.015751492,-0.030869707,5.946376e-05
15386,0.013440681,-0.011950459,-0.13539806,0.005961346,-0.0106360745,0.007844984,-0.031616442,0.012003454,0.13135925,-0.011451533,-0.047956865,-0.0016596264,0.06836954,-0.021448327,0.06333843,0.044717908,0.12051219,0.0933922,0.046295308,0.056022856,-0.121474095,-0.0030920608,0.0020984095,-0.043102663,-0.07995705,-0.049964245,-0.0363491,0.0863824,-0.049711786,0.18815404,0.26044866,-0.054456476,-0.03620139,-1.1933477e-05,0.0,-0.1086304,0.008587346,0.04375289,-0.033356387,0.15169941,0.048340477,-0.002337991,-0.04328691,0.055561557,-0.031844422,-0.011412852,0.010873137,-0.0037705677,-0.021431297,-0.0076751974,0.00037338634,0.003962214,0.0067598857,0.011461232,0.00956734,0.026192412,1.3570953e-05
24419,-0.0018294728,0.00066883245,-0.09774892,-0.012415614,-0.072600335,-0.0131173,-0.022694165,0.0046286327,0.15336095,-0.020988569,-0.048224952,-0.022768682,0.05751607,-0.018238112,0.048936106,0.045520153,0.139957,0.04944015,-0.004802855,0.07747517,-0.038745675,0.025980268,0.0040819356,-0.07327052,-0.03629839,-0.053754747,-0.102608465,-0.02737023,-0.008986247,0.19901825,-0.09700322,-0.17368758,0.013181812,-1.1933477e-05,0.0,-0.0063629495,0.038548786,0.026807569,-0.020228213,0.07086277,0.08724928,-0.0028969306,-0.020408273,0.04185922,0.017799748,-0.010990564,0.0017204289,-0.0030826493,0.030276325,0.013433137,8.8189365e-05,-0.004022031,-0.02556353,0.010836222,0.009153325,0.039552957,1.3570953e-05
25712,0.19330005,0.02480558,-0.06960497,0.0013601192,0.016860364,0.009437773,0.0026202307,-0.008304945,0.10006632,0.017283363,0.0035612052,-0.006982933,-0.034962464,-0.01364454,0.03351616,0.14044298,-0.033567976,-0.025699606,0.01994827,0.010362059,0.028196441,0.014466423,0.026968691,-0.023953654,-0.018895373,-0.1255119,-0.009066444,-0.027196424,0.000761652,-0.12781258,-0.16807729,-0.104836404,-0.028433837,-1.0573772e-05,0.0,0.051099163,0.022365848,-0.00022222972,0.11203381,0.1102498,0.07337008,-0.0012731529,0.07574409,-0.02699746,-0.04539247,-0.013723376,-0.018188108,-0.001376457,-0.02104469,-0.013561171,0.00401076,-0.007392998,-0.024431225,0.009140175,0.004216244,-0.012605493,-5.053689e-07
1487,-0.06180293,-0.0042528217,-0.24245237,0.0022155829,0.0089402255,0.0030376401,0.002755555,-0.0027541565,-0.17170538,-0.039311495,0.0078710755,0.010785352,-0.10001411,0.0072958744,-0.11458432,-0.39445367,-0.1394115,-0.06781412,-0.03438384,-0.06112607,-0.0994286,-0.080181405,0.014383847,-0.13748105,-0.0064171576,-0.094073966,-0.07175084,-0.021841904,0.0065262746,-0.18391116,-0.23248,-0.13219072,-0.028846236,-1.0573772e-05,0.0,-0.1062443,-0.034948055,-0.015398791,-0.036432717,-0.043980815,-0.079740584,0.007474377,-0.022217808,0.084628254,0.045833353,-0.04705276,-0.013919417,-0.0013653842,0.008866772,-0.0016618638,-0.0024701257,-0.013411428,0.008519756,0.008343469,-0.019062724,-0.044432208,-5.053689e-07
11480,-0.16344182,-0.038166538,-0.21722686,0.00016246756,0.0026273532,0.00035908466,-0.00044259077,0.012207927,-0.12929744,-0.028338248,-0.001264138,0.038192783,0.013553928,-0.004274079,-0.09512066,-0.03781894,-0.052371256,-0.027563449,-0.03769549,-0.035398144,-0.09060885,-0.051663287,-0.01915524,-0.10608393,-0.0046327556,-0.020909674,-0.032797128,-0.0071565914,0.06748767,-0.1871499,-0.23079564,-0.1301558,-0.02483398,-1.0573772e-05,0.0,-0.068993844,-0.029337125,-0.006900977,-0.110472724,-0.08107162,-0.084787495,-0.009129647,-0.034333512,0.027295709,0.031963956,-0.053849336,-0.05174055,-0.0013653842,-0.0036523505,-0.006812953,-0.0025534877,-0.013074358,0.01035586,0.010777839,-0.017360918,-0.05384237,1.3570953e-05
11493,-0.12040905,0.01702469,-0.2650702,0.00030889836,0.0012306317,0.0029385404,0.0021320705,-0.0019666145,-0.10537183,-0.061009564,0.040833484,-0.00377382,0.001513008,0.0007115174,-0.09890156,-0.1151643,-0.074894875,-0.022414284,-0.036805853,-0.058853183,0.022651667,-0.044943962,0.01312581,-0.030341806,-0.017466234,-0.022258494,0.16599467,0.09288646,-0.011902844,-0.19159035,-0.23115934,-0.14706741,-0.026686674,-1.0573772e-05,0.0,0.02112734,-0.025330747,-0.009045324,-0.089076035,0.023063948,0.01202571,0.0014921221,-0.08011257,-0.054220833,-0.16109608,-0.0033839708,-0.007864856,-0.0016210396,0.055713255,0.0132018095,0.0018954241,0.010941855,0.007052874,0.010267016,0.013990293,0.03270071,5.1900215e-06
15619,0.004932014,-0.048947997,-0.17704585,0.0032919848,0.015746327,0.009262483,0.0017149043,0.009461926,0.15603553,0.012209546,0.013889375,-0.012487049,0.020199286,0.0044074543,-0.06491164,0.09198745,-0.12792966,0.08228432,-0.011813002,0.11256556,-0.04797654,-0.027064905,0.020607345,-0.0640156,-0.03613009,0.0072555393,-0.045410983,-0.0328299,-0.020075431,-0.13921964,-0.19192237,-0.1367194,-0.022855477,-1.1933477e-05,0.0,0.074551456,0.01585921,0.003501826,0.12175879,0.060056817,-0.02644225,0.0016487448,-0.053238276,-0.030168401,0.015240745,-0.01644317,-0.009998263,-0.0013653842,-0.012845097,-0.011406546,0.00024208629,-0.007444112,-0.027176995,0.008593991,-0.015879923,-0.03355436,-5.053689e-07
6657,-0.14022619,-0.04807648,-0.054948702,0.0015893027,-0.018291315,-0.0002577224,0.0023090127,0.010500915,0.18337995,0.023998702,-0.02182135,0.015404165,0.06590085,-0.010443738,0.047081772,-0.0072714975,-0.06524722,0.042067688,-0.026705196,0.055659868,-0.032652196,-0.0702724,0.0010090335,-0.063091345,-0.024041532,0.00028085962,-0.10557405,-0.026425708,-0.0013713413,0.17071164,-0.11296223,-0.20774771,0.011440872,-7.922725e-06,0.0,0.01845179,0.0460746,0.0011639072,0.0036150888,0.100795195,-0.014640604,0.0034387086,-0.06483027,-0.050463263,0.005551667,-0.028525302,-0.026147747,-0.0017156233,-0.013565691,-0.0076831835,0.0002039832,-0.00715993,-0.033082362,0.0101163965,-0.0071413144,-0.026988467,-5.053689e-07
165,0.16442211,0.039190795,-0.23296483,0.00035156295,0.010348373,0.004274972,0.0023378134,-0.0036117048,-0.101475574,0.0043691774,-0.018924776,-0.0017544499,-0.044142213,0.05213623,-0.020243421,0.10922271,-0.048073307,-0.024389915,-0.0009686704,-0.039502066,-0.022928365,-0.052329775,0.017931847,-0.051836986,0.0076389615,0.08522834,0.023166452,-0.033709865,-0.017796408,-0.16097178,-0.24939844,-0.1289659,-0.030980453,-1.0573772e-05,0.0,-0.059877604,-0.030746737,-0.017188441,0.16213061,-0.053420544,-0.01815854,0.012463992,-0.05742934,-0.03569877,-0.11706475,-0.0147060845,-0.007671059,-0.0016210396,-0.028319119,-0.010008774,0.0022089572,0.010447302,0.005071886,0.00851757,0.01567155,0.024246363,-5.053689e-07
14072,0.01270563,0.03896083,0.8535513,-0.028282735,0.018985832,0.035959356,0.011609572,-0.008583182,-0.052435968,-0.006003947,-0.0036118461,0.014595742,-0.021125147,0.03693492,0.037525624,-0.010937434,0.0353027,-0.022674445,-0.1043076,0.037972335,-0.034642387,-0.019453656,0.027769882,-0.05063126,-0.04011705,-0.009367191,-0.075637005,0.011555836,0.031515878,0.30335456,0.5362424,0.281316,0.06341008,-1.0573772e-05,0.0,-0.01924012,-0.0063277553,-0.071651526,-0.04583455,-0.043524258,-0.18052767,0.0038081994,-0.039277278,-0.18919435,0.0090382425,-0.01829642,-0.040911045,-0.0015818586,-0.01998514,-0.0031079692,0.0037203676,0.0070389523,0.008847731,0.011045601,-0.028662924,-0.06650358,0.00033230815
20239,0.07927842,-0.2535953,0.8107113,0.0028875405,0.015397312,0.0027088912,-0.0009572215,-0.0012947749,-0.04892036,0.0032007871,-0.0130282175,-0.01941834,-0.056142464,-0.00016330075,0.047710676,0.026363263,-0.06540497,-0.03969073,0.031430513,0.044518918,0.0050190534,0.0061427276,0.020870088,-0.009303598,-0.0248207,-0.094964676,-0.031287372,0.08592635,0.0034774402,0.27471215,0.48827854,0.1837546,0.041932516,-1.0573772e-05,0.0,-0.017560123,-0.014222134,-0.023428071,-0.08431416,-0.04662945,0.031089537,0.0011667733,-0.032162715,0.0010470697,-0.07340286,0.0062377234,-0.005331939,0.0071029044,-0.016471142,-0.002947119,-0.000929601,-0.00287507,-0.016151331,0.012400201,-0.02871457,0.035039067,-0.0029622477
14422,-0.16593033,-0.22209448,-0.08032625,0.00024460827,-0.0071638157,0.0020414663,0.008559037,0.0076275156,0.1411536,0.0031174629,-0.017730448,-0.011820672,0.046585813,-0.01598346,0.013152987,0.09781625,0.08069775,0.014621747,0.02268513,0.06669031,-0.14675294,-0.030553186,-0.011700461,-0.04694976,-0.015826175,-0.0025767516,-0.056478154,-0.030335626,-2.9305229e-05,-0.12486773,-0.14690621,-0.08900543,-0.015419475,-1.2898648e-05,0.0,-0.006644856,0.030966816,-0.0064366744,-0.011296827,0.24538466,0.06862795,-0.0012322447,0.049842432,0.024178438,-0.0049936464,-0.009134615,0.0014804872,-0.001376457,0.0031043254,0.007891269,-0.0031143073,-0.005021751,0.004456682,0.011108371,-0.011637663,-0.029844774,1.3570953e-05
23541,-0.22162661,-0.024542768,-0.2385221,-0.001340935,0.021938002,0.012688325,-0.051048905,0.037675306,0.13326319,0.004893013,0.035344243,-0.019880591,0.058490947,-0.011532181,0.05940549,0.06324453,0.12208549,0.069276825,0.035357736,0.09702675,-0.0027679866,-0.0154173765,-0.014553044,-0.04719055,-0.042212375,-0.07601514,-0.03963905,-0.037143428,0.08947522,0.21603563,0.2964243,0.10798978,-0.05463029,-1.1933477e-05,0.0,0.018130999,0.032536432,0.049836706,-0.03555267,0.1250769,0.075577125,0.003921311,-0.0031292327,-0.08692834,-0.024421563,-0.019762574,-0.016113915,-0.004124465,-0.0015788476,-0.0065232734,-4.5214343e-05,0.0049260324,0.008622545,0.0072557298,-0.0075582718,-0.0313298,-5.053689e-07
11509,-0.032317303,-0.024630852,-0.11868408,-0.021096295,-0.05295727,-0.0013825642,0.007910522,-0.029120764,-0.19572726,0.08241406,-0.07774463,-0.016590295,-0.12498944,-0.0034206675,0.070259474,0.082880005,-0.11350984,-0.038361464,-0.0123234205,0.011045269,-0.079822145,-0.03549663,-0.10802504,-0.07561321,-0.023652647,0.0010929792,-0.09016284,-0.06971528,-0.07622304,0.16040233,-0.14239734,-0.22424977,0.024331653,-1.2898648e-05,0.0,-0.048734263,0.044071227,-0.039301552,-0.030318338,-0.03368013,-0.19672967,0.0024637873,-0.06639068,-0.033075817,0.016796524,-0.019943433,0.04572296,-0.0017156233,-0.014851461,0.005680194,-0.012740013,0.0105767585,0.008913429,0.0105642835,-0.018523842,-0.020865832,5.1900215e-06
12170,-0.009638545,0.03091748,-0.07490748,0.0017015714,0.00545864,-0.017148703,-0.041369315,0.0011727882,0.17414552,0.033927012,-0.043581974,-0.016017709,0.078472525,-0.016062181,0.067937315,0.044807848,0.1521732,0.061996385,0.032469187,-0.033100054,-0.03979745,-0.026285047,0.0029814183,-0.050559264,-0.0067632557,-0.06645185,-0.081479736,-0.028544199,0.0046342583,0.19358552,-0.101867795,-0.15889789,0.021931779,-1.1933477e-05,0.0,0.04955167,0.050260305,0.028333783,-0.027988926,0.13239728,0.0229801,0.003233361,-0.026975198,0.026128072,-0.0010281922,-0.012403952,-0.027288588,-0.0030826493,-0.016836856,-0.009837329,0.00012540339,-0.0067384876,-0.023981895,0.010826716,0.00945942,0.031192865,1.3570953e-05
16241,-0.072915144,0.013135193,-0.092634246,0.0039617154,-0.058846135,-0.0067782584,0.0032806422,0.018643165,-0.118105076,-0.0038137669,-0.048324827,-0.022801654,0.031533476,-0.0011454186,0.049926896,0.055101614,0.11484031,-0.013627944,0.053425808,-0.00717178,-0.031343963,-0.02809334,0.005315965,-0.07619817,0.012515042,0.0059925225,-0.07127096,-0.058842525,0.0051495787,-0.16084094,-0.19754182,-0.12166466,-0.023752853,-1.2898648e-05,0.0,0.08982844,-0.037082206,-0.014392314,-0.04742585,-0.06615704,-0.044067457,-0.0051460396,0.008113835,-0.12284926,0.13609783,-0.014530281,0.0004774268,-0.0013653842,-0.021201657,-0.0075910846,-0.0027966418,-0.0072673396,0.0017927467,0.010427247,0.01786343,0.059964765,1.3570953e-05
12797,0.11933431,-0.03148001,-0.24733874,0.004929233,0.01589588,0.014694682,-0.0010617498,-0.0028393457,0.087762,0.008068517,-0.00946539,0.006852879,-0.016759723,0.009226194,0.054395866,0.06728487,0.10655308,-0.036562636,0.020250356,0.03321735,-0.0346262,0.01808089,0.015663246,-0.0068113627,-0.001097166,0.05803351,0.054363526,0.10378032,0.0058680163,0.18439703,0.26966253,-0.011324892,0.037274156,-1.2898648e-05,0.0,0.018290075,0.0064616646,-0.002639641,-0.036833324,0.082654394,0.080291905,-0.002188825,0.043823827,0.027152333,-0.024992121,-0.009818928,-0.0061487015,-0.0037705677,0.02634524,0.01255315,0.0020322232,-0.0061736503,-0.025857693,0.011330592,-0.011783864,-0.04049908,1.3570953e-05
23308,-0.05105668,-0.022222651,-0.24503158,0.0004558778,0.0056515103,0.0033853652,0.0019246361,-0.0042756074,-0.13101135,-0.031621795,0.014568212,-0.013614521,-0.077259496,0.023464067,0.017850596,-0.04295523,-0.0077913185,-0.038108956,0.0005173229,-0.054523114,-0.04177257,-0.05658868,0.020602569,-0.03582313,-0.032905176,-0.018695649,0.012978048,-0.013523733,-0.004041938,-0.196384,-0.26765257,-0.13738298,-0.027249241,-1.0573772e-05,0.0,-0.07964478,-0.027394682,-0.039561983,-0.032379653,-0.06036796,-0.03994343,0.0050706714,-0.0514567,0.036946088,-0.02421891,0.012872676,-0.014739536,-0.0016210396,-0.027565751,-0.007870687,-0.009406014,-0.012597056,0.0074143014,0.0099536,-0.013120498,-0.029005868,1.9266343e-05
28815,-0.07907393,-0.003917838,-0.025985558,0.0014981799,0.00045871537,0.0051883655,0.009578135,0.010950961,0.19055,0.0051062866,-0.04712987,-0.014293075,0.053413186,-0.015551086,0.0204929,0.09171497,0.08171532,0.015718859,0.023846252,0.046284746,-0.08555843,-0.0067164437,-0.021005483,-0.050732378,-0.14502113,-0.00079872675,-0.059182584,-0.034426186,-0.0016435208,-0.13626128,-0.15782058,-0.105542265,-0.017845197,-1.2898648e-05,0.0,0.009851525,0.029680891,-0.019462103,-0.008304695,0.11342039,0.066968516,-0.0012322447,0.045371596,0.027921604,-0.036618214,-0.011216507,-0.0006987366,-0.001376457,-0.013908887,-0.0057361987,0.00044571506,0.0077375188,0.0051181377,0.01097289,-0.011505268,-0.02087778,1.3570953e-05
29095,-0.029780464,0.06491967,-0.09884503,0.0012922784,0.01232347,0.009339393,-0.031320278,-0.023647416,0.15436426,0.03323248,0.023280043,-0.12690264,0.03145393,0.023916803,0.045797635,0.06412454,0.09587003,-0.026362471,0.09666288,0.116329424,-0.041614994,0.014089335,-0.26520023,-0.03916202,-0.026582545,-0.012843916,0.004641813,-0.036268875,-0.025749337,-0.13070065,-0.17517866,-0.12410099,-0.024165269,-1.2898648e-05,0.0,0.03555038,0.032731622,-0.007799273,-0.0055400557,0.13770826,-0.05130932,-0.0011183657,-0.0637645,0.02423385,0.03548332,-0.0104964515,-0.025416084,-0.0013653842,-0.0127241975,-0.009751679,0.00032359888,-0.0046001477,-0.041864306,0.009980212,0.01805285,0.04512779,1.3570953e-05
17024,0.07215064,-0.012747597,-0.20837633,0.0025649653,0.012384916,0.009198485,0.0012829014,-0.0031249574,0.016566643,0.011377456,0.009484105,-0.0008726362,-0.03313792,-0.006997724,0.04786955,0.11153009,-0.065467894,-0.04368471,0.023877664,0.056199174,-0.057280306,-0.01239191,0.02619459,-0.029771032,-0.032980323,0.058889728,0.0046928865,-0.03113995,-0.014152089,-0.15682556,-0.19985777,-0.13559969,-0.027452191,-1.0573772e-05,0.0,0.044850346,0.004992032,-0.0004945009,0.17293635,0.13259241,0.060161576,-0.0011573329,-0.025475789,-0.026970334,-0.02322544,-0.017410276,0.0018569641,-0.001376457,-0.019049667,-0.011415536,-0.009024126,-0.00990311,0.0051325387,0.0088278055,-0.013324416,-0.036256995,-5.053689e-07
20325,-0.10198101,0.083466694,-0.19524434,-9.044957e-05,-0.00024096336,0.00011438722,0.0023857385,-0.00090627745,-0.122679636,-0.013250686,0.018506203,0.064701036,-0.10202576,0.01825669,-0.021384113,-0.023113968,-0.04450995,-0.053219963,-0.016542742,-0.039075136,0.016279059,-0.042840358,-0.0007136668,-0.071319185,-0.10498494,0.02915303,0.16295384,0.08462828,-0.011630016,-0.16497757,-0.24539186,-0.1479087,-0.027292145,-1.0573772e-05,0.0,-0.050673097,-0.023218926,-0.03685834,0.1361175,-0.119090565,-0.042876553,0.012310147,-0.07316916,0.009313569,-0.08548143,-0.02032156,-0.04563424,-0.0016210396,-0.030930122,-0.007279044,0.0005081531,-0.0084273005,0.004981394,-0.86299413,0.013319654,0.021301212,1.9266343e-05
7002,-0.1536415,0.06668043,-0.09695203,0.0066910554,-0.0054064626,0.004113157,0.0045021726,0.007408364,0.119800195,-0.0027649207,0.0060885446,-0.004130318,-0.06255975,-0.023652686,-0.11400609,-0.032313403,-0.12415796,0.0048762728,-0.035493143,-0.04397598,-0.091947764,-0.028043922,-0.004967314,-0.058415703,-0.0035705531,-0.017274154,-0.15459381,-0.2298739,-0.01573849,-0.13625878,-0.18034044,-0.11098914,-0.03289441,-1.0573772e-05,0.0,-0.010116443,0.031802706,-0.025655659,0.15777673,-0.023032635,-0.07580517,-0.002576786,-0.020566061,-0.08143574,0.04917275,-0.020584328,-0.036111835,-0.0013653842,0.021117266,-0.013801368,0.009314369,-0.015369946,0.0050970144,0.009305845,0.025743194,0.07209912,5.3019357e-06
7322,-0.14988925,-0.023196813,-0.22145984,0.001314564,0.0066029066,0.0014994896,0.0036704552,0.00020446978,-0.15180758,-0.08585431,0.010782184,0.0015798439,-0.09067443,0.0016175999,-0.19577374,-0.52263594,-0.15503727,-0.031153414,-0.031209093,-0.060949884,-0.13572857,-0.060644772,0.0021979944,-0.117899075,-0.0049922736,-0.005300713,-0.045541953,-0.04213216,-0.03115128,-0.16192646,-0.22685893,-0.09308495,-0.033217177,-1.0573772e-05,0.0,-0.0879597,-0.010334782,-0.0053033517,0.09393776,-0.055254847,-0.058379162,-0.010746928,-0.049943753,-0.15338337,0.02732859,-0.05265278,-0.027392011,-0.0013653842,0.007338523,0.0147814145,0.0011198597,-0.013682933,0.00939802,0.0072186226,-0.016954504,-0.074235834,1.9266343e-05
22683,-0.16785756,0.022645755,-0.16027057,-0.0124142375,-0.043105952,-0.0088858595,-0.034231946,0.00074045383,0.09000874,0.046580806,0.0096645625,-0.008253022,0.19346927,-0.051519122,0.04636516,0.022686362,0.06378928,-0.02372183,0.04237722,-0.02465249,-0.013423063,-0.11097034,-0.016571933,-0.048078828,-0.045063432,-0.011026789,-0.07174738,-0.051432837,-0.006716813,-0.14399917,-0.19886763,-0.10771148,-0.020960005,-1.0573772e-05,0.0,0.088882856,0.006745476,-0.024637448,-0.034777965,-0.08197202,-0.005801651,-0.0012105838,-0.08263334,0.039055765,0.049972333,-0.01099484,0.0012329209,-0.0013653842,-0.012679455,-0.007817802,-0.0016199201,-0.03093523,0.004312991,0.009865159,0.015582073,0.0413208,1.3570953e-05
26449,0.13726045,0.029054124,-0.21778204,0.00079943246,0.01213346,0.0024676854,0.0028006032,-0.0042091683,-0.08608862,0.004422562,-0.029084885,0.0015129051,-0.03392601,-0.002547573,0.010803121,0.096238896,-0.030341413,-0.029596034,-0.008996702,-0.039151937,-0.03663313,0.013474103,0.014214111,-0.0018740739,0.005393573,-0.026872009,-0.013371636,-0.043689393,0.008780493,-0.16056964,-0.22935134,-0.11373561,-0.02778384,-1.0573772e-05,0.0,-0.053577963,-0.022955613,0.0008812956,-0.050380155,-0.12131475,-0.04591888,0.0020272494,-0.05143071,0.015271598,0.01152699,0.0075827665,-0.0073043564,-0.0016210396,-0.021710793,-0.0063397386,0.0022987358,0.013216955,0.0053775297,0.009458419,-0.0120302485,-0.026928542,-4.2372103e-06
14319,-0.001356147,-0.008149828,-0.24982342,0.0018279313,0.010083339,0.0047945045,0.0022280943,-0.0038856003,-0.12422542,-0.0012327298,-0.022321692,-0.0007203612,-0.033243947,-0.013841585,0.018912781,-0.03502088,0.0458047,-0.023501527,-0.008904675,-0.049624693,-0.07335609,-0.055723306,0.018741053,-0.069320396,-0.007971609,-0.027642919,0.010338935,-0.042285357,-0.029706597,-0.19194832,-0.23616596,-0.13400893,-0.027992789,-1.0573772e-05,0.0,-0.002968447,-0.026280582,-0.021547638,-0.035798643,-0.09384193,0.015874049,-0.0015699668,-0.034181572,-0.028930672,-0.033232335,-0.017709972,-0.026367977,-0.001376457,-0.016137272,-0.006555054,-0.009406014,-0.012518471,0.0053143296,0.0101884,-0.012919162,-0.03887915,-5.053689e-07
28488,-0.08034289,-0.011478462,-0.07979804,-0.021671178,-0.07944389,-0.013124586,-0.026741818,0.012018163,0.17869604,-0.011916709,-0.071926326,-0.02144433,0.061197802,-0.00082157506,0.0671522,0.06296095,0.11647344,0.027355231,-0.06941784,0.059775688,-0.013524085,0.008733865,-0.005455686,-0.054020204,-0.03742479,0.011286722,-0.12125264,-0.040934693,-0.0072323116,0.18074234,-0.12249098,-0.20617147,0.015233731,-1.1933477e-05,0.0,0.0070881266,0.0563855,-0.03919711,0.16876997,-0.047019448,-0.019613957,-0.0022340836,-0.05054092,0.0939149,0.035139695,-0.012290172,0.009046034,-0.0017156233,-0.013830918,-0.011664644,0.00023764746,0.007794115,0.004284294,0.011607861,-0.014666187,-0.028909542,1.3570953e-05
11948,-0.18439059,0.010973447,-0.0774748,0.0012655135,-0.013882782,0.001567603,0.0073445835,0.012029437,0.10547576,0.015699482,0.029103423,-0.0092451945,0.019904617,0.0072512007,-0.015258716,-0.010608381,0.15756626,-0.052680057,-0.028433517,-0.034374103,-0.04272063,-0.07511612,-0.0014538658,-0.0512683,-0.043472324,-0.00081814785,-0.058800835,-0.034811266,0.0021574285,-0.15190789,-0.1786993,-0.11248192,-0.021691106,-1.0573772e-05,0.0,0.07550988,0.014048378,-0.0007002822,-0.019424649,-0.12550543,-0.036290187,0.0026003113,-0.05345057,0.11634166,0.017215319,-0.010998716,-0.02646039,-0.0013653842,-0.021277206,-0.0103459,-0.0023218375,-0.007892647,0.004802247,0.009960113,0.0091080135,0.045245253,1.3570953e-05
874,-0.056782793,0.01479011,-0.08608143,0.0033149954,-0.0033581518,-0.00088258693,0.009112211,0.010436861,0.10843177,0.037062228,0.0045234426,-0.01778794,0.033599686,-0.01990502,-0.0015512714,-0.051322903,-0.23020567,-0.0041072853,-0.010114894,-0.04646851,-0.0531113,-0.025286466,-0.0059121326,-0.06320914,-0.068790965,-0.0057603866,-0.1152275,-0.02739762,6.6043576e-05,-0.15263766,-0.19724885,-0.13563482,-0.02315045,-1.0573772e-05,0.0,0.07608726,0.012089136,0.018398251,-0.040432658,0.017953217,-0.024153952,-0.0004176144,-0.04749531,-0.061815653,0.027228441,-0.021607812,-0.018831229,-0.0013653842,0.03209671,0.014161591,-0.0024051995,-0.0073863645,0.006852846,0.010222137,0.015396314,0.055853512,-5.053689e-07
267,0.15541737,-0.01379076,-0.3040759,-0.0019822028,0.014747877,0.01286217,-0.0018133818,0.0002796537,0.03902066,0.023502633,-0.0068463874,-0.0044487426,-0.021593561,-0.0058015035,0.044552602,0.08963808,0.024932098,-0.030951018,0.034551594,0.039802823,0.022209078,0.07540935,0.0226663,0.02503588,0.03096543,0.096207134,0.027413713,-0.02978382,-0.018704345,0.17946643,0.2172751,-0.05263806,-0.07284996,-1.0573772e-05,0.0,0.026836889,0.0055294284,0.00559851,0.00847353,0.1266511,0.0617996,-0.0020953699,0.040285703,-0.048400417,-0.035239387,0.006482641,0.0072815022,-0.005836264,0.025585819,0.01202723,0.0019891432,-0.006413927,-0.01837359,0.008385275,-0.016187066,-0.047884203,-5.053689e-07
24923,-0.1455021,0.01926921,-0.23365359,0.0016866913,0.004934707,0.0032623694,0.0025118666,0.0007368793,-0.11814059,-0.010492423,-0.002277699,-0.017391749,-0.05185887,-0.0071748225,-0.13906793,-0.027659822,-0.049855504,0.06803894,0.056579914,-0.11009654,-0.096672505,-0.017768864,0.018226871,-0.059651583,-0.12976432,0.00021570192,-0.025559844,-0.038458183,-0.0066850255,-0.18712309,-0.23835099,-0.13332312,-0.025841027,-1.0573772e-05,0.0,-0.0786786,-0.030073402,0.00240197,-0.05834834,-0.06364347,-0.01609453,-0.0024111094,-0.041298807,-0.007693465,0.04047797,-0.039468434,-0.010019486,-0.0013653842,0.022759529,0.0114612,-0.0026978988,-0.010744115,0.012282999,0.008732743,0.003992343,0.03288299,1.3570953e-05
2805,0.0046316665,-0.03759652,-0.047938596,0.0029432152,-0.00038711308,-0.0002129684,0.0046149855,0.041234795,0.25139925,0.0069836923,-0.03320039,-0.013817375,0.04568518,-0.019070702,0.02109385,0.08741357,-0.084968746,0.046067692,-0.014616332,0.040558852,-0.05783733,-0.02538459,0.006493994,-0.031576082,-0.14299783,-0.0024183611,-0.0034043072,-0.030193925,0.06756605,-0.13197157,-0.16761759,-0.11225009,-0.018461121,-1.1933477e-05,0.0,0.05205926,0.04341836,-0.043834113,-0.026536725,0.13211651,0.075947896,-0.0021075606,0.057063263,0.02537432,-0.016712064,-0.013492935,-0.016348805,-0.001376457,-0.018669745,-0.007905119,0.0004671499,0.0047938162,0.005018694,0.010321108,0.013353042,0.026207319,1.3570953e-05
9219,-0.05337242,0.091849014,-0.06439109,0.0006792289,-0.0036474788,0.0001426065,0.009617414,0.011181083,0.16805534,-5.930209e-06,-0.049820714,-0.0011254421,0.05363496,0.0027914115,0.035459675,0.09178408,0.07125151,-0.03765023,0.023561483,0.07348462,-0.08298555,-0.017328849,-0.013339492,-0.05263328,-0.010189349,0.007066052,-0.049837094,-0.02778587,0.0013404927,-0.12093615,-0.118785284,-0.088904336,-0.024393797,-1.2898648e-05,0.0,0.032048028,0.037051253,-0.026832176,-0.013979261,0.3022877,0.071362704,-0.0011359752,0.019376088,0.031492386,-0.0023822282,-0.014036151,0.0014301718,-0.001376457,-0.020219266,-0.007931869,0.0005102299,0.004542144,0.0038192235,0.011284861,0.0132277645,0.020079419,1.3570953e-05
16196,-0.12940435,0.00067506137,-0.17555203,-0.021243766,-0.04272308,-0.0051305587,-0.03589565,-0.0065285536,0.15530896,-0.016239066,0.011511984,-0.017388811,-0.052520957,-0.01315512,-0.14072557,-0.067150034,-0.19210449,0.090079114,-0.044025254,-0.065021515,-0.078196205,-0.04010236,-0.011906161,-0.053991336,-0.054209076,-0.018573895,-0.16500087,-0.06253015,-0.02364595,-0.1582936,-0.18831941,-0.10660622,-0.0239704,-1.0573772e-05,0.0,0.09883303,0.03635486,-0.019077152,0.17393301,-0.00720512,-0.039145842,0.002549657,-0.043306768,-0.026984004,0.0032131711,-0.020001572,-0.05394406,-0.0013653842,-0.010822391,-0.002606841,0.00025343287,-0.013524272,-0.029355304,0.010320843,-0.015732491,-0.017185474,1.3570953e-05
26384,-0.16051011,-0.045285106,-0.10473034,0.0014622171,-0.015344139,0.0011289051,0.00498604,0.013844263,-0.07617513,0.038924348,0.008176114,-0.0035717294,0.030987535,0.010610476,0.049647704,-0.06246249,-0.19894694,-0.036803193,-0.027861753,-0.04794846,-0.05748667,-0.029314237,-0.024891857,-0.09835692,-0.10965935,-0.0055727954,-0.07292768,-0.033710144,-0.0013068331,-0.17111693,-0.21773876,-0.12946095,-0.023529373,-1.0573772e-05,0.0,0.07991617,-0.020375067,-0.0019430767,-0.020978292,-0.03409331,0.0047019823,0.00205499,-0.03925231,-0.013662051,0.04299137,-0.020696655,-0.004921345,-0.0013653842,-0.015188277,-0.00840537,-0.0021327143,-0.0099280095,0.0040096394,0.011440667,-0.013483031,-0.038975693,1.3570953e-05
250,0.14153627,0.008736782,-0.2165642,0.0005229004,0.014556796,0.004920904,0.002399721,-0.0019757887,-0.10345404,0.00094232697,-0.033876378,0.0035784186,-0.050905008,0.0025561128,0.0568389,0.09198316,0.01777882,-0.033662546,-0.0099309785,-0.033925716,-0.03200867,-0.0043983683,0.016178349,0.0010825127,0.0029757726,-0.033478387,0.011949599,-0.053102225,-0.026747623,-0.16295399,-0.21813418,-0.11325538,-0.027651414,-1.2898648e-05,0.0,-0.048479576,-0.023030195,-0.028730787,-0.054222867,-0.11634935,0.0354202,0.001737389,-0.053130507,0.015238317,-0.04180398,0.008273617,0.0010774565,-0.001376457,0.04260556,0.01155068,0.0038521332,-0.010225611,-0.02693975,0.0096663255,0.01818763,0.0455481,1.3570953e-05
28562,-0.14491594,0.012809553,-0.27315417,-0.0030883267,0.0070451763,0.0015372426,0.00298711,0.014062738,-0.20240441,-0.0784912,0.03951838,-0.012054456,-0.080292456,0.022589196,-0.1919361,-0.13296103,-0.1469107,0.11938015,-0.051423084,-0.062434908,-0.12993465,-0.117098615,0.009058164,-0.1330393,-0.123904474,-0.02320825,-0.009606854,-0.057788227,0.018399317,-0.17730457,-0.23537014,-0.120602146,-0.03151284,-1.0573772e-05,0.0,-0.0915111,-0.024279892,-0.0338736,-0.115139686,0.010507173,-0.13015456,0.0023171785,-0.021064756,0.028279703,0.021372441,-0.044461288,-0.046142563,-0.0013653842,-0.018508222,-0.010180227,0.00035381602,0.014006056,0.00745334,0.009461564,-0.0017625042,-0.041544445,1.9266343e-05
25182,0.23116791,0.015349355,-0.15720041,0.0011126434,-0.007651134,-0.00018088332,-0.0016477098,-0.019944102,0.018737508,0.012054707,-0.08591155,-0.009627539,-0.053157106,-0.010344074,0.02423127,0.082953215,-0.05771725,-0.028510964,0.032534614,0.05711675,0.030140055,0.04720862,0.0263377,0.003654869,0.022904752,0.025519801,-0.040577445,-0.041909598,0.024396192,-0.13110586,-0.18630819,-0.11174164,-0.023706926,-1.2898648e-05,0.0,0.05549504,0.0060826577,0.0011254968,-0.014777157,-0.03396813,-0.020471932,-0.0010401395,-0.03961661,-0.041809984,0.026882155,0.0017412604,0.014736068,-0.0013653842,-0.017724635,-0.008611508,0.002208959,0.010474192,0.005044828,0.010256069,-0.016957885,-0.043875452,-5.053689e-07
12351,0.21813782,-0.19053037,-0.19897729,0.00085600134,0.013518117,-0.0066960063,-0.0020184552,-0.00013951684,-0.065932386,0.0038259951,-0.054622903,-0.017095549,0.115723126,-0.033781487,0.013096723,0.06315541,0.04373503,0.07532771,0.03625412,0.048353165,-0.028721629,0.06470803,0.007650964,0.054946188,0.27076137,0.008076058,0.036545333,-0.05402511,0.01271281,-0.13249396,-0.15602253,-0.096030936,-0.02713885,-0.006401251,0.0,0.021285241,-0.013020163,-0.0468184,-0.06348273,-0.0922889,0.059675645,-0.0025311993,0.022249885,-0.013863317,-0.02664701,0.018362816,-0.029689152,-0.001376457,0.016916849,0.021625673,0.0038734516,0.010413828,0.0034624492,0.0084641855,-0.029394872,-0.039399974,-4.2372103e-06
11938,-0.19609906,0.01580065,-0.17919792,0.0049728886,0.0016838103,0.014253044,0.0065261004,0.003758944,0.16467798,-0.037028223,0.007507747,-0.012727914,0.056904018,-0.02304464,0.047360566,-0.016034195,0.11711517,0.045655157,0.04109285,0.055326696,-0.08263675,-0.004017173,0.0019856757,-0.046294272,-0.08907277,-0.040552307,-0.039320882,0.08853406,0.010557758,0.19146933,0.2783503,-0.05354269,-0.039149124,-7.922725e-06,0.0,0.004696142,0.017882295,0.042981032,-0.006423101,0.052467186,0.0630785,-0.002274656,0.0026212023,-0.014520019,-0.01838994,-0.016048986,0.016418813,-0.0037705677,0.020276327,0.007728161,-0.00088319037,-0.0065893945,0.003752585,0.011092632,-0.006066691,-0.037492737,-5.053689e-07
27342,0.0056153852,0.038261097,-0.1573723,0.003227886,0.0071020224,0.003776414,0.0055280617,-0.016972715,-0.099415004,-0.042090964,0.037905067,0.034753907,-0.11439465,0.017278712,-0.22481795,-0.0021646167,0.0021579945,-0.025982004,-0.041090705,-0.063833155,-0.03079517,-0.05986808,0.021546595,-0.08037011,-0.028652076,0.027877223,-0.08300391,-0.06783613,0.03779214,-0.17219572,-0.22253633,-0.12569565,-0.032336563,-1.0573772e-05,0.0,-0.08262942,-0.01662723,-0.059603248,0.11405808,-0.12818435,-0.15603656,0.0015591527,-0.040120322,0.14727268,0.042555787,-0.038441174,0.07409336,-0.0013653842,0.061855804,0.0064132567,0.0003066011,-0.010185281,-0.029361364,0.006544512,0.021903342,0.097920775,-0.000534562
19400,-0.12762843,-0.0047108973,-0.16606826,0.0058518043,-0.012644231,0.00022887874,9.52016e-05,-0.013816964,-0.08574011,0.018876094,0.01711586,0.008789893,-0.07848497,0.020578898,-0.0041864295,-0.039472602,-0.032213498,0.11038112,0.034832846,-0.09082136,-0.08933841,-0.049306184,0.016605444,-0.1261082,-0.01318819,-0.03299408,-0.080481514,-0.07947152,0.09446816,-0.15334713,-0.21860702,-0.10609067,-0.02589277,-1.0573772e-05,0.0,-0.07604277,-0.014653227,-0.086417094,-0.15576015,-0.04975171,-0.15771794,0.01585008,0.0040280186,-0.059924603,0.012583451,-0.049262192,-0.021244489,-0.0013653842,-0.0135661075,0.0027221667,-0.0025921166,-0.011019668,0.0104123335,0.008113144,-0.022395734,-0.05112738,1.9378258e-05
7439,0.22011557,0.027797148,-0.098827116,0.0009493672,0.011431193,0.004367978,0.0038224657,-0.0050602504,-0.06664438,0.028702274,-0.010556232,0.006873601,-0.05826201,0.012925675,0.054772977,0.10535576,-0.034433253,-0.012661488,0.046385597,0.071795434,0.01631654,0.09350878,-0.007179373,-0.0068554827,0.019868372,0.06870241,0.0363067,-0.01590072,-0.017514259,-0.14105375,-0.20515734,-0.119608834,-0.029481553,-1.0573772e-05,0.0,-0.039505802,-0.022234315,-0.016074022,0.12886614,0.052568287,0.049438998,0.0021381737,-0.04188562,-0.029929435,-0.03940281,0.005688994,-0.00613374,-0.001376457,-0.027918583,-0.008576402,0.0022089572,0.007633418,0.0035156184,0.009252863,0.01875101,0.034157064,-5.053689e-07
4770,-0.008529298,-0.015433092,0.856636,0.0077991337,0.00977033,0.0032227347,0.0073088314,-0.0017165006,-0.049977638,-0.008695848,0.028524965,0.01961049,-0.04806821,0.023125831,0.03519834,-0.0217524,-0.030073902,0.029275281,0.00556727,-0.028098594,0.018486245,0.031864543,0.026806267,0.019444823,-0.013385247,-0.055626746,0.09295088,0.09894356,0.018302195,0.30378592,0.5270974,0.36241823,0.037216455,5.8941165e-05,0.0,-0.038962714,-0.011851662,-0.017860893,-0.07832605,0.013454652,-0.0059037292,-0.00022665286,-0.04371848,0.0011202404,0.018826693,0.0103865,0.0032963112,0.004113603,-0.015821394,-0.0038572473,0.010304168,-0.010026161,0.0027360262,0.012862916,-0.017336324,-0.033340223,9.109431e-05
10879,0.09472655,-0.028857585,-0.15753329,0.015655104,0.020971915,0.00552002,0.0010552369,-0.0027778873,-0.041218687,0.009718536,-0.005173857,-0.0203748,-0.020581326,0.03736728,-0.005319494,0.08981712,3.4287106e-05,-0.0045581833,-0.0047916267,0.0043020565,0.022392029,0.025070343,-0.058141757,-0.0010949211,-0.08829635,-0.20103551,0.048242718,-0.04721171,-0.016022978,0.2890385,0.39591527,0.4413014,0.051058363,9.595956e-05,0.0,-0.019234544,-0.014922014,-0.008257256,0.13796595,-0.032540973,0.03950166,0.0064186705,-0.010937311,0.012378061,-0.0067362823,0.0013263825,-0.022025933,0.0052601276,0.02316378,0.012222106,0.00088248076,0.005724754,-0.005451639,0.008658172,0.0010272439,-0.022833513,-5.053689e-07
19457,-0.13980387,1.7695827e-05,-0.14733924,-0.013839248,-0.06760914,-0.0060298555,-0.040521786,-0.029003998,0.1762364,-0.0019470904,0.011524481,-0.003805991,0.049327616,-0.01976159,0.029249087,0.063005894,-0.074223325,0.0043271226,-0.0067723407,-0.04199919,-0.07782847,-0.053196535,-0.23653363,-0.052580416,-0.05144159,0.0007154176,-0.1355394,-0.050314024,-0.009095099,-0.1313588,-0.19161157,-0.111974046,-0.018161695,-1.1933477e-05,0.0,0.054031976,0.034164187,-0.010246851,-0.0037754667,0.11855352,0.009946696,-0.0010543143,-0.0627542,0.009534394,-0.0011245983,-0.020464482,0.0003726061,-0.0016210396,-0.012402469,-0.0057918103,-0.0014248048,-0.0096905595,0.0073733428,0.009207858,-0.009498923,-0.02927509,1.3570953e-05
12549,-0.048137978,-0.025038984,-0.046035606,0.0013563334,-0.0019117005,0.004664408,0.005572172,0.017144796,0.16047393,-0.031466894,-0.05904622,-0.024646437,0.009064411,-0.02569704,0.006129223,0.05391858,0.15699343,-0.042136095,0.01704811,0.05435633,-0.042284377,0.019703597,-0.0006713006,-0.041959688,-0.031591546,0.0029659134,-0.10482458,-0.03792575,0.0049874205,-0.1383811,-0.17113043,-0.11088475,-0.022725184,-1.2898648e-05,0.0,0.062606044,0.029949663,0.0003210268,-0.025684254,0.08278091,0.029498529,-0.0012475912,-0.055833522,0.018425262,-0.011623751,-0.011275953,-0.0024451786,-0.0013653842,0.021219533,0.007891269,7.8027515e-05,0.007713308,0.0051181377,0.0094800675,-0.012500887,-0.038567252,1.3570953e-05
14822,0.026851427,-0.009469126,-0.34888202,-0.008801072,0.034603268,0.0008929334,0.00051577756,0.019643592,-0.09122468,0.0005388221,-0.008687994,0.016190495,0.013948051,-0.072923005,-0.036520757,0.07685933,-0.041068703,-0.02593118,0.03302199,0.05062974,-0.06706672,0.018250827,-0.023404531,0.002442162,0.0061475774,0.013890432,-0.06750479,-0.011726729,-0.06586616,0.1911985,0.31629783,-0.04561539,-0.07704463,-1.2898648e-05,0.0,0.011210033,-0.017062407,-0.037721567,-0.071555845,-0.073708,-0.0017843063,0.005249254,-0.013468941,-0.06784531,0.011589973,0.0113071175,0.0147219645,-0.0075340164,-0.01034865,-0.0061191367,0.00015437773,0.0044848598,0.010342976,0.0099308565,-0.017745616,-0.039296642,-4.2372103e-06
25893,-0.05306999,-0.030074883,-0.37910214,-0.006528048,0.005444197,0.0042205546,0.019125577,-0.0034741831,-0.08696066,0.004129249,0.030955542,0.012037135,-0.030467462,0.009173172,0.0203689,-0.06832926,-0.117436595,0.057174604,-0.012222268,0.07872185,-0.08987334,-0.02164831,0.022588512,-0.06358643,-0.06278064,0.0019500611,-0.0228285,-0.03897138,-0.010113728,0.31176367,0.42852396,0.20245683,-0.08293044,-7.922725e-06,0.0,-0.02840739,-0.016504226,-0.021797609,0.14776391,-0.03460006,-0.008171879,0.006817142,-0.037654143,-0.052279003,0.043151222,-0.030692078,-0.025455,-0.00557003,-0.018361669,-0.0074301115,-0.000109369445,0.007184074,0.004756957,0.010714462,-0.011633511,-0.030587314,-5.053689e-07
15768,0.14196245,-0.031765796,-0.29114866,-0.0017115803,0.015075675,0.009343901,-0.0013068779,-0.0042940015,0.06742934,0.013835786,-0.0044007087,-0.008082801,-0.026500324,-0.0040232344,0.022743374,0.09672506,-0.03497304,-0.029126642,0.017210191,0.05750214,0.029945906,0.009780637,0.029443627,0.004991621,0.03475443,0.074406214,0.0015881129,-0.007629051,0.0039846445,0.16468158,0.24241593,-0.0699973,-0.07586917,-1.2898648e-05,0.0,0.031721782,0.009976699,-0.0026952932,0.12770966,0.13074498,0.031135324,-0.0021355604,0.052445646,-0.039257843,-0.033954505,0.0056553753,-0.041362476,-0.005836264,-0.01845345,-0.0148940105,0.002302062,0.007158178,0.0044485633,0.008906426,-0.016187066,-0.035690956,-5.053689e-07
2724,-0.08023217,0.039507918,-0.12293946,0.0018553752,0.01150332,0.003329692,0.0068957075,-0.0026918827,-0.07224052,0.0019138191,0.014264522,0.0038576166,-0.014971453,-0.020009845,0.048707988,-0.048864245,-0.16889623,-0.03452327,-0.002911756,-0.043489806,-0.0638131,-0.033664502,0.015974924,-0.092753455,-0.05053713,-0.0109318,-0.054007027,-0.030721499,0.008656527,-0.18995468,-0.24728015,-0.13381591,-0.02675578,-1.0573772e-05,0.0,0.0063837366,-0.027514042,-0.033363402,-0.047285944,-0.037363086,-0.049029805,-0.00014506426,-0.044971544,0.017633164,0.05607187,-0.024146533,-0.016691834,-0.0013653842,-0.02737672,-0.007380897,0.00040654145,-0.010413687,-0.029207706,0.0117206825,0.016651884,0.045378927,1.3570953e-05
26398,-0.076918945,0.029657528,-0.23396139,0.0012037012,0.011893793,0.0039060693,0.0027114314,-0.004991492,-0.102466375,-0.020025631,0.013061961,0.0066684615,0.01654261,-0.003917113,-0.106803365,-0.19406609,-0.07858952,-0.051083513,-0.056033395,-0.054708675,0.0471994,0.019530967,0.0049093496,0.008056789,-0.011985833,-0.007786661,0.04401155,0.06854464,-0.02514368,-0.18178165,-0.24472001,-0.14322874,-0.030867435,-1.0573772e-05,0.0,-0.059398517,-0.011986036,-0.00038920622,0.13650581,-0.045697387,-0.027438497,-0.00011214218,-0.09401133,0.006532527,-0.13513708,0.024015523,-0.033467557,-0.0016210396,-0.03139421,-0.010550408,0.0016766159,0.013490436,0.005320995,0.009391429,-0.012633276,-0.025853809,5.1900215e-06
29030,-0.005550497,-0.02089039,-0.24244712,0.00039396432,0.005562938,0.0034298566,0.0032169232,-0.0042756074,-0.10720422,-0.025889304,0.016811198,0.02371758,-0.07266681,0.023898697,-0.07922099,-0.093819335,-0.003191327,-0.01880693,-0.006782318,-0.06144531,0.058780156,0.048339296,0.017513322,-0.0011230339,-0.00722274,-0.01748447,0.0010178282,-0.032010127,-0.0299787,-0.17554983,-0.23124324,-0.13865487,-0.030326521,-1.0573772e-05,0.0,-0.077119425,-0.021045392,-0.032829236,-0.030685244,-0.020479122,-0.041324668,0.0036426545,-0.06027205,-0.019541878,-0.041864503,0.015390747,-4.9608207e-05,-0.0016210396,-0.027277233,-0.005494224,-0.0025534877,-0.015596249,0.0073518213,0.00980831,-0.013120498,-0.025391119,5.1900215e-06
9719,0.07078569,-0.033832278,-0.33951774,-0.003265215,0.019127602,0.003925739,0.0022143312,-0.004487178,-0.061886724,0.00820831,-0.0046301405,0.009010371,-0.054519147,0.022105163,-0.034818936,0.07934831,-0.018419268,-0.046037164,-0.0034997212,-0.017016236,0.022479149,0.04310085,-0.0465593,0.009789296,0.022505801,0.049779702,0.0021079718,-0.046866063,-0.003116245,0.21528637,0.34802237,0.14757565,-0.10450642,-1.2898648e-05,0.0,-0.02680207,-0.012361096,0.0004846793,0.12254689,0.04695132,-0.028348986,0.004237544,-0.056764323,0.02618344,0.011065392,0.007636119,-0.03968651,-0.0058222166,-0.027203443,-0.010479579,0.0005002587,0.007088481,0.0059044487,0.007986392,0.017782353,0.005389333,1.3570953e-05
4262,0.10876956,0.042550843,-0.35463637,-0.0029828404,0.024667116,0.0035216194,0.0009629526,-0.014141045,-0.06630025,0.011244818,-0.007157823,-0.0017641725,-0.06510023,0.011462718,-0.068671525,0.07862618,-0.042877074,-0.030995384,-0.023517126,0.04914763,0.002696751,0.071614884,-0.027235841,0.015265925,-0.05324806,0.011189104,0.01886515,-0.03895182,-0.040280715,0.1565327,0.29539123,-0.08560139,-0.082764424,-1.2898648e-05,0.0,-0.022159932,-0.016395792,-0.032472238,-0.046383116,0.09050731,-0.0068851765,0.006616574,-0.045264184,-0.04907546,0.013120186,0.009359117,0.05467913,-0.0075340164,-0.023857651,-0.0063267224,0.00050026056,0.0052962066,0.0024591626,0.006188255,-0.012035857,-0.019715145,-5.053689e-07
24616,-0.01282338,-0.015187237,-0.24185841,-0.00016040006,0.008822304,0.003370419,0.0023885425,-0.0024042549,-0.10885434,-0.026082866,0.02048167,-0.013739641,-0.05991355,0.017332532,-0.056650516,-0.009050607,-0.0040136883,-0.016911149,-0.023266677,-0.041494977,0.03836316,-0.04365282,0.013897048,-0.0038945104,-0.012003844,-0.02329474,0.015855368,-0.044542134,0.017940737,-0.18211032,-0.23045942,-0.13688551,-0.02720538,-1.0573772e-05,0.0,-0.057556037,-0.020425625,-0.031251773,-0.071738414,-0.09207884,-0.045669418,0.003217861,-0.08641849,0.028120855,-0.10198101,0.0188946,-0.011425262,-0.0016210396,0.054844264,0.011058191,0.0018954241,-0.0101558855,-0.033660006,0.009763222,0.01518454,0.05343911,1.9266343e-05
19502,-0.04462914,0.0047528744,-0.057755347,-0.0063511073,-0.0047196443,-0.0014999469,0.0069124307,-0.020719826,0.16644585,-0.025127705,0.022370307,-0.038898237,-0.01790912,-0.010102547,0.030757053,-0.07840607,-0.18033898,-0.036727723,0.03750547,0.0056219455,-0.061442703,0.013540103,-0.035662353,-0.036150366,0.016873961,-0.031981017,-0.0524338,-0.1650797,0.104556315,-0.13222866,-0.2001272,-0.124303944,-0.022465203,-1.0573772e-05,0.0,0.06653925,0.040762987,-0.05165621,0.143164,-0.10679584,-0.060672577,-0.00079771545,-0.03316983,-0.08637531,0.0341705,-0.018896798,-0.046551406,-0.0013653842,-0.03172003,-0.010897155,0.00035651526,-0.008829806,0.0042039296,-0.94397837,0.027745415,0.049980268,-5.053689e-07
7975,0.064962626,0.010122785,-0.2195955,0.0012876646,0.01119441,0.004223645,0.002151844,-0.0015850612,-0.11190052,0.009550873,-0.021846008,0.00245901,-0.044545323,0.020863302,0.056743428,0.13095221,-0.0707865,-0.02321109,-0.0029442636,-0.025141094,-0.059906714,-0.026002329,0.026112001,-0.04732559,-0.07186551,0.052500367,0.008127858,-0.027438138,-0.02606683,-0.17302486,-0.20870963,-0.1292507,-0.027785018,-1.0573772e-05,0.0,-0.04600718,-0.026721653,-0.033850674,0.16672833,0.13561857,0.04107851,0.0065846313,0.09381044,0.033149887,-0.011297825,-0.015913816,-0.015759477,-0.001376457,0.021411307,0.010928215,0.0004436383,0.0107788,0.0043801516,0.009096241,-0.010506027,-0.03870379,-5.053689e-07
25943,-0.05475298,-0.036584772,0.5591826,-0.00041480688,-0.121780716,-0.00025323092,-0.00014935038,0.021593653,0.044422183,-0.027657785,-0.037393644,0.0066949385,0.09507437,-0.025681727,0.022923682,0.04464012,-0.084803306,0.004213876,0.0009337003,0.029144244,-0.051396005,-0.029103491,-0.0022062995,-0.10363596,-0.073132746,-0.0062162834,-0.22260854,-0.19812843,0.0057219137,0.2041221,0.352791,-0.016976545,0.011964112,-1.2898648e-05,0.0,0.014231793,0.014711702,-0.03226829,-0.034063816,0.06317538,-0.01528954,-0.0019375011,0.021080807,-0.015078834,-0.04790408,-0.014601536,-0.0015842158,-0.005836264,-0.020898188,-0.007701947,0.002514986,-0.00416537,0.006688698,0.013600508,0.015269128,0.023552297,0.00033230815
17249,0.09410628,0.01732004,0.6372873,-0.08968981,0.013489821,0.004385893,0.0099846665,0.0006045725,-0.053459544,0.053311307,-0.035569627,-0.018332534,-0.03792942,0.001577285,0.03427876,0.04139524,0.072990894,-0.02651202,0.044785712,-0.019131446,-0.023968548,-0.02139142,-0.05787289,0.0045612077,0.014707014,-0.042794175,0.10910821,0.12683992,0.023782553,0.2765022,0.41920218,0.30471194,0.0358426,9.595956e-05,0.0,-0.013936318,0.0033322424,-0.045098092,-0.07173473,-0.016325602,0.010589528,0.0015579726,-0.019324666,-0.008406477,-0.023129662,0.0030732057,-0.0009959463,0.0043171165,-0.020424249,-0.011450753,-0.0020852927,0.001379929,-0.0012745599,0.0111427605,0.028916588,0.050693337,0.00033230815
18135,-0.1001514,0.04493201,-0.16447681,-0.012426321,-0.042754803,-0.012989909,-0.02861501,-0.0040674037,0.20132391,-0.00446816,-0.058743786,-0.013418476,0.048378166,-0.023818787,0.05130506,0.089574,0.14364171,0.061563753,0.04424593,0.07519228,-0.09493524,-0.008358752,0.0064606853,-0.047778666,-0.0009663615,0.002440041,0.053935636,-0.022083271,-0.020894635,-0.11695132,-0.128843,-0.08495345,-0.019474633,-1.1933477e-05,0.0,-0.005006939,0.03335082,0.10125679,-0.0044302745,0.2771902,0.111741565,-0.0022478746,0.07219024,0.04411167,-0.0037078345,-0.011324129,0.017091585,-0.001376457,0.028847663,0.011492268,-0.003137085,-0.004320389,0.0044502835,0.011297718,0.0062038763,0.017378094,1.3570953e-05
9670,-0.17434014,0.02309444,-0.20620158,-0.02447,-0.05233059,0.0020103995,0.005778642,-0.0045970334,0.1817219,-0.004932597,0.05340624,0.0039846506,0.062168036,0.007425948,-0.024334963,0.0050305775,-0.037696354,0.06489909,0.04633482,-0.03356921,-0.033641294,-0.100561015,-0.0019732467,-0.051435847,-0.07026567,-0.06485961,-0.12065758,-0.028132599,-0.021597411,-0.11495952,-0.17901966,-0.10779142,-0.019246563,-7.922725e-06,0.0,0.06893687,0.037791427,0.002687947,-0.043791518,0.11179366,0.019174939,0.0039506364,-0.05943056,-0.0823957,0.0100061735,-0.02949047,-0.06279229,-0.0016210396,0.027429404,0.011454819,0.000101791025,0.007585698,0.005392084,0.0085701095,0.008486439,0.048323955,-5.053689e-07
18922,-0.060161173,-0.01930983,-0.23968063,0.00035723692,0.007057985,0.003458229,0.0015207231,-0.0042756074,-0.14055577,-0.026416125,-0.0032549263,0.0078904545,-0.071058184,0.023328764,0.012307075,-0.053560432,-0.038566757,-0.0071268175,0.002925325,-0.052966483,-0.071625955,-0.0510374,0.0189872,-0.0786229,-0.007163876,-0.02380888,0.004902764,0.06730078,-0.009544699,-0.2045612,-0.26063168,-0.13603511,-0.027253458,-1.0573772e-05,0.0,-0.08550395,-0.026555978,-0.023814404,-0.032262415,-0.05869283,-0.03673859,0.0034586485,-0.049512986,0.020672176,-0.063748315,-0.019239219,-0.019192066,-0.0016210396,-0.019769061,-0.012431722,0.0018309093,0.013419315,0.005296602,0.009534772,-0.015574987,-0.027077368,1.3570953e-05
21710,-0.028725645,-0.07694494,-0.09949801,0.003965835,-0.0083451765,0.0022357886,0.004157993,-0.020719826,0.11747007,-0.0059759733,0.018355714,-0.017664086,-0.02602632,-0.0086993035,0.023958255,-0.16560343,-0.06883158,0.14080909,-0.0031713617,0.03998194,-0.045082927,-0.0026771985,0.030575037,-0.043401584,0.0045401314,-0.00010317036,-0.07651268,-0.0376497,0.043976165,-0.1592504,-0.18971938,-0.1254447,-0.02291304,-1.0573772e-05,0.0,0.088717334,0.013020591,-0.02378736,0.16847774,-0.07656266,-0.060427938,-0.0012916822,-0.037648447,-0.050759513,0.023984278,-0.019951615,-0.007421792,-0.0013653842,-0.001547952,-0.01080182,0.0003560526,0.009059962,0.009250898,0.009265205,-0.022120079,-0.04313598,-5.053689e-07
1377,0.14509231,0.075734735,-0.19585319,0.0022237797,0.007894032,0.005939151,0.0028699832,0.01022988,-0.045120284,0.01893064,-0.0033527976,0.0078063756,0.030529134,-0.017732825,0.052072342,0.07897012,0.087569326,0.014779083,-0.0052347835,-0.043837234,-0.071229495,-0.012256831,0.015913608,-0.051225968,0.012873675,-0.022746867,-0.024386495,-0.0585758,-0.01721212,-0.16441695,-0.19778048,-0.10851229,-0.023282683,-1.1933477e-05,0.0,0.064699724,-0.019009583,-0.020917952,-0.044489894,-0.12183747,0.023642322,-0.0012850331,-0.037812397,-0.050996266,-0.050065197,-0.015412978,-0.004230428,-0.001376457,-0.024018595,-0.011578999,0.0023632506,0.010546986,0.012412799,0.009623983,0.017906465,0.032586955,1.3570953e-05
24244,-0.21292333,-0.028214552,-0.2152661,-0.027969312,-0.054460417,-0.006239746,-0.032483466,-0.022290397,-0.016960803,-0.01633859,0.027060548,-0.01274734,0.020374564,-0.01872297,-0.12634031,-0.057564143,-0.36991373,-0.05091994,0.008634523,-0.09492601,-0.054563377,0.018779488,-0.024513679,-0.071978435,-0.14675155,-0.09270455,0.051203057,-0.19477314,-0.03218048,-0.16120331,-0.20143497,-0.10985265,-0.021376511,-1.0573772e-05,0.0,0.06428133,0.0016524006,-0.027798293,-0.044568263,-0.041386545,-0.02936941,0.0068063447,-0.021995546,0.031779017,0.05145241,-0.019791672,-0.011656883,-0.0013653842,0.0062330696,0.01084821,0.00019714907,0.022612344,0.004816546,0.009341814,-0.0033698366,-0.031705208,1.3570953e-05
9001,0.104848,0.015219763,-0.18205896,-0.00093978836,0.010625611,0.00688735,-0.018155964,-0.0008020628,-0.084108435,-0.016716748,-0.036296368,-0.0112367505,0.086974084,-0.020221632,0.009990932,0.10144597,0.041847445,0.058073234,0.03353051,0.049878288,-0.051572572,0.12768836,0.0050122715,0.13273007,0.21822567,0.026037142,-0.009200287,0.10345065,-0.029341333,-0.13720146,-0.159192,-0.0985765,-0.026838863,-1.1933477e-05,0.0,-0.03027936,-0.03472379,-0.021267476,-0.059883036,-0.06829223,0.05441809,0.0004462066,-0.04320465,-0.043228216,-0.0021007978,0.034966636,0.0029178404,-0.001376457,0.023693996,0.012679621,0.002384569,-0.011789203,-0.034539603,0.007725542,-0.01721808,-0.04383164,-4.2372103e-06
19580,-0.062281046,0.020545552,-0.052988302,0.0012549161,-0.005658424,-0.00035305085,0.009047968,0.043222025,0.2289427,0.012114798,-0.018358918,-0.007667316,0.03579964,-0.015320689,0.042450197,-0.005440406,-0.07785814,0.058277987,0.031406697,-0.019799087,-0.038968522,-0.050208062,-0.012724502,-0.041350983,-0.084035486,-0.002124775,-0.013190879,-0.03253601,0.07775375,-0.1540981,-0.18379806,-0.11628505,-0.018245215,-7.922725e-06,0.0,0.06274074,0.03533562,-0.008994157,-0.016629783,0.09087016,0.016212825,-0.0020349382,-0.039278787,0.024261683,0.0011511559,-0.018435873,-0.0043499777,-0.0016210396,-0.01691826,-0.008104541,9.9462326e-05,0.007619478,0.00472162,0.009472053,0.013065565,0.029729225,1.3570953e-05
16378,-0.06270398,0.009658765,-0.23267344,0.00072269596,0.003241472,0.0038245318,0.0033522898,-0.0009296881,-0.09693954,-0.035661004,0.034418255,0.0057799416,-0.084032826,-0.024372531,-0.031849142,-0.013233439,-0.033082344,-0.05897301,-0.04859248,-0.0601443,0.03108495,0.0018284499,0.03201516,0.019144902,-0.10648782,0.007884493,0.18809229,0.11350242,0.0026618335,-0.17686975,-0.23198839,-0.14366294,-0.028110271,-1.0573772e-05,0.0,-0.049536485,-0.009518254,-0.0067865346,0.111626424,-0.07307803,-0.06807279,0.004415637,-0.037440173,0.016850334,0.008681484,0.02753763,0.009060782,-0.0013653842,-0.032122593,-0.006055736,-0.001856966,-0.004920554,0.0047606453,0.009290528,0.00059662526,0.029592428,1.9266343e-05
7983,-0.0025443742,0.009730625,-0.2180884,0.009760498,0.014997589,0.0046224217,0.0029586086,-0.0034140614,-0.04982979,-0.009606384,0.04914573,0.011538678,-0.0030259946,-0.004652571,0.03837186,-0.2637674,0.052975122,-0.065593086,-0.007210887,-0.031170646,0.042700674,0.050411154,-0.050540335,0.048021425,0.009175797,-0.008522663,0.13518512,0.0925316,0.0031265463,0.2913683,0.43367252,0.44724813,0.04539368,-1.0573772e-05,0.0,0.02301038,-0.0049771806,-0.02063289,0.097092934,-0.0653157,-0.045493435,-0.00392311,-0.009505471,0.02012632,0.06698342,0.0036836886,0.010744036,0.004113603,0.01916619,0.0124461,-0.0013538819,-0.0026923525,0.00282805,0.009082021,-0.022628669,-0.044015646,1.9266343e-05
2585,0.19836208,-0.059656188,-0.09527307,0.0036227265,-0.0018866026,0.011988123,0.0045068883,0.026062367,0.12438318,0.01978599,0.005184911,0.00079720735,0.147982,-0.021442963,-0.03425014,-0.02263932,0.11468158,0.086902454,0.039199494,0.0876566,-0.02836408,-0.034045495,-0.0056968164,-0.045556914,-0.0024977091,0.008549901,-0.031186193,-0.033962008,0.01794166,-0.11957039,-0.17672396,-0.108071655,-0.020421544,-7.922725e-06,0.0,0.0154322265,0.015806451,0.021186918,-0.02489796,-0.08877302,0.029196419,0.0040200152,-0.04483697,-0.021631105,0.017785585,-0.01270216,0.028792404,-0.0013653842,-0.0068377475,-0.008727409,-0.0118099945,-0.007444112,0.011931817,0.007959597,-0.021757122,-0.057893507,-5.053689e-07
24683,-0.14987697,0.014117266,-0.24289684,0.0022047595,0.0027772938,0.002678797,0.0035330646,-0.0009125017,-0.18657248,-0.045835923,0.018797895,0.037778933,-0.08844602,0.01516912,-0.120213896,-0.038766827,-0.1439033,-0.08430356,-0.09194129,-0.043672666,-0.13325976,-0.07468961,-0.0019429284,-0.13787305,-0.013462974,-0.017789064,-0.025611477,-0.04087681,-0.0028100153,-0.19057073,-0.2480335,-0.12923476,-0.02635787,-1.0573772e-05,0.0,-0.08839381,-0.026644822,-0.039626673,-0.048804007,-0.042053442,-0.09781448,0.004709445,-0.03388427,0.011506607,0.020768119,-0.045396216,-0.03664421,-0.0013653842,0.02724278,0.0015962481,-0.002986935,-0.013007123,0.008526663,0.008590789,-0.017992254,-0.045475483,1.9266343e-05
4419,-0.0714941,0.014405278,-0.20156099,-0.03136863,-0.07057894,-0.00492082,-0.027112458,-0.024422595,0.060995612,0.00027058987,0.030742167,-0.004407479,0.038510688,-0.01889541,-0.053060815,-0.0026314158,-0.04251075,-0.031523846,0.015937971,0.0952558,-0.039966214,-0.0329943,-0.010769255,-0.06231262,-0.089879446,-0.008005676,0.020612918,-0.17697892,-0.023209173,-0.15158993,-0.19147296,-0.13351814,-0.021658827,-1.0573772e-05,0.0,0.056399286,0.014123623,0.018411364,-0.028834393,-0.07817473,-0.029605152,0.010983146,-0.039438244,0.037877664,0.03580975,-0.020732002,-0.028695485,-0.0013653842,-0.012527544,-0.00748272,0.00028692576,-0.013848253,-0.044293597,0.00935981,-0.012964412,-0.043044385,-5.053689e-07
26596,-0.025684081,-0.11630135,-0.17608103,-0.018806906,-0.062208448,-0.012984569,-0.021614105,-0.0036382587,0.18944053,-0.007277497,-0.029362729,-0.014088297,0.032185014,-0.024495054,0.04420735,0.088548735,0.14251167,0.05632811,0.0473501,0.07638767,-0.10299832,-0.015882976,0.0060571996,-0.046963125,-0.01573983,-0.0013437241,0.044064555,-0.02795389,-0.017899469,-0.12598275,-0.14529513,-0.09293483,-0.019518493,-1.1933477e-05,0.0,-0.0011082552,0.03284613,0.058927085,-0.018861447,0.26194775,0.10075295,-0.002284882,0.051051266,0.043417864,-0.0021080365,-0.012394916,0.0217927,-0.001376457,0.021999376,0.0077515366,-0.002947962,-0.0043873317,0.00493872,0.011314165,-0.008111007,-0.027360443,1.3570953e-05
14523,0.13173243,-0.0313192,-0.31318757,-0.008164492,0.015308762,0.008899585,0.000857606,-0.0047896006,0.017654957,0.009342318,-0.010219601,-0.004426174,0.006731279,0.0065638293,0.045991383,0.05288268,-0.0029869531,0.1147309,-0.0018636986,-0.0005007294,-0.019480731,-0.014960043,0.018544853,-0.03700816,0.012057148,-0.20765227,-0.069719926,-0.047446184,0.0085521005,0.22067842,0.3486018,-0.057051644,-0.07117397,-1.2898648e-05,0.0,0.016680434,0.0068480438,-0.02383428,0.11817418,-0.11109544,-0.036901288,-0.0020101247,-0.04599328,0.036168505,-0.0021943622,-0.018502608,-0.010927519,-0.005922408,-0.012321662,-0.0122640375,0.0009271456,0.007312301,0.0017160366,0.010713609,-0.0035511816,-0.020683106,1.3570953e-05
28907,0.020522594,0.011089192,-0.09999241,0.0016299192,-0.00048670918,0.0059459736,0.00092745316,0.008372356,0.1386907,0.0032522036,-0.049335167,-0.004828771,0.07572849,-0.019619493,0.04076033,0.053528525,0.028646039,0.043208502,0.034152277,0.07602863,-0.036727708,-0.017134782,0.0057391427,-0.049762983,-0.11313422,-0.041568015,-0.09026661,-0.031950958,-0.0032811759,0.18926385,-0.08675505,-0.16203678,0.013067664,-1.1933477e-05,0.0,0.0064089056,0.028209569,-0.019040491,-0.012842785,0.10345089,0.07116015,-0.0027585032,0.05718313,-0.04210152,-0.03154358,-0.024647646,-0.01049996,-0.0030826493,-0.021433955,-0.009467879,-0.0032493996,-0.0040804073,0.0049509495,0.011477583,0.014149525,0.029166238,-5.053689e-07
10650,-0.1428793,-0.049988188,-0.20762259,-0.031083876,-0.047536958,-0.004977016,-0.03062891,-0.019275248,0.03482909,0.027202703,-0.006859389,0.00074572023,-0.0046935175,-0.00643224,-0.0055150157,-0.054070126,-0.11334791,0.11850323,-0.068745315,-0.04274405,0.009057706,-0.062297735,-0.034371167,-0.05254691,-0.027583586,0.01082789,-0.117950805,-0.20564526,-0.02943181,-0.14903948,-0.20063618,-0.09539826,-0.027976045,-1.0573772e-05,0.0,0.024273537,0.010773284,-0.015469484,0.101668954,-0.0012680504,-0.17628878,0.008144619,-0.0008772607,-0.059031542,0.08619926,-0.009871034,-0.032592483,-0.0013653842,-0.009041306,0.0033548726,-0.0025921166,-0.014776109,0.0040047574,0.010066187,-0.02649813,-0.048661865,1.3570953e-05
23506,-0.0003584209,-0.021651322,-0.19382817,0.012617508,0.02620005,0.003087265,0.00878949,0.00029782613,-0.06681589,-0.01937779,0.008825984,0.011019773,-0.05407921,0.040289514,-0.0129665155,0.06669453,-0.060056504,-0.048096348,0.029429002,-0.051795453,0.020485401,-0.014917181,0.012995632,0.006652456,-0.07054186,0.0034911965,0.1440398,-0.019497693,-0.012038376,0.34923202,0.5031611,0.57970756,0.046997365,-1.2898648e-05,0.0,-0.044213213,-0.011849345,-0.026420016,0.14011846,-0.032245923,-0.021497862,0.005811243,-0.060318466,-0.024741178,0.040330235,0.005592582,-0.014212735,-0.0012110719,-0.015030648,-0.0034163375,-0.000109369445,0.0021353718,0.007479397,0.008910152,-0.012781598,-0.008868116,5.1900215e-06
572,0.12776092,-0.0072445297,-0.20313707,-0.00020439595,0.0068568424,0.0034692315,0.001604345,-0.004569909,-0.08761025,-0.00958188,0.014553075,0.0062916763,-0.053835396,0.014914881,0.014759915,-0.010734046,-0.02311442,-0.025470397,-0.008619086,-0.029025063,0.026756037,0.1512522,0.018438987,0.1421882,0.031706244,0.032553714,0.010480059,0.095774,0.031249458,-0.1345603,-0.18681242,-0.10461743,-0.028552521,-1.0573772e-05,0.0,-0.031511486,-0.018225852,-0.01575107,-0.056761857,-0.04378037,0.011204433,0.0023392856,-0.019798078,-0.02516228,0.04092067,0.030219484,0.009590072,-0.001376457,-0.019157974,-0.010135946,0.0022987358,0.016956925,0.003759495,0.007971337,-0.013519238,-0.03801461,-4.2372103e-06
1442,-0.08184322,-0.009893855,-0.24418133,0.0014499788,0.010053735,0.0033991814,0.0021798601,-0.0024067168,-0.121202014,0.0046474948,0.008135514,-0.01501473,-0.039250698,-0.0064764903,0.05456623,0.03310175,-0.057835527,-0.030227087,0.041009307,-0.036750175,-0.06261365,-0.03481061,0.013041989,-0.06591514,-0.07362474,-0.028548626,0.018565297,-0.027289368,-0.012491483,-0.186354,-0.22911394,-0.13423936,-0.02591679,-1.0573772e-05,0.0,0.00075340644,-0.026446952,-0.040351644,-0.045902744,-0.08613021,0.0442676,-0.0012865585,-0.04281666,0.021614768,-0.04420661,-0.023088394,-0.017235387,-0.001376457,-0.02636901,-0.011605749,-0.003920404,-0.0103340475,0.0050286916,0.0113391755,0.012337601,0.021070858,1.3570953e-05
22779,-0.2194245,-0.006926903,-0.26772684,0.00012441582,0.002535496,0.0028118943,0.0015831916,-0.0042413604,-0.18846972,-0.048509523,0.016504692,0.04279152,-0.11056197,0.019200634,-0.09826752,-0.04672331,-0.050227985,-0.042913195,-0.0045009335,-0.06062682,-0.12192053,-0.070954755,0.017546233,-0.13560641,-0.019355858,-0.016742842,-0.021121208,-0.030610792,-0.013804747,-0.18114887,-0.24731745,-0.123223834,-0.028467573,-1.0573772e-05,0.0,-0.11158319,-0.02715774,-0.04904056,-0.114018925,-0.046970315,-0.04377054,0.0015528501,-0.05786541,-0.061209306,-0.06772208,-0.053696074,-0.05210545,-0.0016210396,-0.023618419,-0.007870687,-0.0025534877,-0.012994719,0.008108912,0.009225773,-0.014144023,-0.039492864,5.1900215e-06
16365,-0.0583976,0.012424738,-0.07469175,0.002807892,-0.00990154,-0.0010538492,0.008564855,0.035916373,0.1685176,0.008887272,-0.02776205,-0.008417449,0.06060833,-0.01628244,-0.073946685,0.021944206,-0.06686578,0.07468346,-0.012345538,-0.034515638,-0.052378185,-0.028854318,0.003555891,-0.048713185,-0.12999535,-0.00096321694,-0.02243348,-0.031606864,0.06295817,-0.14582539,-0.17664714,-0.13267316,-0.019925281,-7.922725e-06,0.0,0.06351429,0.01872632,0.00039505717,-0.04989852,-0.07759594,-0.031042378,0.016356392,-0.046485435,-0.041396204,0.020388931,-0.018850679,-0.0044714753,-0.0013653842,-0.010783875,-0.010267109,0.00035144057,0.011302505,0.006646303,0.009187856,0.0110267475,0.008391466,-5.053689e-07
233,0.066468105,-0.036283962,-0.1433259,0.0005341894,-0.031060437,0.0005576661,-0.00028255393,-0.011426019,-0.055268582,-0.06442916,-0.09643105,-0.0014423858,-0.04436421,0.024407325,0.021515433,0.06680804,0.022939347,0.11408955,-0.017986773,-0.060896106,0.0024292695,0.06450901,-0.01994252,0.10085826,0.12912618,0.012536203,-0.01725832,-0.07284168,0.07853423,-0.12928185,-0.17936888,-0.09663646,-0.024612876,-1.2898648e-05,0.0,-0.038883757,-0.03047003,-0.027629862,-0.059081603,-0.027107395,-0.033729475,-0.002549335,-0.00060604885,0.0032147067,0.08610391,0.025644477,-0.008041173,-0.0013653842,0.040191058,0.01202751,0.010085737,0.011402548,-0.0032563177,0.008808466,0.020837666,0.045125056,2.1457317e-06
3769,-0.09191994,-0.12121054,-0.17387596,-0.018806906,-0.062208448,-0.01305906,-0.025670398,0.0005201296,0.20839556,-0.006457809,-0.027456587,-0.011896548,0.029699685,-0.025011618,0.04317295,0.08719439,0.14209136,0.058271497,0.043279156,0.07521785,-0.100756705,-0.013428042,0.0056686574,-0.04623144,-0.008530371,0.0009588949,0.049235202,-0.025221895,-0.021994261,-0.124477476,-0.1458295,-0.093108475,-0.01952271,-1.1933477e-05,0.0,0.0039024763,0.033423293,0.060171235,-0.0118379025,0.24607754,0.099498324,-0.002284882,0.050452895,0.042024292,-0.00589149,-0.0134060215,0.02169283,-0.001376457,-0.015997948,-0.0057918103,-0.002947962,-0.004682464,0.00493872,0.011316073,-0.008111007,-0.014988408,1.3570953e-05
23028,-0.037767604,0.004405953,-0.18070589,-0.03512939,-0.07408538,-0.000866659,0.0066040745,0.006645941,0.052008394,-0.022830069,0.0056185154,-0.014129089,-0.008073169,-0.01040958,-0.06264638,-0.08495004,-0.14568594,-0.106715515,-0.12576847,-0.058349404,-0.055598818,-0.05332329,0.015342681,-0.0770585,-0.012521318,-0.0017044836,-0.050864376,-0.029721193,-0.019595588,-0.1509507,-0.21309046,-0.122889265,-0.027449057,-1.0573772e-05,0.0,0.023315188,0.011070911,-0.005724516,0.093558446,-0.058585748,-0.17045559,0.0025887315,-0.02472694,-0.03889411,0.071436346,-0.06432398,-0.040908415,-0.0013653842,-0.007919393,0.0013997105,-0.0023379459,-0.012792717,0.010320014,0.008626223,-0.023785619,-0.04855778,1.3570953e-05
6996,0.14447147,0.026805537,-0.34334856,-0.00291226,0.012592769,0.0023445538,0.008267648,-0.0026454774,-0.025135262,0.008480009,-0.028656708,0.0050449735,-0.045008145,0.014087078,0.043328553,-0.04520557,-0.037635937,0.03925905,-0.0054337643,0.00836452,0.016674351,0.010869139,0.021741636,0.0036156634,0.034083404,0.08209284,0.024395939,-0.024551418,-0.0069870446,0.26611426,0.3706872,0.14129293,-0.084392555,-7.922725e-06,0.0,-0.036015388,-0.0045427275,-0.01701491,0.14231564,0.1279875,0.0362988,0.002010017,-0.014743996,-0.019919824,0.005217677,0.0016257266,-0.0072544795,-0.004124465,0.030349346,0.011294041,-0.0033237669,-0.006095406,0.0043936735,0.00669707,-0.01688652,-0.05407441,-5.053689e-07
26787,-0.057015706,-0.042598546,-0.07647082,0.004293428,-0.006973907,-0.0008664399,0.005939437,0.009753083,0.113206916,0.014635415,-0.03322413,-0.011274065,0.04578026,-0.016478384,-0.059029292,0.08043134,-0.16283002,-0.022855375,0.021344218,0.08627299,-0.061370816,-0.03053435,-0.00091383606,-0.04964189,-0.019997764,-0.0015591767,-0.1170575,-0.043131407,0.0013311934,-0.14930482,-0.18831103,-0.13437767,-0.02278681,-1.2898648e-05,0.0,0.06264754,0.010332907,0.0013624711,-0.024631932,-0.04747985,-0.027657436,0.0016303543,-0.040334154,-0.018724184,0.037990604,-0.022703765,-0.008868223,-0.0013653842,0.021853268,0.010846833,-0.0027198335,-0.0076838727,0.007572304,0.010454917,-0.016517071,-0.0358438,-5.053689e-07
29969,0.22418188,0.004964496,-0.17226696,0.004097612,0.014724704,0.004630626,-0.00071274553,0.0061743176,-0.017309533,-0.0007001881,-4.8228234e-05,-0.0052978666,-0.03229198,-0.010381353,0.018747183,-0.023965254,-0.029906895,-0.08228367,0.016072268,0.049837515,0.022847036,0.037982844,0.012467852,0.020781888,0.027880171,-0.07363619,-0.03836008,-0.00029113275,0.02319555,-0.15916273,-0.20883705,-0.10026692,-0.024099942,-1.0573772e-05,0.0,-0.0058195153,-0.0135614835,-0.041089192,-0.028028367,0.1980063,-0.04245563,0.0014258131,-0.041441854,0.039990824,0.02834528,0.004104041,-0.02265339,-0.0013653842,0.027200527,0.012325315,0.002208959,0.010768256,0.0123284105,0.009338857,-0.016105773,-0.040066574,1.3570953e-05
20716,-0.094668835,0.0044312323,-0.23816375,0.00027951362,0.010055546,0.004267287,0.0028692395,-0.0014870451,-0.14842813,0.0033268593,-0.0018685211,-0.00496538,-0.041416716,0.05482984,0.073710844,-0.042153604,-0.057431526,-0.025951039,-0.007380223,-0.04534916,-0.073085174,-0.048435144,0.020864293,-0.07831768,-0.06512577,0.00021762784,0.021459261,-0.02553747,-0.015075514,-0.19145465,-0.23545486,-0.14417401,-0.0263572,-1.0573772e-05,0.0,-0.05155727,-0.030500349,-0.026446106,0.15307815,0.09525199,0.023029339,0.0064436784,-0.04257107,-0.02737871,-0.035642415,-0.025824312,-0.018973906,-0.001376457,0.03929029,0.014491598,0.0005081531,-0.0098902155,-0.022210913,0.009286446,0.011081612,0.043892823,-5.053689e-07
506,-0.0521722,-0.0026163459,-0.0032918444,0.0015547896,-0.0039352593,0.0051792217,0.005984434,0.008101703,0.17582966,0.007257885,-0.06794098,-0.021181863,0.052986816,-0.022942398,0.02546579,0.10325447,0.17144892,-0.023079762,-0.004255915,0.061050184,-0.039633986,-0.014847208,0.014238988,-0.041842304,-0.08939098,0.0026092818,-0.13591205,-0.036607455,-0.0054517603,-0.13829105,-0.15287112,-0.10967545,-0.018623713,-1.2898648e-05,0.0,0.03523964,0.023575949,-0.008683463,-0.01571042,0.12935568,0.07757401,-0.001269252,0.0638535,0.024220781,-0.022977732,-0.011389376,-0.0071985833,-0.001376457,0.021653581,0.007891269,-0.0031143073,-0.006576441,0.004859764,0.010861455,-0.01178296,-0.03859516,1.3570953e-05
10736,-0.015388861,-0.04143033,-0.22218035,0.00011171978,0.0064493734,0.0033765198,0.001243391,-0.0024833037,-0.10898675,-0.026732432,0.017857213,0.0075839404,-0.07949338,0.027520739,0.022345783,0.087922215,-0.016972428,-0.019975768,-0.019239979,-0.030551724,-0.07821134,-0.058119792,0.014662443,-0.020699041,-0.02216149,-0.030193279,-0.06137416,0.09299802,-0.0092638545,-0.19007291,-0.25832793,-0.13560766,-0.026713673,-1.0573772e-05,0.0,-0.06579461,-0.025590304,-0.044433378,-0.082739644,-0.09092569,-0.03618825,0.0023782188,-0.057394076,-0.0074496986,0.016267918,0.009183042,-0.01682754,-0.0016210396,0.02233681,0.00308866,-0.0025534877,-0.012488619,0.006266375,0.008684352,-0.013146866,-0.039333925,1.3570953e-05
8144,-0.044385146,0.09016008,-0.038705386,-0.0027056425,-0.0071014795,0.0051872144,0.0078063747,-0.017965533,0.13352484,-0.020464545,-0.08115065,-0.02042925,0.0614047,-0.014479916,0.047159847,0.05879626,0.14788643,-0.028515343,0.04118269,0.06731537,-0.10290527,-0.0059624617,-0.017334241,-0.04318259,-0.08164589,-0.014604601,-0.09322976,-0.045026325,0.025351921,0.19339925,0.24292496,-0.04217569,-0.043908715,-1.2898648e-05,0.0,-0.011955851,0.024046548,0.0015929224,-0.0029700543,0.11905736,0.057732802,-0.0012752605,0.030062906,0.025765195,-0.025178283,-0.010938599,-0.0046419194,-0.005836264,-0.034680504,-0.009061818,0.00042773935,0.004359175,0.007633497,0.0105044525,0.013171133,0.027860373,1.3570953e-05
16816,0.1520825,-0.007815249,-0.18855645,-0.00056364055,-0.049295798,-0.005273444,-0.018353548,0.0065719816,-0.08053188,-0.026370443,-0.052020367,0.0146988705,0.111636385,-0.026058927,0.03759393,0.09609275,0.064275585,0.06632837,0.04735823,0.05552042,-0.033001497,-0.022184832,0.0063662166,-0.0030365547,-0.013758467,-0.02695914,0.036623288,-0.048168484,-0.0060989847,-0.15032254,-0.17618087,-0.09992823,-0.024392504,-1.1933477e-05,0.0,0.03845181,-0.036649477,-0.07107165,-0.05916872,-0.12858683,0.03009856,-0.0027660173,0.017618444,0.040695697,0.0055775405,0.00049711997,0.011691126,-0.001376457,0.024491478,0.009210832,0.0038306983,0.0072289477,0.004961321,0.011389007,-0.024586873,-0.05189307,2.1457317e-06
12330,0.06591558,0.013662314,-0.18386334,0.008414905,-0.008354476,0.011731041,0.0051840446,0.01574705,0.115187906,0.009855463,-0.0023720344,-0.0015934533,-0.0011809714,-0.016844235,0.056378532,-0.103837036,-0.0590665,-0.024404125,-0.01854813,-0.036250047,-0.048059836,-0.021091474,0.027311988,-0.04151851,0.008575416,-0.06380026,0.010035442,0.07731902,-0.027919477,0.1895384,0.31693304,-0.05913217,-0.05481899,-1.0573772e-05,0.0,0.032615345,0.02287371,-0.00064778526,-0.03634253,-0.040312137,-0.037340514,-0.0016644051,-0.04564258,0.0020322734,0.07427523,-0.018272148,-0.0024087236,-0.0038567113,-0.014567103,-0.007473489,-0.0036996624,-0.008706722,0.011938902,0.011377751,-0.022761991,-0.047207043,-5.053689e-07
23539,-0.08099105,0.009878571,-0.15373433,-0.018222164,-0.066956066,-0.0013775289,-0.030809123,0.019666983,0.10193395,0.009537587,-0.12588234,0.01830081,-0.052140724,-0.059727456,0.09621915,0.06547058,0.061266653,-0.085139416,-0.03451428,-0.026316836,-0.030561296,-0.043294743,0.013219865,-0.07827841,0.020019531,-0.023475777,-0.09343648,-0.038214922,-0.001629239,-0.13467844,-0.20135638,-0.102413714,-0.030409252,-1.2898648e-05,0.0,-0.07694173,0.034346852,-0.038359948,0.107701086,-0.043523315,-0.16609149,0.0053525064,-0.04842736,-0.034258172,0.05208798,-0.024008285,0.043699753,-0.0013653842,-0.016222356,-0.006384268,0.009801399,-0.010184179,0.0037750069,0.010298183,-0.019663557,-0.033530068,5.1900215e-06
29310,-0.004981628,-0.04688593,-0.22873862,0.008306003,0.020188153,0.0031829353,0.0020055284,-0.0030705796,-0.045924786,-0.021271488,0.05810006,0.022044955,-0.01518412,0.020277694,0.0276759,0.06439807,-0.08581936,-0.085302904,-0.01624838,-0.03171612,0.0015999555,0.097969584,0.036394257,0.1338002,0.008177085,-0.030284801,0.09397665,0.1021719,0.0114791505,0.27218953,0.38199952,0.44538936,0.037185553,9.595956e-05,0.0,0.028477278,-0.0043711704,0.00023390373,-0.036946014,-0.032104485,-0.029829286,-0.0008901451,-0.047363427,-0.038171705,0.07514753,0.01786472,-0.0073452066,0.004113603,0.0010377143,0.003081205,0.0018544017,0.0031361643,0.0030944413,0.011423314,-0.015483185,-0.023984652,1.9266343e-05
21418,-0.006574012,-0.04978426,-0.23081502,-0.00092144625,0.0098710405,0.003512258,0.0021006619,-0.0040594856,-0.084652506,-0.035574656,0.048820224,0.0007729165,-0.08095745,0.018807558,-0.089450866,-0.14317507,-0.055722255,-0.025069887,0.0016203363,-0.04037068,0.04372578,0.08927954,0.019035155,0.07256871,0.03687531,0.0331676,-0.027949674,-0.008652489,-0.01636344,-0.16161163,-0.1937895,-0.119597025,-0.028690746,-1.0573772e-05,0.0,-0.014403755,-0.013367662,-0.010086532,-0.019360151,-0.02104498,-0.039236195,-0.0031654458,-0.05890024,-0.0033724536,0.04861491,0.020601999,-0.00807452,-0.0013653842,-0.029572798,-0.012978481,0.00040654145,0.013017898,0.003834919,0.005708822,0.0089287,0.030040333,1.4581801e-06
18409,0.03808602,0.01455358,-0.22636776,0.00087929337,0.0069271196,0.0034460975,0.0010803473,-0.004157801,-0.10959444,-0.013760768,0.016539104,0.002043708,-0.058300674,0.015130336,0.031381886,-0.024158832,-0.027396556,-0.03969432,0.039270047,0.033286773,-0.022797683,-0.015804581,0.016159879,0.0054892474,-0.02015366,-0.030544417,-0.009927079,0.11169151,-0.022088548,-0.17035753,-0.21337843,-0.11857755,-0.02762389,-1.0573772e-05,0.0,-0.046363898,-0.017633412,-0.015466626,-0.08622484,-0.07848884,0.023758674,0.0021677916,-0.05401027,-0.012439507,0.04098202,0.022904338,0.0046029086,-0.0016210396,-0.01968124,-0.0061245165,0.00034202664,0.008032362,0.0052781645,0.008717451,-0.015782528,-0.043213814,-4.2372103e-06
13875,-0.08401426,0.0002607882,-0.24928455,-3.5572084e-05,0.0075687263,0.0033650396,0.003653515,-0.002660249,-0.12378328,-0.029702343,0.02263472,0.014186901,-0.10597691,0.017696783,-0.09698986,-0.011730172,-0.01024944,-0.038270794,-0.046426583,-0.050455775,0.010223359,-0.04654092,0.014749594,-0.032943007,-0.10621589,-0.024379741,-0.069006026,-0.019597445,-0.016529666,-0.18551318,-0.24058871,-0.14424506,-0.028411549,-1.0573772e-05,0.0,-0.05329937,-0.026287368,-0.032652564,-0.048108727,-0.07205865,-0.03697645,0.015500253,-0.08867381,-0.041142143,-0.11484186,0.007901927,-0.0061902087,-0.0016210396,-0.038488936,-0.007901173,0.00066244643,0.010749866,0.0073159006,0.009448388,0.011633295,0.017038919,5.1900215e-06
6951,0.07299627,-0.03980277,-0.29322594,-0.013654666,0.005330274,0.0032882357,0.008146368,-0.004469991,-0.06599912,0.0050110617,0.0028419215,0.0072729457,-0.0377554,0.019825097,0.032077923,-0.0306939,-0.021824393,0.03380705,-0.0057522105,0.06918281,0.023527713,0.067308344,-0.015107043,-0.01185631,-0.00029394904,0.060003243,0.0125299785,0.04174153,-0.0058266437,0.29189318,0.39668006,0.40309417,-0.095398605,-7.922725e-06,0.0,-0.026961965,-0.0117896795,-0.0055804597,0.10036033,-0.058066238,0.018766452,-0.0007063931,-0.051273614,-0.027596299,0.02166867,0.01743639,-0.0017456562,-0.0018340456,-0.016220083,-0.006802698,0.0004357439,-0.0070717926,-0.011302445,0.007873113,-0.015805783,-0.037932143,-5.053689e-07
19417,-0.09664443,0.029185297,-0.16182521,-0.012429751,-0.042754803,-0.012989909,-0.028602106,-0.00036963262,0.20841901,-0.004349923,-0.057884917,-0.011377828,0.047925107,-0.023291428,0.05462066,0.0812911,0.14340696,0.06161879,0.04241588,0.07581277,-0.09117882,-0.0072902055,-0.0016470465,-0.04861179,0.011778014,0.0051414007,0.051685568,-0.023039792,-0.020437857,-0.116813794,-0.1265162,-0.085060574,-0.019474633,-1.1933477e-05,0.0,-0.00018280373,0.03335082,0.097228914,-0.0075667063,0.27959237,0.11246187,-0.0022478746,0.072196685,0.0414792,-0.007212932,-0.011324129,0.015753157,-0.001376457,-0.020930603,-0.008104541,-0.003137085,-0.0043787654,0.0044502835,0.010937299,0.006213522,0.0064312345,1.3570953e-05
15728,0.122178465,-0.050523814,-0.168671,0.0022378564,0.008503148,0.0031501944,-0.00092111796,-0.005308485,-0.072988495,-0.014601951,0.007916973,0.0004887749,-0.024303362,0.01788688,0.04181753,0.00286189,0.006589259,0.15798952,-0.013234816,-0.026706925,0.036140773,0.14125873,0.019560743,0.27949575,0.03162095,0.008710305,-0.030011725,0.0813807,0.022125602,-0.13454033,-0.186943,-0.09880796,-0.025796166,-1.0573772e-05,0.0,-0.029389616,-0.016667759,-0.011505487,-0.047852546,-0.047098868,-0.011593456,0.012981565,0.005288413,0.05813677,0.009317816,0.02473664,-0.0047165505,-0.0013653842,-0.013790393,-0.009981719,0.006161542,0.017340148,0.006911341,0.007920001,-0.016111786,-0.022566387,2.1457317e-06
2117,-0.055962075,-0.0724677,-0.042448714,0.0022225333,-0.010750811,-0.0003393974,0.0072968197,-0.015065534,0.23689818,0.013441159,-0.048179697,-0.010639847,-0.057347365,0.0049210833,0.062156092,0.08368679,-0.1538754,-0.05203883,-0.010975237,-0.009896321,-0.044811852,0.014545816,0.0034259213,-0.062081438,-0.0018950531,0.008197866,-0.05207423,-0.03366687,0.027860545,-0.14032763,-0.1774288,-0.122133665,-0.022589555,-1.0573772e-05,0.0,0.06628501,0.0648371,-0.010312329,0.17522816,-0.021211775,-0.026163278,-0.00021666763,-0.051854532,-0.06363842,0.021262411,-0.021301316,-0.003188038,-0.0013653842,-0.00053079624,0.011210872,0.00029200042,0.008474663,0.0049517285,0.010876955,-0.016931195,-0.051560927,-5.053689e-07
25396,0.2083071,0.01713509,-0.11421223,0.0055095158,-0.0043900535,0.005381033,0.00040475832,-0.02116707,0.04789668,0.003907349,0.035120707,0.0029105726,0.019476429,0.0017264187,-0.013839846,-0.07060841,-0.09198383,-0.07844946,0.041993644,-0.035597138,-0.024755077,0.010063246,0.044907615,-0.029383685,0.002727182,0.0135426875,0.11220466,-0.06315233,0.014330811,-0.14805934,-0.180922,-0.099161826,-0.023565417,-1.0573772e-05,0.0,0.105930045,0.018647686,-0.022724787,-0.0028131478,-0.04268043,0.022004545,0.0143795805,-0.033350907,0.13767265,0.08551032,-0.017521488,0.047096837,-0.0013653842,-0.00020496792,-0.0011670712,-0.0121600805,-0.021629892,0.013338292,0.0068258937,-0.019160729,-0.086133845,5.3019357e-06
7567,0.07322418,0.011703435,-0.38509738,-0.0069571226,0.008826593,0.0039238865,0.0016212527,-0.0039459374,-0.058076587,0.026988558,0.028296176,0.0010152429,-0.061309636,0.016093647,0.062459838,-0.052320965,-0.026866851,-0.03259646,0.043453977,-0.020124746,0.029390858,0.0016766936,0.0055126296,-0.008101778,0.017362986,0.09809295,0.028063323,-0.03463171,-0.019956946,0.2278804,0.3774285,-0.06846653,-0.09681809,-1.0573772e-05,0.0,-0.036202896,-0.01207047,-0.007825792,0.1637202,-0.0726547,-0.022436248,-0.0024123765,-0.049126677,-0.05931289,-0.049586367,0.0031552217,0.00088596763,-0.005922408,-0.027412815,-0.009019433,0.0005002587,0.007144985,0.0044602007,0.009449943,0.01582115,0.04149202,-5.053689e-07
14726,0.15469645,0.008287537,-0.21805477,-0.00034834573,0.008729711,0.003591942,0.0011844395,-0.004201467,-0.0784516,0.009519568,-0.008769395,-0.001782984,-0.05851513,-0.006582591,0.035414007,0.007433206,-0.013714317,-0.041557282,0.03594012,0.059814006,0.038484126,0.08559866,0.018767484,0.06302917,0.01542962,-0.032699354,-0.044675026,-0.031437267,-0.020678256,-0.14922561,-0.19149789,-0.10349146,-0.028247667,-1.0573772e-05,0.0,-0.03344635,-0.021064395,-0.048981287,-0.047357645,-0.07294311,0.04467671,0.0017299426,-0.024612546,-0.033232454,-0.112399556,0.0145481955,-0.0010299042,-0.001376457,-0.023600401,-0.006048315,0.0022987358,-0.010512926,-0.024801558,0.009254508,-0.016176116,-0.03035405,-4.2372103e-06
25209,-0.018825758,0.0045074746,-0.24036205,0.00047310465,0.0065212687,0.0036700678,0.002764179,-0.002805833,-0.10374826,-0.01775595,0.006181401,0.0062410953,-0.057966728,0.018783446,-0.07931734,-0.07926712,-0.073983476,-0.039826304,-0.013059522,-0.06017529,0.008778724,-0.018204646,0.014120443,-0.016107509,-0.011194829,-0.017913012,-0.020648811,-0.04557299,-0.044847824,-0.18077214,-0.22864154,-0.13351119,-0.030043235,-1.0573772e-05,0.0,-0.0564389,-0.019505532,-0.023000764,-0.03222189,-0.06714403,-0.050797224,-0.0019674264,-0.0531333,-0.03993228,0.028086737,0.019019717,-0.0040789293,-0.0016210396,-0.018852876,-0.004800341,0.00034202664,0.013258991,0.0069228155,0.008220983,-0.013709129,-0.034194097,-5.053689e-07
29901,0.20430648,-0.04327457,-0.18056956,-0.0005701512,-0.048107002,-0.0064194202,-0.0027763366,0.0065719816,-0.06462883,-0.028995136,-0.041311804,0.018621057,0.11004345,-0.025878074,0.037860155,0.09583499,0.053566005,0.08908457,0.04765775,0.056924056,-0.033696737,-0.016124636,0.007758621,0.010903888,-0.0072905496,0.002150107,0.026783837,-0.05260678,-0.0053245947,-0.14933309,-0.17031279,-0.09628276,-0.024396721,-1.1933477e-05,0.0,0.016820936,-0.016597377,-0.05039614,-0.034629826,-0.117664844,0.027740741,-0.002725827,0.0053593568,0.036385577,0.005582264,0.002736195,0.015680568,-0.001376457,0.023291737,0.013486655,0.0038306983,0.0072289477,0.004961321,0.011294754,-0.025903964,-0.045563977,2.1457317e-06
20236,-0.021798253,0.071216896,-0.15804242,0.005415292,-0.006399122,0.001388947,0.005956685,0.018497117,0.12178648,0.007481637,-0.008077812,-0.00048749015,0.033387013,-0.01761843,0.07018159,0.06308764,-0.06962111,-0.035811435,0.0005779125,-0.046308488,-0.044485193,-0.041939355,-5.9719197e-05,-0.03725939,-0.07015499,-0.009567935,-0.034985162,0.11659852,-0.032654412,0.18217036,0.30594555,-0.04770101,-0.051287968,-1.0573772e-05,0.0,0.008308781,0.010741786,-0.0132019725,-0.023697747,0.10462233,0.0028229293,-0.0015159136,-0.058291286,0.03311464,0.0085875355,-0.020016065,0.008144143,-0.0054683196,-0.020127807,-0.010213409,6.274204e-05,-0.006449921,-0.06615348,0.009897937,0.006545767,0.027801052,1.3570953e-05
17868,0.1361088,-0.02279368,-0.12748238,0.0014285971,0.00795472,0.0042058923,0.004015821,-0.0014870451,-0.07536716,-0.023040956,0.009550606,0.028895052,-0.06656109,0.036020685,0.024281507,-0.023213001,-0.032782197,-0.019314824,-0.011136171,-0.03700859,0.038903516,-0.023402458,0.023802796,0.02390311,-0.040672746,0.029867703,-0.029129263,-0.024588753,-0.02221708,-0.17501935,-0.23141253,-0.13049924,-0.027785018,-1.0573772e-05,0.0,-0.04931012,-0.014530936,-0.007045335,0.13993925,0.116077244,-0.013559653,-0.000647534,-0.028256623,0.025993198,-0.040505357,0.017648924,-0.0053630383,-0.001376457,0.034989867,0.0027939742,-0.01811429,-0.012074639,0.004629881,0.0060274326,-0.011198635,-0.03395965,-5.053689e-07
13348,0.17872946,0.021613292,-0.09226546,0.0010448105,0.011822269,0.0043941783,0.0009787682,-0.0023118092,-0.05494901,0.027852647,-0.019510923,0.0079940995,-0.05631369,0.014894685,0.04172491,0.10409507,-0.031668127,-0.03972174,0.04379201,0.06601219,-0.008333435,0.04604991,-0.00015819108,0.045690954,-0.015190911,0.07310043,0.028489668,-0.038293775,-0.029437292,-0.13273498,-0.16683917,-0.11079708,-0.028554633,-1.0573772e-05,0.0,-0.02708456,-0.01510863,-0.040694308,-0.046561465,0.026260968,0.06705612,0.0020835556,0.078445606,-0.012402729,-0.05861322,0.005688994,-0.015783424,-0.001376457,0.039459795,0.022367924,0.0037623565,0.0054614265,0.0036752666,0.008290212,0.021126617,0.041888826,-5.053689e-07
28326,0.04005933,-0.0088867005,-0.10197479,-6.6886234e-05,0.0007042602,0.00350763,0.0037107626,-0.0018907734,-0.07576288,-0.05792307,0.026923183,0.04557858,-0.05638003,0.024567995,0.01571195,-0.020279078,0.019227156,-0.008552701,-0.013888216,-0.014392768,0.025127163,0.14661574,-0.011471901,0.18343747,0.040027674,-0.019096076,0.16141371,0.115446605,0.018238645,-0.15243769,-0.2038157,-0.107274726,-0.027602235,-1.0573772e-05,0.0,-0.054242436,-0.019348938,0.01889642,-0.041541014,-0.01355665,-0.016633803,0.0050051548,-0.032727905,0.017769668,-0.046074595,0.04086715,-0.01353554,-0.001376457,-0.020395942,-0.0122262165,0.0019927623,0.01164077,0.0060615656,0.009328921,-0.0137719,-0.022073891,7.841122e-06
19899,0.0017938629,-0.00053510035,0.991581,0.003677657,0.010707647,0.0034251714,-0.0005744612,-0.0014926776,-0.052423462,-0.01111285,0.024749124,0.021471757,-0.06042165,0.024107104,0.038416043,-0.02331405,-0.0045508333,-0.009935937,0.0023293851,-0.020926563,0.0346708,0.00907761,0.01764665,0.021339731,0.0021687385,-0.033543494,0.14400169,0.08304951,-0.00129927,0.29335704,0.5685628,0.2335132,0.039509393,-1.0573772e-05,0.0,-0.04226633,-0.013456264,-0.020227613,-0.06540212,-0.038297456,0.0020408905,-0.0011431401,-0.03977606,0.010844442,0.0066400254,0.0032592434,-0.00043157442,-0.00375652,-0.018646372,-0.002786161,0.010304168,-0.0036989679,0.0042948183,0.013070069,-0.018390344,-0.03471408,0.00033800353
9522,-0.033181895,0.02302544,0.60083586,-0.068321526,0.018267091,0.0092696985,-0.030682417,-0.0017778892,0.045307193,-0.026286386,0.04891401,0.027224118,-0.06445202,-0.01286926,0.025692834,0.033999808,0.059009917,-0.014065292,-0.022011887,-0.14667706,0.037938487,0.015448885,0.054417487,0.063651964,0.015959552,-0.035230264,-0.03980201,0.09826718,0.013783046,0.2853321,0.48253655,0.31049436,0.04966616,9.595956e-05,0.0,0.044561986,-0.0031150319,0.027471576,-0.033667292,0.034594692,-0.08800213,-0.005272146,-0.08469446,-0.060538836,0.1753349,0.0068459273,0.045957867,0.004113603,0.03449333,0.020410398,0.016548896,0.0014022756,-0.0065106414,0.009675416,0.026800022,0.08040123,9.109431e-05
5988,-0.065814555,0.037313446,-0.06979175,-0.010547347,-0.0335734,-0.009011512,-0.019904314,-0.0016264305,0.19667366,-0.011636364,-0.058507398,-0.012388626,0.04101995,-0.024809532,0.04652602,0.0682773,0.1460802,0.06571668,0.04352127,0.07006294,-0.08566463,-0.0065049534,0.0063905725,-0.050133444,-0.0044365874,-0.0011947481,0.07000053,-0.02882519,-0.01288664,0.18214451,-0.056702774,-0.12272176,0.017725049,-1.1933477e-05,0.0,0.008684088,0.03463176,0.096520774,-0.010765226,0.25821212,0.10225035,-0.0029048256,0.07663731,0.045487724,0.004178283,-0.009919777,0.021324998,-0.0030826493,-0.0148918945,-0.0073545715,0.0003913621,-0.0048221215,-0.018982911,0.012463362,-0.0056702667,-0.005283599,1.3570953e-05
2902,-0.0713145,0.011257291,-0.15952243,-0.0066804434,0.025575217,0.015505662,-0.00019541755,-0.020239629,0.09415348,-0.0072624073,-0.04368792,-0.01111377,0.0753869,-0.025412804,0.03550858,0.058460563,0.12124759,-0.02661218,0.048614725,0.05078468,-0.048050366,-0.03946952,-0.004731951,-0.01816241,-0.035510667,-0.02224759,-0.03377214,-0.10174208,0.121883295,0.24642728,0.2930044,0.3109227,-0.07432581,-1.2898648e-05,0.0,0.031625036,0.007355941,-0.010858792,-0.039933164,0.12506862,0.049382564,-0.0010902714,0.026309038,0.029276852,-0.043053873,-0.008961298,-0.001394616,-0.0015293036,0.040690392,0.008563705,-0.0029182488,-0.008124252,0.0050686514,0.008730836,0.016125614,0.04248171,1.9378258e-05
2657,0.037619863,-0.048906263,-0.33799222,-0.010663334,0.034853924,0.0027841083,0.006506954,-0.0010500421,-0.10112762,-0.01741477,0.008343497,0.008491986,-0.03723415,0.03972883,-0.029271651,0.0802915,-0.030801402,-0.014744562,0.008752411,0.044051535,-0.06283466,-0.007318248,0.021016587,-0.03984702,0.004046941,-0.046984676,0.0140187945,-0.040274568,-0.00576083,0.324049,0.45908695,0.49919564,-0.086280346,-1.2898648e-05,0.0,-0.041731518,-0.016754277,-0.039281927,-0.05474702,-0.07366809,-0.0019090127,0.0020912313,-0.051278893,0.010448598,0.024517447,-0.013039706,-0.011398647,-0.0015818586,0.01655314,0.007021867,-0.0016817385,-0.004257415,0.0072363485,0.009744774,-0.017065987,-0.03004581,-5.053689e-07
14956,0.1287641,0.020277014,-0.22444032,0.00046923326,0.009604613,0.0034819392,0.0014340495,-0.0043664817,-0.09463166,0.0077203517,-0.01987363,-0.001994227,-0.06596394,0.010398193,0.05134807,0.09383796,-0.028177828,-0.041028444,0.05490589,0.052635334,-0.02128832,-0.029455444,0.023235848,-0.015632583,-0.004042733,-0.037267692,0.0070752576,-0.034165584,-0.02310548,-0.15875503,-0.19953196,-0.110351674,-0.027575811,-1.0573772e-05,0.0,-0.035987686,-0.027254537,-0.046012264,-0.05385867,-0.095906466,0.048381843,0.0016971985,0.05954129,-0.025980446,-0.039891127,0.0038825618,-0.016807508,-0.001376457,-0.029499536,-0.00782766,0.0038521332,0.0052627088,0.0055238237,0.010080431,0.017842399,0.027691333,-5.053689e-07
3726,0.048330083,0.059483014,0.57948935,-0.03471155,-0.11962313,-0.0024585673,0.0004650399,0.016718086,-0.071034975,0.008686103,0.026821572,-0.19637598,-0.078065515,-0.045404684,0.025868157,-0.012923681,-0.030985203,-0.067713834,-0.063828714,-0.04129013,-0.016730366,0.019396726,-0.005181348,0.07307771,-0.014240929,-0.02520852,-0.08578467,-0.34283733,-0.000488695,0.20997725,0.37196583,0.16435494,0.044903662,-1.0573772e-05,0.0,0.03467901,-0.00962812,-0.08306886,-0.034039993,-0.07602406,-0.053248677,0.0037916764,-0.028846871,0.04090098,0.06388272,0.009380616,0.018297361,0.011210007,0.012912126,0.01874999,-0.0023594436,-0.009922384,-0.020162703,0.010107583,-0.07376771,-0.0922913,0.00033230815
20300,-0.23377977,0.04245748,-0.2464059,1.6548129e-05,-0.001945044,0.0024860655,0.0032503735,-0.0036047911,-0.11867424,-0.024010869,0.023828281,0.003642026,-0.09221941,0.008826085,-0.098098874,-0.073125556,-0.11796634,-0.049968816,-0.040364403,-0.05560014,-0.10097593,-0.03918495,0.01912115,-0.096171536,-0.07509575,-0.0056449124,-0.04021739,-0.053389788,-0.00027407985,-0.1813762,-0.23824304,-0.1260083,-0.030433744,-1.0573772e-05,0.0,-0.08134538,-0.029597815,-0.01199661,-0.02254017,-0.09608726,-0.04421606,0.0011238913,-0.061706968,-0.070448376,0.000589476,-0.050883807,-0.05811612,-0.0016210396,-0.023960322,-0.005232622,-0.0019663684,-0.012994719,0.0052506262,0.010080902,-0.009598524,-0.032589544,-5.053689e-07
8259,-0.05868046,-0.010372521,-0.254596,0.00042288224,0.009827188,0.0026209145,0.0034109084,-0.0022754166,-0.11074046,-0.040857717,0.011223967,-0.004242829,-0.075283624,0.0030049623,-0.10139009,-0.1425955,-0.07969937,-0.05525708,-0.070490874,-0.053863794,0.009889303,0.00521305,0.014487487,-0.053383008,-0.028650481,0.02540464,7.243068e-05,-0.043128476,-0.02058639,-0.18638262,-0.2394691,-0.13788499,-0.032837372,-1.0573772e-05,0.0,-0.062326174,-0.01681109,-0.020809568,0.16338977,-0.049979888,-0.066015765,0.0024212515,-0.047755077,-0.03179946,0.034311134,0.000120466575,-0.013428435,-0.0013653842,-0.029453808,-0.010550408,-0.0021716,-0.012565072,0.005222241,0.0096285995,-0.01755889,-0.03830589,5.1900215e-06
3794,-0.076224715,0.02546817,-0.135938,-0.020325175,-0.04222802,-0.009252025,-0.03236456,0.008979436,0.12648949,0.051614065,0.0021879238,-0.038742285,0.03216207,0.016260367,0.06511124,0.0670658,0.07810112,-0.04737921,-0.07731922,6.803009e-05,-0.020437805,-0.014576489,-0.007200325,-0.07500253,-0.047188282,0.024032058,-0.065082386,0.03512284,-0.014110454,-0.13203101,-0.18983224,-0.092013605,-0.025206529,-1.2898648e-05,0.0,0.02806905,0.043261684,-0.0917294,0.096558705,-0.07456305,-0.060142085,0.011029935,-0.09590405,-0.119318485,0.040769372,-0.01106871,0.02472624,-0.0013653842,-0.030455478,-0.00053982134,-0.002604439,-0.0056627416,0.0022777736,0.009927286,0.03016361,0.050222795,1.3570953e-05
22339,-0.013063565,0.00602928,-0.24923065,0.00010337365,0.008841081,0.0034747121,0.0033772346,-0.004126484,-0.11111861,-0.023272542,0.015286475,0.0151641825,-0.084323555,0.01689349,-0.032859977,-0.020043544,-0.09449785,-0.030663008,-0.013204548,-0.040305287,0.008482912,-0.050664898,0.013848411,-0.02235618,-0.015726727,-0.01126108,0.00061026734,-0.032315228,-0.022302287,-0.18459588,-0.24199095,-0.14055733,-0.027889486,-1.0573772e-05,0.0,-0.08446344,-0.026366726,-0.032704487,-0.042797197,-0.02804257,-0.043312453,0.0017048107,-0.047853116,-0.029626722,0.043327775,0.004897535,0.007243798,-0.0013653842,-0.030323079,-0.00804005,0.00040654145,0.010618106,0.0095290765,0.008470134,0.019020429,0.04572797,5.1900215e-06
3241,-0.008308308,-0.036400463,-0.11030156,0.0016360631,-0.06760363,-0.011845862,-0.023226958,0.009240102,0.12081911,-0.015151732,-0.030951945,-0.014322158,0.046681672,-0.023987865,0.027089585,0.10480267,0.14211546,0.066737406,0.053528808,0.068448424,-0.046227697,0.015298614,0.009064509,-0.039178606,-0.024382057,-0.01660033,0.048978277,-0.039330587,-0.012257132,-0.1466043,-0.1681576,-0.10970822,-0.021337254,-1.1933477e-05,0.0,0.037825897,0.015498564,-0.008843611,-0.030423174,0.13177425,0.06885156,-0.002284882,0.039653674,0.041617185,-0.004156282,-0.00941803,0.012044384,-0.001376457,0.022139797,0.0078101945,0.00047197595,0.007017787,0.0048877024,0.010447623,-0.008716477,-0.032327186,1.3570953e-05
19900,-0.099631205,0.039062202,1.0455229,0.0073518213,0.012170315,0.0021216425,0.012180067,0.00181752,0.012929428,0.017824654,0.106260605,0.056759197,0.09579425,0.08240685,-0.08494525,-0.14255343,-0.15025534,0.10052799,-0.09522503,-0.21905227,0.009808797,0.043909818,-0.05602265,-0.026729902,-0.0034593288,0.04061592,0.16954315,0.011150732,-0.015490574,0.26305652,0.5328079,0.052943,0.05657193,-1.0573772e-05,0.0,0.038300745,0.027532993,0.012477863,0.18334588,0.0739146,-0.15501833,0.0036897557,-0.012299204,-0.010764681,0.024707234,0.006258826,-0.0022413123,0.02653115,-0.018801767,-0.0085708555,-0.002713813,0.020740692,0.008534934,0.012342666,0.014692984,0.0012959912,0.00033800353
3052,-0.24645695,-0.042522706,-0.20523167,-0.029327944,0.0062187547,-0.00061938306,-0.0014589091,-0.0026060035,0.06351108,0.01683957,0.041431684,-0.013029208,0.0696446,0.017714348,0.050710242,-0.12277887,-0.25281537,0.09585166,-0.1142609,-0.05193855,0.05971924,0.04539416,-0.018679252,0.1702229,-0.0029926891,-0.025442172,0.017942728,0.053536166,-0.018996028,0.17318554,0.2641077,0.0011404335,0.031724032,-1.0573772e-05,0.0,0.045577962,-0.021428593,0.032416917,0.005258238,0.04468963,-0.16104269,-0.0053339386,-0.05227963,-0.1340056,0.046667583,0.023587655,0.039522104,0.012812033,0.008093387,0.021720687,0.0040602637,-0.040956274,-0.0003673212,-0.9746875,-0.012532731,-0.050066188,7.841122e-06
15618,-0.04836176,-0.21341474,-0.1955271,-0.018808847,-0.06245916,-0.013044551,-0.025670398,0.0005201296,0.20857377,-0.007532268,-0.027539277,-0.011896548,0.029472781,-0.025011618,0.043368373,0.09852402,0.14137909,0.056425,0.043279156,0.07091812,-0.13891527,-0.013982618,0.0038737142,-0.047375172,-0.01239826,0.0008730521,0.060353164,-0.026993498,-0.022115128,-0.124477476,-0.1455512,-0.093000345,-0.01952271,-1.1933477e-05,0.0,0.0031538717,0.033423293,0.05909459,-0.0118048,0.22243743,0.09899226,-0.002284882,0.05208688,0.039660312,-0.00035120454,-0.0134060215,0.026690813,-0.001376457,-0.014098956,-0.0057918103,0.0003913621,0.005102523,0.00493872,0.010980095,-0.005742458,-0.0098532075,1.3570953e-05
2706,-0.031884708,-0.019293284,-0.22863336,0.002147094,0.0047511063,0.0019351442,0.002866582,-0.004755503,-0.074677795,-0.026086608,0.047133364,-0.009916655,-0.09640215,-0.0016443739,-0.06147724,-0.42341045,-0.10046325,-0.04776933,-0.054505613,-0.029528107,0.02395704,0.15555362,0.019617641,0.23855677,0.014034386,-0.00943104,-0.022023024,0.13047439,-0.049007162,-0.12942056,-0.20160863,-0.11577486,-0.02958913,-1.0573772e-05,0.0,-0.049723312,-0.019314762,-0.011896888,-0.037235454,-0.025075166,-0.10834216,-0.00333801,-0.014095847,0.11058847,0.06485081,0.04330188,-0.022342615,-0.0013653842,-0.01766243,-0.015587922,0.0004357022,0.02606136,0.004016335,0.009007389,-0.010053423,-0.038659398,1.4581801e-06
655,0.23638457,-0.0062930584,-0.16346183,0.002682314,0.013965231,0.014719818,-0.00083960465,-0.0026043174,0.026476223,0.024673486,-0.0064709377,-0.002601852,-0.041548677,-0.008074521,0.04700145,0.109322935,-0.040949006,-0.03343921,-0.015525281,-0.033322584,0.05292575,0.11380558,0.020866603,0.005306064,0.060687218,-0.010735367,-0.014880882,-0.025504492,-0.012182745,-0.13997164,-0.17745467,-0.10760227,-0.024098823,-1.2898648e-05,0.0,0.040990386,0.008110019,0.0032757954,-0.0066234684,0.1326948,0.0254263,0.0037583865,-0.028713936,-0.02868894,-0.08070015,0.0067224484,0.15102646,-0.001376457,0.040108852,0.016568396,0.0037876184,0.013486272,0.0043137018,0.0070821987,-0.008465613,-0.024231073,-5.053689e-07
2472,0.11303941,-0.021448212,0.83976096,0.008392783,0.046219777,0.005732182,0.0117891235,0.0022578386,0.013961979,0.011082562,0.0068204347,0.0015534973,-0.047286864,-0.005111821,0.023098014,0.07058019,0.080261156,-0.031560738,-0.003870199,0.052163668,0.026323987,0.037280764,0.028722236,0.014488046,0.014881112,0.03626489,0.06061601,-0.022586495,-0.01234157,0.29107597,0.48974073,0.39839685,0.04142073,9.595956e-05,0.0,0.0049739955,-0.0054583857,-0.0071745613,-0.029527847,0.003989598,0.024303967,-0.002343108,-0.024787942,0.0029525706,0.04992475,-0.0012065787,-0.04897642,-0.0011585169,0.02233238,0.008733807,0.008417644,-0.0040224623,0.0053274194,0.009641596,-0.01680835,-0.029867006,5.946376e-05
26687,0.084732294,-0.048019417,-0.19471431,0.0065335133,0.014875903,0.0038950196,0.0059661386,-0.0022383675,-0.034146167,0.004235647,-0.015299369,0.0068687964,-0.035120387,0.009755894,0.037626985,0.09275739,-0.019024573,0.030149512,0.005837269,0.073013164,-0.03947521,0.0018663581,0.025867594,-0.021302503,0.001300951,0.09196271,0.045239486,0.104004055,0.0067506894,0.29041573,0.45619163,0.46834457,0.039947934,-7.922725e-06,0.0,-0.026148228,-0.009899809,-0.028717376,0.17823969,0.04180305,0.027072286,0.0023552184,-0.015007542,0.02717471,0.008272622,-0.00817328,0.0003959576,-0.0014632588,0.02188171,0.011894559,0.0004788239,0.0068866154,0.004770767,0.011752335,-0.015897384,-0.040443126,1.3570953e-05
22446,-0.06719571,0.016633883,-0.13038799,0.0020207893,0.0023520796,0.0019420963,0.008703791,-0.055355195,0.110866,0.21974148,0.020575369,0.0010717278,-0.028744694,0.016094277,-0.01712991,-0.18444245,-0.19622032,0.13344522,0.0074483547,-0.021684565,-0.03646714,0.009638536,-0.0894004,-0.055584636,-0.0065166047,0.018376809,-0.16983983,-0.023371648,-0.074792616,-0.14496186,-0.2076165,-0.11892057,-0.030917373,-1.0573772e-05,0.0,0.018580776,0.03628132,-0.015013658,0.14874026,0.018711513,-0.07096375,0.006197015,-0.04483494,-0.108058065,0.003924433,-0.017137751,-0.011366316,-0.0013653842,-0.009755025,0.0007307078,0.00030169962,-0.010733167,-0.08053598,0.009623428,-0.026720569,-0.042228185,-5.053689e-07
18574,-0.031097658,-0.07653554,-0.09985391,-0.016176604,-0.012861869,0.0026330957,0.0082282275,-0.039811045,0.18792497,-0.0046181385,0.004790203,0.00025393214,-0.004810778,-0.009404038,0.056104757,-0.2685059,-0.07241718,-0.017296717,-0.012665693,-0.04801268,-0.045247782,0.02544329,0.017057337,-0.053125285,-0.013311987,0.026554577,-0.06944443,-0.009370226,0.030665956,-0.15170199,-0.2114933,-0.11909979,-0.022652315,-1.0573772e-05,0.0,-0.011979564,0.07506452,-0.011661232,0.099735826,-0.07219741,-0.059397396,-0.00016927999,-0.062364038,-0.10809509,-0.0010757966,-0.016270597,0.034341082,-0.0013653842,-0.0061602355,-0.0069178124,0.00023764746,0.01119418,0.00375832,0.0094528645,-0.02226807,-0.039677024,-5.053689e-07
13665,0.2682669,0.03023615,-0.20459238,0.0012274749,0.012503164,0.008210662,-0.0042314744,-0.0008867202,-0.015099915,0.017647957,-0.0038662057,-0.011992019,0.12027647,-0.029802399,0.0280942,0.0021174687,0.08137425,0.07650112,0.04243001,0.059041247,-0.034013476,-0.012059422,0.00058149954,-0.034322254,0.011529814,0.014750267,-0.001993931,-0.042539805,-0.0034033754,-0.1556209,-0.18215643,-0.09863188,-0.025598295,-7.922725e-06,0.0,0.05274903,-0.016815469,-0.008783637,-0.035010513,-0.10015694,0.07420016,-0.0013729993,-0.033537403,-0.034201242,0.0123965135,-9.139534e-05,-0.004072054,-0.001376457,0.026831826,0.013486655,0.0022987358,0.007943435,0.005034867,0.009611096,-0.029635964,-0.051789828,-4.2372103e-06
7005,-0.051825672,-0.034671307,-0.16092473,-0.0056154365,-0.013124263,0.00075675326,0.016572066,0.049992498,-0.10964261,-0.011971752,-0.051689874,-0.004050575,0.040670034,-0.0146991685,0.04835115,0.06469691,-0.043857515,0.047504093,-0.0029733498,0.039869174,-0.050520405,-0.034092903,0.010436973,-0.049675453,-0.017314743,-0.009422992,-0.04043179,-0.05292397,0.04558555,0.23452081,0.33118498,-0.030310389,-0.052987326,-1.1933477e-05,0.0,0.035057846,-0.03580969,-0.04190393,-0.093090504,-0.06539741,0.008777356,-0.001283773,-0.014681001,0.02207238,-0.01889798,-0.02136024,-0.007817221,-0.005836264,-0.011927744,-0.0050614667,-0.0018480842,-0.006173374,0.0053188982,0.011763267,-0.014959556,-0.043821186,-5.053689e-07
26448,-0.124734804,-0.006028531,-0.22385226,-0.00063050387,0.0036773854,0.0025020784,0.0024682549,-0.0011509435,-0.059618596,-0.1774104,0.070000045,-0.008579394,-0.05151039,0.007179125,-0.06857138,-0.06682112,-0.0050826347,-0.049188383,-0.001808181,-0.105524,-0.00058794505,0.121940576,0.01645371,0.09126933,0.12228655,0.027962297,-0.020965254,-0.036774416,0.019936446,-0.13424924,-0.18530588,-0.110444635,-0.03178502,-1.0573772e-05,0.0,0.05084018,-0.018602645,-0.06768095,0.055161506,-0.07598786,-0.09915415,-0.004161698,-0.042040672,-0.046361614,0.09475036,0.027016237,-0.029252285,-0.0013653842,-0.027331064,-0.021198539,0.0014611391,0.015273081,-0.00011786302,0.0030806665,0.01364378,0.046342578,2.1457317e-06
15225,0.122585006,-0.016231926,-0.19193217,0.0013188088,0.007825797,0.00428743,0.0017690777,-0.0026987079,-0.07720896,-0.005216959,0.01599261,0.01253219,-0.07862354,0.022426173,0.018909855,-0.06894082,-0.026645767,-0.0061362046,-0.010875756,-0.018133223,0.024358733,0.14327513,-0.025794577,0.13866936,-0.04286422,-0.002263929,0.0884781,0.123887844,0.02539156,-0.15315801,-0.20818734,-0.118260615,-0.02638028,-1.0573772e-05,0.0,-0.05141933,-0.017185725,-0.014199758,-0.028047558,0.029521482,-0.017623471,-0.0007589922,-0.028428819,0.012754789,-0.04712479,0.029716041,0.015075194,-0.001376457,-0.025093924,-0.0071991216,0.002464864,0.01455718,0.00574362,0.0075090937,-0.010193068,-0.024290795,1.9266343e-05
28554,-0.15378883,0.010624001,-0.24637467,-0.028417462,0.0031516915,0.011492072,0.0012910003,-0.000357871,0.10297586,0.021728477,-0.0006012341,-0.018795624,0.018910857,-0.018763054,0.040016323,0.06732159,-0.07161072,0.012340107,0.042762663,0.06134315,-0.05519119,-0.02354959,0.012866519,-0.04440864,-0.02541012,-0.0033047935,0.030227896,0.08122298,0.0027611596,0.1869438,0.2954998,-0.041572426,0.040308587,-1.1933477e-05,0.0,0.022581303,0.011747553,-0.018396564,-0.0473384,0.099511676,0.06774471,-0.0020559593,0.03916476,0.008527949,-0.011189301,-0.015896035,0.0092781475,-0.0037705677,-0.01826776,-0.0070897383,0.00036953195,-0.0063897646,-0.018731747,0.01160888,-0.0047930707,-0.017812291,-5.053689e-07
4047,0.089785405,0.015851408,-0.37384138,-0.0029312111,0.011223285,0.009150371,0.0011451307,-0.0018718786,-0.0808481,0.010166769,-0.01898554,-0.0025243927,-0.05239369,0.011888553,0.04017001,-0.06477106,0.13084404,-0.054226123,-0.013088405,0.042377226,-0.04504061,-0.007451533,0.014260908,-0.034029745,-0.0073941513,-0.008191206,0.026370592,-0.028138706,-0.019504124,0.22873504,0.32719943,-0.06697165,-0.081499554,-1.0573772e-05,0.0,-0.038744465,-0.009671862,-0.022756089,-0.023480771,0.12083624,0.0020897205,0.0064902143,-0.060866237,-0.061610438,0.007921779,-0.015741445,-0.020150898,-0.005922408,0.029936656,0.00771775,0.00050026056,0.0075584697,0.005460726,0.007395122,-0.013750455,-0.05670609,-5.053689e-07
17570,0.021633238,-0.0023156372,0.9615963,0.0026214567,0.011050626,0.0035089944,-0.0015972032,-0.0021186706,-0.05167003,0.0011014073,0.02384243,-0.0158821,-0.06560733,0.02298298,0.025107473,-0.0036786308,0.01681887,-0.03668765,-0.008259717,-0.015492635,0.031039806,0.025869371,0.023180502,0.13796365,0.01102602,0.018475087,-0.008531833,0.07258316,-0.008935949,0.24891351,0.46659434,0.069334306,0.04712285,-1.0573772e-05,0.0,-0.040966686,-0.008529533,-0.01806752,-0.05232045,0.009229728,-0.0009691448,0.007904252,-0.02596229,-0.03889869,0.004529966,0.01613105,0.0090486845,0.02653115,-0.020434061,-0.003414139,-0.0022345532,0.011031204,0.00380909,0.012231706,-0.018250246,-0.030702174,2.8651328e-05
21058,-0.02576766,0.034074333,0.8755512,0.0063627665,0.020794969,0.0036853317,0.011463878,-0.00043450482,-0.034990374,-0.023302019,0.028360248,0.03977208,-0.050219607,0.02178793,0.032821406,-0.045327704,-0.03145763,0.05590788,0.043324623,-0.029761186,0.043674372,0.034555152,0.020599555,0.018479865,-0.060414813,-0.013383205,0.1842106,0.09156383,-0.005512727,0.34534168,0.5270586,0.42089894,0.042025786,5.8941165e-05,0.0,0.022220237,-0.009449502,-0.015916383,0.0009628418,-0.0062966933,0.03548714,-0.013233441,-0.045217514,-0.039291434,0.056186352,0.0066800513,-0.007411723,-0.0012110719,0.022373537,0.0029976706,-0.004047648,0.0021701308,0.005422505,0.010439201,-0.018086903,-0.0256667,6.515915e-05
15097,0.16396049,0.013675759,-0.21445538,0.002253815,0.010663965,0.0034155017,0.0018371929,-0.00217766,-0.060612626,0.011214622,-0.018894803,0.004240146,-0.037101388,-0.016941195,0.048169367,-0.021313082,-0.054504793,0.005279892,0.03470839,0.06148545,-0.06512245,-0.053521268,0.021625841,-0.05213973,0.00888992,-0.02955655,-0.0073643457,-0.042665318,0.0049534137,-0.17533053,-0.21954973,-0.113581076,-0.027230427,-1.0573772e-05,0.0,0.016427966,-0.021986507,-0.020912435,-0.0420687,-0.0768658,0.024572587,-0.0016323142,-0.03065808,-0.027587742,-0.10779497,-0.018403346,-0.021967804,-0.001376457,0.040363,0.01613991,0.0023632506,0.0052105766,0.0055889306,0.011016342,0.012925999,0.040890183,-5.053689e-07
4338,-0.014361925,-0.019307183,-0.22713098,3.9703158e-05,0.008870425,0.0033723258,0.0021790129,-0.0042756074,-0.08955879,-0.03309226,0.022986103,0.030472951,-0.095182076,0.019046333,-0.058767743,-0.01091524,0.010476842,-0.03139124,-0.00083078817,-0.041786764,0.03510576,-0.031410236,0.017126454,0.0045731827,-0.001198852,-0.026328214,0.09093964,0.069102526,-0.019592559,-0.18165427,-0.23045847,-0.13874944,-0.02845541,-1.0573772e-05,0.0,-0.033728603,-0.018162332,-0.01996395,-0.033561867,-0.06293985,-0.048376124,0.008556307,-0.07304536,-0.04091233,-0.10683403,0.01989997,0.007779475,-0.0016210396,-0.040239476,-0.008343995,0.0018309093,0.010546986,0.007947953,0.010262608,-0.014622466,0.021215456,-0.0010215201
7398,-0.09290602,0.052182265,-0.06939834,-0.0107478425,-0.032981806,-0.009011512,-0.01989565,-0.0050464766,0.18188152,-0.016903007,-0.059622236,-0.014495645,0.0483829,-0.024213325,0.05352868,0.05380551,0.14671391,0.06603094,0.042593844,0.06963989,-0.09043321,-0.0046031466,0.006554039,-0.051126495,-0.010340216,0.000838901,0.06151209,-0.029480893,-0.016105762,0.18113859,-0.05377164,-0.12248393,0.017698415,-1.1933477e-05,0.0,-0.00011764468,0.03463176,0.09839113,-0.009466577,0.23947395,0.10055308,-0.0029048256,0.0741114,0.045016915,0.0011887848,-0.009919777,0.013594707,-0.0030826493,0.029549468,0.013657122,0.00045587693,0.0042896075,0.0035887877,0.012415761,0.0062642065,0.01669587,1.3570953e-05
17258,-0.03192497,-0.020316731,-0.2186224,0.0009071976,0.0007708267,0.003913355,0.002738481,-0.0049298806,-0.08404411,-0.018109877,0.038550112,0.0031705038,-0.05732325,0.0071781953,-0.005821007,-0.034800198,-0.089594424,-0.052853215,-0.0233861,-0.10491193,-0.0028987858,0.20670691,-0.03166676,0.04801472,0.0039221817,0.016693508,-0.041690484,0.11652985,0.009483958,-0.15914057,-0.20941247,-0.1362573,-0.029653646,-1.0573772e-05,0.0,-0.04059446,-0.012720605,0.0012819536,0.12334248,-0.025347913,0.015771098,0.0039446848,-0.048414037,0.006004573,0.057989802,0.013005484,-0.0011602525,-0.0013653842,-0.02821474,-0.010181591,0.00018773331,0.015829068,0.0032377013,0.010515168,-0.01620604,-0.019955331,1.9266343e-05
4786,0.00019978784,0.016515698,-0.109627925,-0.028956866,-0.040057056,-0.0044819717,-0.020526899,-0.00856729,-0.059077088,-0.006377678,-0.03221646,0.017558882,-0.08424002,-0.030050341,0.04169959,-0.15178756,-0.04114264,-0.0301594,0.029315785,0.015617615,0.0121818,0.07592956,0.0007972596,-0.00044268474,0.026340969,0.024428222,-0.049092755,0.05754928,-0.026402196,-0.1344468,-0.19614331,-0.10359025,-0.028832052,-1.0573772e-05,0.0,-0.034438312,-0.011017542,-0.05240173,-0.01416716,-0.010006136,-0.1714985,0.00047711082,-0.11850043,0.061101172,0.05146694,0.0131326215,-0.026977874,-0.0013653842,0.019497696,-0.0033935953,-0.0026003446,0.010476874,0.007982359,0.00911399,-0.02853291,-0.07892138,5.1900215e-06
15297,-0.15561765,0.009306997,-0.10084183,0.00095677323,0.008267563,0.011397436,0.006771516,0.0109487325,0.18099444,0.005058436,-7.920877e-05,-0.04022228,0.07207593,-0.020797713,-0.15768874,0.006518249,-0.06694152,0.05437769,-0.0106104305,-0.06118703,-0.059858594,-0.12877429,-0.0007621832,-0.061612714,-0.04460633,-0.035966694,-0.08351721,-0.025930537,-0.0025413614,0.17300877,-0.107851975,-0.1921281,0.020729551,-7.922725e-06,0.0,0.03933323,0.052112516,-0.009134577,-0.03969095,-0.057374343,-0.023011286,0.0057139876,-0.066778615,-0.10123899,-0.008386214,-0.02915033,-0.052408915,-0.0017156233,-0.0227075,-0.009643538,0.00026849803,-0.010780989,-0.028319623,0.010509372,0.009102619,0.019624969,-5.053689e-07
20016,-0.05143727,-0.004727737,-0.09529704,0.003525926,0.00063892186,0.0021487335,0.0067301444,-0.016253605,0.16137296,2.2586946e-05,-0.030019797,-0.016862622,0.06030443,-0.021825908,0.013653777,-0.06786321,-0.21990134,0.021219026,-0.009735937,0.07061131,-0.040619694,-0.0033981437,-0.0004547611,-0.04097489,-0.057285354,-0.033152305,-0.1309643,-0.042248167,-0.005452373,-0.1525384,-0.20334399,-0.13254118,-0.019290423,-7.922725e-06,0.0,0.03972037,0.007983607,0.0023973673,-0.03465085,0.021147816,-0.03813267,-0.0006665381,-0.058639526,-0.06106539,0.02620095,-0.018584829,-0.01995539,-0.0013653842,-0.016826717,-0.008132368,-0.0021327143,-0.0070999116,0.005047014,0.011021228,-0.011570592,-0.042020604,-5.053689e-07
4963,0.019613136,-0.06506702,-0.026168842,0.0014231262,0.0012523525,0.0051845615,0.0020566043,0.011226686,0.17342466,-0.0007657452,-0.021889817,-0.013623678,0.045389675,-0.023050383,0.023143414,0.08815466,0.07240159,-0.035088837,0.027513413,0.075693995,-0.055242028,-0.017638631,0.031027837,-0.0490266,-0.053779908,-0.0043472666,-0.059119187,-0.03722022,-0.0054256152,-0.13720873,-0.15069945,-0.10419101,-0.019046452,-1.2898648e-05,0.0,0.035502553,0.029103728,-0.010708858,-0.016687721,0.15207137,0.07526466,-0.001269252,0.03268129,0.032110967,-0.029754402,-0.010414426,0.0010996636,-0.001376457,-0.015581738,-0.005536776,-0.0031143073,-0.0063980613,0.0051181377,0.010819781,-0.01178296,-0.031442482,1.3570953e-05
6194,0.034979258,1.7365848e-05,-0.20959145,0.005872697,0.020136097,0.0032949455,0.0027324958,-0.004296342,-0.07811803,-0.0049990546,0.02883914,0.010604268,-0.04252373,0.04626405,0.009390683,0.06517374,0.014179787,-0.03693951,-0.015160345,-0.035087764,0.019620782,0.053695124,0.025217399,0.09674141,0.038226645,-0.00025637,-0.026816467,0.084978275,-0.028762052,0.24668172,0.3731964,0.2698523,0.037695095,-1.2898648e-05,0.0,-0.036021605,-0.01182416,-0.012248502,-0.07169689,0.0013363296,-0.0046933168,0.007887426,-0.038275715,0.060121782,0.06672586,0.015479206,-0.00511437,0.011210007,-0.031557806,-0.006556561,-0.0018708615,-0.007916795,0.004625592,0.0076708565,0.019184697,0.021734873,7.841122e-06
28254,0.12262265,-0.0029951043,-0.20536871,0.00057581725,0.009155835,0.0035095369,0.0018987354,-0.0048747933,-0.081687436,0.008931931,0.0056064716,0.014130226,-0.07226201,0.02749304,0.023486264,-0.028273644,-0.011854803,-0.023676516,-0.016010672,-0.022486163,0.013176541,0.16207868,0.011022584,0.25177053,-0.0008925182,-0.021924134,0.00828846,0.06586418,0.0070431745,-0.14256112,-0.20008002,-0.11141212,-0.027817005,-1.0573772e-05,0.0,-0.03449979,-0.016276147,-0.008615967,-0.022907032,-0.05821209,-0.016400576,0.007616157,-0.046764173,-0.03245046,-0.095516615,0.03264713,-0.01004098,-0.0016210396,-0.03244277,-0.0126661835,0.0055090776,0.014216356,0.004008727,0.008926338,0.015267778,0.030787224,1.4581801e-06
1818,-0.049753863,0.016574284,-0.034205277,0.0012768672,-0.0027142246,0.0050712163,0.006541336,0.010293173,0.23774791,-0.011338762,0.02165613,-0.010715713,0.035131823,-0.0130671365,0.03507762,0.0030436416,0.16321471,-0.016461834,-0.015570253,0.03858731,-0.039630685,-0.028474113,0.0004508868,-0.035774052,-0.059850685,0.0045481063,-0.0015953738,-0.035780523,-0.0044682138,-0.14787601,-0.17801954,-0.10459324,-0.020282207,-1.0573772e-05,0.0,0.058072936,0.05212255,0.04050835,-0.03070581,0.12704721,-0.00846715,-0.0011605306,-0.03971349,0.02784568,-0.00040114502,-0.011424964,0.0007722615,-0.001376457,-0.01761382,-0.0056746644,9.9462326e-05,0.0064385096,0.004923503,0.010421331,0.010799555,0.064743325,1.3570953e-05
14089,0.021051304,-0.007245722,-0.37836218,-0.008777449,0.008107531,0.0033182185,0.0017449562,-0.0021194762,-0.08196154,-0.020928465,0.02664917,0.0012035745,-0.054643206,0.025274081,-0.11011999,-0.024988992,-0.07243297,-0.037216295,0.03167704,-0.024369402,0.023174075,0.07944397,0.029195795,0.13756147,0.015312955,0.020236723,0.0025228427,-0.054123987,-0.031974345,0.17946339,0.30880293,-0.028303796,-0.09143224,-1.0573772e-05,0.0,0.0050554257,-0.008882093,-0.0071731484,-0.056468204,-0.013512754,-0.040657897,-0.0031579994,-0.052912854,-0.05076566,0.03468139,0.029405637,-0.01767734,-0.005922408,-0.023172645,-0.010747671,-0.009348605,-0.011601263,0.0082024755,0.0077456855,-0.014314872,-0.02743823,1.4581801e-06
1580,0.0023437855,0.02227054,-0.06776137,0.0027961212,-0.008902982,-0.00074268674,0.0032122452,0.013128276,0.118557125,0.015349865,-0.03627112,0.0066798157,0.045256417,-0.01656706,-0.079949304,0.07881828,-0.04992837,-0.03531836,-0.015925324,0.025737394,-0.05812524,-0.035812035,0.007339094,-0.06361386,-0.079998575,-0.0072551086,-0.038026992,-0.041916694,0.007242108,-0.1379924,-0.18466285,-0.1313811,-0.022142654,-1.2898648e-05,0.0,0.05250288,0.01669071,0.0075406213,-0.036837474,-0.099473454,-0.03466663,0.003688783,-0.051905427,-0.06328736,0.038151227,-0.018478492,-0.0069278628,-0.0013653842,-0.019833658,-0.009895014,0.00035144057,0.008476843,0.0076098777,0.0086338725,0.015288174,0.010305342,-5.053689e-07
9796,-0.14887667,0.013229998,-0.24949172,-0.00015592051,0.007863846,0.0034696392,0.0023447946,-0.0024042549,-0.10633183,-0.033183876,0.02572414,0.0046764184,-0.0938063,0.022365056,-0.12097025,-0.013275112,0.008877719,-0.032403294,-0.031297576,-0.055776816,-0.094734296,-0.047930695,0.00062012364,-0.035165142,0.0060858387,-0.02722673,-0.005555552,-0.039139006,0.020587474,-0.18060787,-0.2271092,-0.13127653,-0.028411549,-1.0573772e-05,0.0,-0.11364303,-0.02546722,-0.012266021,-0.056294695,-0.043481793,-0.03920765,-0.0011660951,-0.051329266,-0.047993653,0.010939382,0.013722842,-0.0030212612,-0.0013653842,0.05002468,0.020561485,0.00040654145,0.010970939,0.0054620956,0.0036778713,0.013435586,0.052413344,1.4581801e-06
13095,0.11227868,0.0020020832,-0.2168434,0.0069710608,0.0055853836,0.0041502826,-0.0014530092,-0.0019401738,-0.05910916,0.015256369,-0.02580093,0.003261143,-0.06628618,-0.008787167,0.058379285,0.049275864,0.0134443,-0.00036446296,-0.0031786668,0.05595146,0.039750166,0.045687664,0.01299883,0.066344276,0.0018665185,0.014824435,0.0547219,-0.0091197435,0.0095116515,0.21239755,0.29642874,0.0075196666,0.04194209,-1.0573772e-05,0.0,-0.015114632,-0.011720634,-0.042234372,-0.07101259,-0.070534885,0.011425882,0.0012950627,-0.007586654,-0.02817458,-0.06373913,0.02562531,-0.012211919,0.014885308,0.038106523,0.02377825,0.0021434347,-0.0052316594,-0.01791709,0.009441332,0.015284381,0.03945949,-4.2372103e-06
8179,0.064803295,-0.027335513,0.78351456,0.008289157,0.038985346,0.0031932944,0.013789572,-0.0006668491,-0.03836945,-0.009633126,0.017237978,0.008422273,-0.04098701,0.036375172,0.021726837,0.020772913,-0.008060062,-0.015810106,0.0054184687,-0.020463334,0.018747088,0.041817293,0.001643765,-0.017981987,-0.0023316438,0.0572679,-0.021974728,-0.011273852,-0.015128303,0.32372084,0.53053474,0.41116524,0.04675896,-1.0573772e-05,0.0,-0.024291165,-0.0055506644,-0.00015070109,0.1313058,0.06205974,0.0089683095,-0.0010958686,-0.01657141,0.03198011,-0.050793152,0.0076616746,0.00056609616,-0.0011585169,0.016819546,0.0013054524,-0.0021212483,0.007404096,0.006128155,0.009467379,-0.01698763,-0.020941516,0.00033230815
21052,-0.06431394,0.01682263,-0.1432522,-0.017142843,-0.05087863,-0.0065968493,-0.023351183,0.0046835784,-0.09888975,-0.014457157,0.010603159,-0.007083536,0.049580175,-0.022985842,0.030276349,-0.016902419,0.098462164,0.066116534,0.040314935,0.038198527,-0.027963867,-0.036286693,-0.0064286916,-0.083994456,-0.011108661,-0.0113507705,-0.07937764,-0.04411484,-0.009770772,-0.1793814,-0.19496998,-0.11801547,-0.020355152,-7.922725e-06,0.0,0.037142888,-0.030252524,-0.04263711,-0.03451506,-0.07547793,0.060138013,-0.0012664665,-0.048092134,-0.03268982,0.02768135,-0.012838566,-0.005298893,-0.0016210396,0.021081502,0.0202489,0.00043945963,-0.0067342524,-0.027791278,0.010115605,-0.020159729,-0.06509451,-5.053689e-07
25615,-0.11173283,-0.03443861,-0.24931298,0.0030127324,0.010769247,0.0037098476,0.0031767283,-0.0033763018,-0.1508977,-0.05214554,0.0009894758,0.011487186,-0.0751718,0.014780676,-0.07617963,-0.12239207,-0.14115724,-0.06754975,-0.112467945,-0.044380207,-0.08631535,-0.06648423,0.012416188,-0.09857235,-0.111191645,-0.010844714,-0.026000269,-0.052081905,-0.0022540428,-0.1892364,-0.24273057,-0.13686061,-0.030180955,-1.0573772e-05,0.0,-0.08453862,-0.024366887,-0.025439855,0.118808135,-0.06538013,-0.028487025,0.0059739165,-0.023472048,-0.021689149,0.10084068,-0.026309261,-0.031027064,-0.0013653842,-0.016898187,-0.00969643,7.827947e-05,0.013761073,0.0066975816,0.010069007,-0.014593501,-0.016008422,1.9266343e-05
15931,-0.120588526,-0.045096662,-0.16519816,-0.014199456,-0.03800186,-0.00256024,-0.033023007,0.006183504,-0.070281215,0.0036040836,0.0098737795,-0.0069042942,0.1034119,-0.013924741,0.042575113,-0.088034764,-0.05169598,0.068691924,0.03233255,-0.011516494,-0.03198434,-0.030569268,-0.008452012,-0.08144608,-0.13096604,-0.003775277,-0.08232336,-0.037055094,-0.013861688,-0.15735239,-0.21513012,-0.11271667,-0.022826836,-7.922725e-06,0.0,0.04865523,-0.021139331,-0.006542302,-0.031088497,-0.062926546,-0.047513656,-0.0012542782,-0.03832251,-0.07063502,0.03823793,-0.018232262,-0.003203846,-0.0013653842,-0.015517431,-0.010344006,0.00039452058,0.007625826,0.004790586,0.011095103,0.021296965,0.045164637,-5.053689e-07
9924,0.10054565,-0.010728324,-0.19424532,-0.00013398188,0.009317138,0.0034627668,0.0010813989,-0.0023685733,-0.08251189,-0.027688613,0.013054079,-0.0065970384,-0.06476963,0.019637555,0.007544302,0.0148664,-0.021925056,-0.051955633,0.010321884,0.021001559,0.0031351286,0.15365623,0.018011633,0.13185216,0.03117684,0.021118194,0.033415288,0.09985133,-0.0069157053,-0.14010134,-0.17829779,-0.103686325,-0.028080259,-1.0573772e-05,0.0,-0.034663185,-0.021379117,-0.038479034,-0.04618656,-0.029194348,0.0337385,0.0019923195,-0.020399924,-0.03369926,-0.03022437,0.030362321,0.0105238855,-0.001376457,0.023173686,0.012739748,0.0037876184,0.014846414,0.0023459026,0.008033089,-0.013411268,-0.037799522,-4.2372103e-06
24728,-0.22910199,0.018672653,-0.27323413,-0.0023312294,0.004171223,0.0016042603,-0.0017059597,-0.0014278324,-0.024057016,-0.029577103,0.08421543,0.010858431,-0.028488621,0.017580051,-0.119310305,-0.09634817,-0.09455851,-0.047206365,-0.03757957,-0.048364982,-0.04074185,-0.01723447,-0.019369666,0.0008088341,0.007197611,-0.047193225,0.20063068,0.06937148,0.0069504976,0.2707146,0.41894525,-0.019011892,0.044018876,-1.0573772e-05,0.0,0.085461885,0.009147545,-0.008659911,-0.036315657,-0.018723367,0.10445986,0.0014265048,-0.035708148,0.032809585,-0.007729216,0.0050224923,-0.024304867,-0.0038567113,0.047812816,0.013215794,-0.0018708615,-0.009022861,0.004686111,0.009614269,0.007350843,0.054401115,1.4581801e-06
8898,0.093540415,-0.012588903,-0.21050063,0.006674308,0.01171625,0.0066247312,0.0022181713,0.012674386,-0.0770809,0.015964935,-0.015751593,0.005133087,-0.033653077,-0.0374785,0.04483043,0.06412029,0.040382754,-0.091331266,-0.0023542675,-0.06921126,0.05646896,0.06560586,0.017104836,0.06711913,-0.00063434313,0.035488155,-0.053183656,0.1000449,0.041332394,0.1854635,0.29713866,0.072516985,-0.0945886,-1.2898648e-05,0.0,0.007634165,-0.012543191,-0.052156,-0.040239155,-0.10754267,-0.056051463,-0.0024623093,-0.03631078,-0.11251252,0.06196634,0.017954132,-0.013101292,-0.003504333,-0.012836256,-0.013085442,-0.0037596857,-0.011345036,0.0100984145,0.010169799,-0.018357284,-0.04270222,2.1457317e-06
19962,0.072049215,-0.0065465164,-0.35879537,-0.0045106965,0.010157973,0.0038784062,0.0020688951,-0.004136408,-0.068432674,0.005451967,-0.013295994,0.00082002353,-0.03756371,0.008764467,0.025204431,-0.008414515,-0.027278103,-0.059719373,-2.2261991e-05,-0.037638463,-0.022988614,-0.013194112,0.020093331,-0.030194342,-0.00782831,0.07036888,0.0028277466,-0.038729984,0.0062319087,0.2615579,0.40153646,-0.006064579,-0.08635835,7.866365e-05,0.0,-0.03219199,-0.010683427,-5.7801662e-05,0.14664504,-0.10822907,-0.039891362,0.0020075217,-0.043554544,-0.0038876226,0.0014840419,-0.020177202,-0.0049506435,-0.005922408,-0.02800932,-0.009945774,0.0005002587,0.0072161052,0.0042794277,0.010034702,0.013596651,0.0353844,1.3570953e-05
9911,0.12908532,-0.007468845,-0.19963808,-0.0001607146,0.007564009,0.0035136943,0.0015907582,-0.002830652,-0.07866823,-0.025575144,0.021864023,-0.023049857,-0.062455516,0.02092721,0.011574132,-0.03775098,0.003285944,-0.028765982,-0.018198915,-0.029232385,0.048253667,0.14864168,0.017926842,0.07360451,0.03382407,0.024772896,0.027769871,0.11698839,0.028134229,-0.14116316,-0.1955614,-0.109432645,-0.02826996,-1.0573772e-05,0.0,-0.044045873,-0.02138268,-0.024639158,-0.061663337,-0.030463563,-0.0145694995,0.0023324306,-0.029321348,-0.033756606,-0.026619935,0.026475295,0.012864073,-0.001376457,0.038875252,0.010286481,0.0022987358,0.015734898,0.0036699045,0.007942358,-0.013368432,-0.041626226,1.4581801e-06
3116,-0.023580426,0.037023842,-0.20087908,0.003880509,-0.011256689,0.0022398192,0.006799685,0.0063186646,-0.000855681,0.005251877,0.0013051521,0.0012723154,0.027403105,-0.014707222,0.079797596,-0.0072017154,-0.20170888,0.099302374,-0.0138665205,-0.012362748,-0.048078913,0.008803918,0.011951234,-0.06151585,-0.07796659,-0.057154067,-0.054510668,0.085857846,-0.023210734,0.28895557,0.3726795,0.15207796,-0.060878154,-7.922725e-06,0.0,0.04554569,0.0010597982,-0.019340267,-0.052994747,0.05525208,-0.014277977,-0.012663206,-0.035780422,0.014233505,0.045741655,-0.020285392,0.0042336965,-0.003504333,0.032612238,0.014106014,6.274204e-05,0.0072323796,0.01264348,0.011734075,0.011703228,0.053215507,1.3570953e-05
28070,-0.07351103,-0.0048089516,-0.22723877,0.003117242,0.009919867,0.003152575,0.0025255817,-0.00428388,-0.10291184,-0.039267726,0.03143394,0.01121524,-0.0840548,-0.047190577,-0.08806806,-0.08576478,-0.091239385,-0.06185005,-0.12294252,-0.03026779,0.019045627,0.016702496,0.0064412565,-0.0394484,0.009153993,0.00025354855,-0.0453454,-0.02363655,-0.026276905,-0.17688344,-0.20902698,-0.11243876,-0.032023624,-1.0573772e-05,0.0,-0.09288357,-0.011320332,-0.0035380758,-0.010969445,-0.000185184,-0.11262349,-0.0023688097,-0.015664615,-0.14242658,0.13554819,0.0080818795,-0.012953741,-0.0013653842,-0.03630357,-0.017609369,0.00040654145,0.010749866,0.011568845,0.008972321,0.018373832,0.0446512,1.9266343e-05
22029,-0.11204842,-0.04247624,-0.25348952,0.0022028938,0.008328192,0.0018786343,0.001855254,-0.0054106438,-0.1284286,-0.081960425,0.00686194,0.019982923,-0.05993002,-0.005756954,-0.16099083,-0.61180747,-0.064101964,-0.053408775,-0.040245228,-0.0572022,-0.03026858,-0.033681262,0.014633395,-0.041245505,0.005277902,0.0032956486,-0.06553444,-0.07601901,-0.025381448,-0.17228498,-0.21916807,-0.11905745,-0.032465074,-1.0573772e-05,0.0,-0.07906114,-0.018857516,-0.033004038,-0.063301176,-0.086636424,-0.20584945,0.0058740843,-0.03155622,0.14376734,0.014024081,0.0018651721,-0.014712035,-0.0013653842,-0.008147919,-0.007991698,-0.0016890957,-0.01372113,0.0076856795,0.0078064515,-0.019887473,-0.041478027,5.1900215e-06
15549,-0.16525967,0.006333628,-0.22159147,-0.02417179,-0.08768373,-0.011666262,-0.031920593,-0.03627774,-0.07568449,-0.009813108,0.0101812,-0.027674627,0.031533033,0.015381871,0.0001652604,-0.081929505,-0.16490923,-0.05370294,-0.008564027,-0.05070678,-0.0562061,-0.12428275,-0.016385464,-0.07830127,-0.09642678,-0.05467864,-0.11784027,-0.17268653,-0.034241,-0.16412929,-0.20160994,-0.11924302,-0.024764653,-1.0573772e-05,0.0,0.06294095,-0.007022714,0.034512915,-0.0630799,0.06722891,-0.08904795,0.0014221047,-0.06577081,0.01957083,-0.040137913,-0.019248046,-0.03353262,-0.0016210396,0.018067734,0.01150446,0.00019714907,0.011240131,0.0052615944,0.010432258,-0.013626865,-0.046965476,1.3570953e-05
17673,-0.07135187,0.034135427,-0.24155977,-4.6955232e-05,0.006447183,0.0032963008,0.0022732553,-0.0002754149,-0.11204823,-0.029331658,0.024185037,-0.0003058114,-0.11141354,0.015372132,-0.069948815,-0.02509132,0.002944714,-0.04551612,0.005606368,-0.047663294,0.0017909824,-0.055613957,0.017929481,-0.011783668,-0.093581475,-0.026556369,0.16373657,0.07537554,-0.012260353,-0.18551318,-0.2422702,-0.14469562,-0.028786978,-1.0573772e-05,0.0,-0.0428197,-0.026415894,-0.013091522,-0.048613716,-0.062064234,-0.037950892,0.018890042,-0.069337524,-0.050940566,-0.13265628,0.0095850425,0.0136680715,-0.0016210396,-0.038380373,-0.0057164095,-0.003920404,-0.0103340475,0.007947953,0.009476278,0.010578297,0.02241484,5.1900215e-06
13005,-0.100773856,0.004032196,-0.18983582,-0.019032093,-0.05655322,-0.012032076,-0.030225748,0.014315212,0.124987446,-0.0019467644,-0.050707866,-0.010611669,0.05572374,-0.02328314,0.041253973,0.08393301,0.15528226,0.06726198,0.055655748,0.06770361,-0.03318572,-0.047032297,0.008120276,-0.032351352,-0.04606318,-0.03134459,0.05512758,-0.029118108,-0.022594769,-0.14846598,-0.17562002,-0.11119899,-0.021289177,-1.1933477e-05,0.0,0.045150068,0.014399005,-0.02969794,-0.034910418,0.12819262,0.069770075,-0.0022478746,0.0069211344,0.039713737,-0.014836287,-0.010148759,0.013996456,-0.001376457,-0.018249117,-0.008144841,-0.0031891554,-0.004720236,0.0049033226,0.0107506355,0.006395431,0.020018777,1.3570953e-05
8558,-0.1478212,-0.03486605,-0.11438062,0.0052854465,-0.014579999,0.00010976949,0.003290224,0.005496537,-0.10811466,0.0009586086,-0.013885478,-0.01044235,0.036480814,0.009657503,-0.08542209,-0.2979409,0.09467839,0.023869645,-0.03818448,-0.019915085,-0.025376966,0.017726125,-0.0023387214,-0.057438757,0.014098743,0.004184066,-0.07478527,-0.1371035,0.006197931,-0.1580331,-0.21148811,-0.103422016,-0.023232369,-1.0573772e-05,0.0,-0.005463081,-0.042359196,-0.0077141025,-0.043364488,-0.07544962,-0.08589193,0.0054391334,-0.0012603374,0.04249011,0.07445987,-0.018286882,0.036913015,-0.0013653842,0.010212347,-0.015753431,-0.0027198335,-0.0142589025,0.00822959,0.0095963385,-0.028823288,-0.069238596,1.3570953e-05
29994,0.0038786002,0.03129647,-0.1646528,0.0022587588,-0.0037439992,0.004510311,0.004538105,-0.021054918,0.10509264,-0.021690669,0.04468942,0.0026542195,-0.11182785,0.03952206,0.021909649,-0.527727,0.0040311245,-0.023945788,-0.011136927,0.03659039,-0.036658876,0.07477253,0.029459214,-0.10240772,0.041985206,-0.14122415,-0.03320503,-0.05413912,0.042142477,-0.13671741,-0.21440727,-0.10616644,-0.0255184,-1.0573772e-05,0.0,-0.058617886,0.013977416,-0.046909045,0.011576777,-0.040649135,-0.11976436,0.021234607,-0.040240325,0.011838598,0.05140487,-0.027308956,-0.0043253154,-0.0013653842,0.045063976,0.006216484,-0.003444386,-0.013862721,0.009570626,0.008154585,-0.017569948,-0.08004326,7.677931e-06
9679,-0.026330376,-0.018082634,-0.22093847,0.00038764023,0.0075067887,0.0033383402,0.0018081067,-0.0052368203,-0.102385096,-0.019523842,0.022324603,0.012881821,-0.057602447,0.039339688,-0.052237015,0.014689489,0.004300005,-0.027724894,-0.00088327716,-0.038461708,0.049755104,0.16051325,0.01796399,0.21769243,-0.014213397,-0.012567789,0.0073428187,-0.046497766,-0.02406697,-0.14476785,-0.2133166,-0.12403398,-0.02719736,-1.0573772e-05,0.0,-0.056045964,-0.021100037,-0.028294371,-0.03789917,-0.059058968,-0.02931024,0.0036519417,-0.04491378,-0.0055896402,0.013673806,0.033959188,-0.008506174,-0.0016210396,-0.019999718,-0.006789717,0.0019989705,0.016956925,0.0074449624,0.0068459455,-0.013617872,-0.01160183,5.1900215e-06
13092,-0.225865,0.042147636,-0.19796726,0.004274071,-0.014737732,0.002688858,0.005432604,0.010733748,0.13103618,-0.024633776,0.015486608,-0.013981732,0.06421512,-0.018977836,0.047328275,-0.04692467,0.030178221,0.0542329,0.03259675,0.051375613,-0.08882515,0.00029735616,-0.008466612,-0.0430336,-0.0530371,-0.045540273,-0.04436416,0.074924536,-0.036327194,0.19447438,0.27435374,-0.049637932,-0.035778653,-7.922725e-06,0.0,0.012195004,0.019431697,0.023784852,-0.0446426,0.10141958,0.07994525,-0.002285954,-0.0028797798,-0.013556433,-0.007820471,-0.013651518,0.0046627866,-0.0037705677,0.02950535,0.011329741,-0.0010723134,-0.0043263864,0.0054199407,0.010410713,0.005878422,0.06043331,-5.053689e-07
16343,-0.06544297,0.011284187,-0.22748348,-0.00017955602,0.0012155166,0.0044699274,0.0030678867,-0.0031536445,-0.11326219,-0.030236788,0.024335092,-0.024409814,-0.095198214,0.01236524,-0.035105456,-0.13710342,-0.041704174,-0.06786238,-0.057185885,-0.038056813,0.028473007,0.015012503,0.015796682,0.013349732,-0.08382011,-0.05420456,0.105743155,0.1109546,-0.005913731,-0.1860924,-0.23666532,-0.14118236,-0.029670404,-1.0573772e-05,0.0,-0.06268451,-0.017740982,-0.0019919188,-0.05655159,-0.06960676,-0.040592406,0.003382342,-0.06728517,-0.010390612,-0.07896076,0.027162913,0.0101016145,-0.0016210396,-0.036122393,-0.008543417,-0.0021554916,-0.010413687,0.0071698665,0.009493823,0.015350144,0.02191341,5.1900215e-06
14081,0.09502603,-0.04138522,-0.22711346,0.004426455,-0.010188761,0.0028076773,-0.0008904051,0.009496396,0.10392753,-0.007209941,-0.030389708,-0.018195821,0.07863921,-0.023943262,0.049167126,0.053084314,0.047758926,-0.017357958,0.022513898,0.023503194,-0.049783695,0.031131092,0.0011486765,-0.029139904,-0.0060024583,-0.025736589,-0.07484098,0.09135234,-0.003980742,0.17338099,0.26122454,-0.025729425,0.010934033,-1.2898648e-05,0.0,-0.0045974413,0.0055048456,0.042327795,-0.024596948,0.09295964,0.07039275,-0.002200123,0.021001272,0.05427452,-0.023181528,-0.010613943,0.012227055,-0.0037705677,0.01795618,0.01255315,0.001813979,0.0068608634,0.01089197,0.010856321,-0.015523268,-0.040597726,1.3570953e-05
18070,0.0062271217,-0.045195583,-0.36098653,-0.005277939,0.0027701263,0.0035105008,0.0073418794,-0.0027123021,-0.044553548,-0.010293688,0.032459453,-0.006277428,-0.061513636,0.015702685,-0.11012861,-0.11424015,-0.07356755,0.049496178,-0.039986435,-0.022820944,0.032184567,0.0860963,0.016900497,0.13795511,0.008874773,-0.01946353,-0.014363687,0.1039015,-0.020240113,0.1830002,0.3032229,-0.046408076,-0.08757084,-7.922725e-06,0.0,-0.003987219,-0.008157978,0.0010259275,-0.067148834,-0.019439638,0.021267818,-0.0006098376,-0.033750217,-0.025753368,0.08550153,0.03173236,-0.0031797169,-0.005922408,0.0413893,0.018866975,0.0018758364,0.00891414,0.0053209085,0.010285428,0.014374486,0.059705887,5.1900215e-06
14674,0.017302586,-0.07054169,-0.156266,-0.002576315,-0.01063245,-0.00033920514,0.003863632,-0.022867026,0.101419486,-0.010839414,-0.07212596,-0.013174845,-0.05578601,-0.002761211,0.04251222,0.06258616,-0.1828483,-0.0251562,0.07880573,-0.08044787,-0.034813408,0.025981806,-0.009425698,-0.0390822,0.0061173476,0.025873063,-0.06959089,-0.05163728,0.010869654,0.19539815,0.33313626,-0.0515749,-0.05762776,-1.2898648e-05,0.0,0.0372488,0.003222224,-0.014049664,0.17144284,-0.049331684,-0.029261027,-0.00038547986,-0.05037397,0.046650235,0.05731362,-0.015068715,0.00644286,-0.005922408,-0.017402014,-0.010009566,-0.0014661965,-0.008706722,0.004217043,0.010806793,-0.019549308,-0.030410144,1.3570953e-05
17928,0.17336181,0.035298657,-0.3123719,-0.002160951,0.02665284,0.015177765,-0.00028664508,-0.0069959965,0.06901576,0.015224918,-0.0019571658,-0.007080272,-0.03830599,-0.008681506,0.04462989,0.0836561,-0.03308113,0.057341013,0.031706028,0.058699332,-0.005170192,0.12919809,0.019273838,0.024476876,0.045609135,0.07228709,0.049337078,-0.011922094,0.003983774,0.1832504,0.25257447,-0.043594476,-0.070882805,-1.1933477e-05,0.0,0.024162607,0.0072172727,-0.0016443562,0.032815,0.12658232,0.061316356,0.0037250381,-0.0026685148,-0.06221186,-0.012569611,0.009931878,0.18847111,-0.005836264,0.04835288,0.016380137,0.0005647754,0.003898694,0.0049285223,0.0060553937,0.013578907,0.040803265,-5.053689e-07
13030,0.12790026,-0.063959904,-0.059010834,0.0013279225,0.005333133,0.007122706,0.00055551965,0.0054220823,0.11670119,-0.032721374,-0.035561673,-0.018691637,0.062336355,-0.02109638,0.03790791,0.07262342,0.08296623,0.0048050783,0.033899635,0.07623115,-0.05914368,0.028953861,0.006391878,-0.031044943,-0.053664543,0.00531315,-0.1093157,-0.026726915,-0.01071582,-0.13564944,-0.15457794,-0.100505896,-0.022860177,-1.2898648e-05,0.0,-0.00333956,0.040003728,0.0249561,-0.0033802283,0.1033992,0.061193757,-0.0014973062,0.053764682,0.055884346,-0.041632388,-0.010485779,0.008719458,-0.001376457,0.024298068,0.014025872,0.0010138279,0.0042772177,0.0045735054,0.010292443,0.019257247,0.04139975,1.3570953e-05
26409,-0.10476488,0.00092352775,-0.08841825,0.0034648383,0.004644733,0.004770283,-0.039335623,0.0004938587,0.12582701,0.0251107,-0.03456585,-0.01631089,0.069444135,-0.020893726,0.044587985,0.081609465,0.15467851,0.06873445,0.03605401,0.056658983,-0.037110712,-0.063672476,0.00042387564,-0.03913528,-0.030244332,-0.015749417,-0.07889382,-0.032372266,-0.001717079,-0.14676456,-0.17653555,-0.11522866,-0.01845675,-1.1933477e-05,0.0,0.07165196,0.016736684,-0.004806224,-0.032427896,0.1554774,0.09519212,0.0039273193,-0.04268208,-0.075208455,-0.01670248,-0.010555445,-0.035659634,-0.001376457,-0.011142126,-0.0062015587,0.00011789006,0.008036078,0.007048779,0.009783347,-0.0077821533,-0.02373872,-5.053689e-07
12187,0.1152193,0.013951431,-0.2058621,-0.00022560364,0.007435724,0.003370419,0.0019664518,-0.0023276245,-0.09639253,-0.003268983,0.003253105,0.004946706,-0.058349617,0.012168621,0.029291758,0.09660246,-0.025167426,-0.02999742,-0.010881707,-0.025954986,0.018686825,0.15449482,0.017776042,0.15692014,0.0201745,-0.023879476,0.02108896,-0.033620242,0.032422822,-0.12815405,-0.1858374,-0.109276354,-0.027877238,-1.0573772e-05,0.0,-0.040420987,-0.021061106,-0.018012166,-0.074261196,-0.070702404,-0.017972296,0.007938186,-0.042931598,-0.022841686,0.011901212,0.03623072,-0.007394656,-0.0016210396,0.030333042,0.012739748,0.0022987358,0.016680086,0.004248839,0.0071874433,-0.013675584,-0.036367908,-4.2372103e-06
9246,0.006779334,-0.012581178,-0.1747771,0.0016221863,-0.009582936,-0.0011191004,-0.00037868577,0.011798425,0.0048454953,0.016140915,0.0052623735,-0.0160931,-0.006547585,-0.055122603,0.037106976,-0.028212862,-0.18114032,-0.010179449,0.0036321816,0.046209082,-0.06674575,-0.023779139,-0.062683985,-0.06054891,-0.04342366,-0.01193345,-0.08824456,-0.051712677,-0.05440314,-0.1708285,-0.20746449,-0.11707766,-0.022186514,-1.0573772e-05,0.0,0.06683278,-0.0011992883,-0.021070762,-0.039875664,-0.017826408,-0.040284812,-0.00014506426,-0.04264367,-0.07680397,0.034081798,-0.017746078,-0.031102896,-0.0013653842,-0.017030634,-0.009440096,0.00034202664,0.007323116,0.010066657,0.012247578,-0.021063698,-0.043773197,-5.053689e-07
12979,0.037218653,0.017589444,-0.3246323,-0.004737987,0.022547195,0.0067895795,0.0016163992,0.0066821896,-0.021049052,0.01635144,-0.0055237585,0.0106182,0.032246478,-0.012275503,-0.0026786183,0.06322656,0.1149363,0.050340213,-0.0026738585,0.05719739,-0.047042403,-0.01227442,0.013355403,-0.041691758,0.014660368,-0.033839542,-0.04614945,-0.033203337,-0.024668112,0.23745146,0.328395,-0.040526215,-0.05320864,-1.1933477e-05,0.0,0.028361183,-0.007159911,-0.011004122,-0.042897634,-0.090743616,0.018058287,0.004678485,-0.025417594,-0.00639955,0.012674157,-0.011668277,-0.01723523,-0.0075340164,0.03309539,0.01576638,0.00021889256,0.003706388,0.009108571,0.010467391,0.014998456,0.044691574,-5.053689e-07
28630,0.027635757,0.0012795602,-0.2218605,-0.0017021773,0.0067674895,0.001662785,0.0026758038,0.010089161,0.028222887,-0.031111633,0.070627764,0.04359232,0.09229064,0.060672186,-0.08125069,-0.3901248,-0.12932768,0.0565578,-0.02588202,-0.18695565,0.05811445,0.093594156,0.015881367,-0.0041537313,0.1764471,-0.011707816,0.114260815,-0.061038133,-0.0628545,-0.1504622,-0.18159533,-0.10938969,-0.033668894,-1.0573772e-05,0.0,-0.0030065738,-0.011379423,-0.033303745,-0.16643164,-0.033781916,-0.06780616,0.009539645,-0.006805092,-0.12083443,0.1571815,0.006146271,-0.09009244,-0.0013653842,-0.015587711,-0.01625994,0.0025019855,0.021395804,0.00089718396,0.006156054,0.037640065,0.042181373,1.9266343e-05
16495,0.0721074,0.00976817,-0.077498466,0.0038420667,-0.005549538,-0.0052506207,0.006832595,-0.016754605,0.119468175,-0.0060114884,0.01882445,0.0068316762,0.07358752,-0.003974029,-0.08460032,-0.31390202,-0.09070532,0.092620276,-0.09167173,0.107859075,-0.058976527,0.0043191276,0.053226106,-0.046629757,0.017291266,-0.015196656,-0.021500327,-0.032477815,0.03058624,-0.13278647,-0.17758857,-0.086445525,-0.0233563,-7.922725e-06,0.0,-0.0045306194,0.042262673,-0.028003152,0.046706405,-0.09061875,-0.16227154,0.010838729,-0.019971224,0.13906673,0.056614406,-0.013441179,0.11226403,-0.0013653842,-0.021637134,0.00021102728,0.002334661,-0.005745755,-0.06310509,0.0068653575,0.021889545,0.07339328,-5.053689e-07
24011,-0.018109221,-0.013489829,-0.20487215,-0.00063177716,0.0011399884,0.0034669605,0.0011707938,-0.0029364424,-0.093401164,-0.015633931,0.02258643,0.0156046795,-0.057895046,0.024134155,-0.0093077775,-0.021891173,-0.0032903787,-0.035288405,-0.00968062,-0.031871524,0.04610683,0.15711999,0.017401772,0.21933228,0.046166044,0.030044254,0.07200241,0.10067021,0.008858978,-0.13560632,-0.17965347,-0.119816706,-0.028274177,-1.0573772e-05,0.0,-0.034044195,-0.021399263,-0.030341623,-0.04053437,-0.012571151,-0.018576743,0.0038549672,-0.050191008,-0.05075426,-0.00474748,0.035801504,0.0066623483,-0.0016210396,0.030627137,0.012293611,0.0019989705,0.017004477,0.0022128553,0.0070559997,-0.013315112,-0.04530581,1.4581801e-06
24245,-0.16618857,-0.025075074,-0.23142684,0.0016745745,0.008395867,0.00010803655,0.0004890686,-0.00020658766,-0.1122183,-0.058785066,0.053664,0.027395625,-0.066340104,0.012419041,-0.12794822,-0.11679026,-0.073773555,0.12585731,-0.029981071,-0.044272006,-0.11400858,-0.096487924,-0.048682354,-0.08868087,0.032364808,0.019188477,-0.06208174,-0.01986401,-0.012513836,-0.1670463,-0.23716182,-0.1278617,-0.02669131,-1.0573772e-05,0.0,-0.06571379,-0.021880807,-0.018012272,-0.02579515,-0.06777246,-0.08072543,0.00093184866,-0.025332436,-0.010195471,0.028648466,-0.027076367,-0.019355912,-0.0013653842,0.016766328,0.017658733,-0.0030125328,-0.013300359,0.00943689,0.0062842504,-0.007507453,-0.06715267,-4.2372103e-06
6738,-0.20260051,0.08673395,-0.061803844,0.0018388478,0.0018635383,-0.015213407,0.020127088,0.009532679,0.17706782,0.016477164,-0.05529656,-0.020684646,0.054701485,-0.0032448596,-0.01628309,0.057568006,0.1537543,0.0059308712,0.033877086,0.056487273,-0.070090204,-0.039399844,0.0035895272,-0.048148263,-0.040832117,-0.041780096,-0.10382171,-0.033534203,0.0017261445,0.15516542,-0.07694498,-0.16388857,0.025809761,-1.1933477e-05,0.0,0.032334346,0.051275104,-0.00061507255,-0.052761406,0.08335278,0.072292686,0.0032105953,-0.06802268,-0.089559376,0.023702186,-0.019985303,-0.024853172,-0.0033272319,0.015720045,0.0100180935,-0.0013787262,-0.006716098,0.0056832274,0.0101628825,-0.0069631613,-0.033162493,-5.053689e-07
1078,-0.15067223,0.027517097,-0.16634996,-0.0017974519,-0.00499942,0.0005715052,0.0021545067,-0.0010066112,-0.10924621,-0.07315778,0.008737741,-0.01281707,-0.06916839,0.022079881,-0.26638937,-0.1466866,-0.12062055,0.01034995,-0.060481936,-0.080935836,-0.12208115,-0.08030036,-0.02335541,-0.0870226,-0.0026747081,0.020613281,-0.09953627,-0.08336792,-0.025994219,-0.15762289,-0.20239586,-0.102242805,-0.030560294,-1.0573772e-05,0.0,-0.11664174,-0.018840877,-0.037027285,-0.14148515,-0.11742535,-0.17777783,-0.019333664,-0.032327004,0.0650032,0.040450078,-0.036854625,-0.007155225,-0.0013653842,-0.0025405942,0.015348061,-0.0018554416,-0.013795285,0.009838487,0.005730848,-0.03085777,-0.076398335,-0.0020998314
14622,-0.1683873,-0.046656355,-0.14453706,0.0031408193,-0.01579313,-0.0011624324,-0.02069241,0.0035120458,-0.12611763,-0.038306277,0.009015488,-0.02889792,-0.024595046,-0.026880877,-0.20493135,-0.3974722,0.006969447,-0.046444647,-0.049025223,-0.024166977,-0.06855611,-0.039745357,-0.019425374,-0.115492344,-0.029623915,0.030116051,-0.042869627,-0.08051548,-0.014064527,-0.15833384,-0.19951314,-0.09150565,-0.030221123,-1.0573772e-05,0.0,-0.08701031,-0.020177495,-0.040895704,-0.17324632,-0.05054403,-0.18950993,-0.014078425,-0.021282563,-0.008067017,0.04645391,-0.044290762,0.004675196,-0.0013653842,0.012583521,0.0014922846,-0.00042115024,-0.012025993,0.006833853,0.008671462,-0.025399841,-0.06245298,-0.0020998314
508,-0.07368206,-0.016913662,-0.3872326,-0.006160852,0.007399085,0.003472045,0.0025502238,-0.0017381739,-0.10576021,-0.023532663,-0.0028904132,0.0038568003,-0.071826756,0.037289705,0.0590062,0.0151207065,-0.045441765,-0.02086312,0.041599844,-0.022992289,-0.10858453,-0.025869697,0.014352202,-0.06429733,-0.070388585,-0.03364976,-0.06001351,-0.02986178,-0.015880698,0.25840235,0.40170744,-0.026183797,-0.08960704,-1.0573772e-05,0.0,-0.042396042,-0.017939217,-0.013341162,-0.046715274,-0.05596269,-0.028799271,0.012478757,-0.009290833,-0.05257643,-0.04928795,-0.036628533,-0.02179074,-0.005836264,-0.01882863,-0.0022648214,4.4923887e-05,0.010017315,0.004558527,0.010750155,-0.009011499,-0.013289365,-5.053689e-07
29843,-0.14659886,0.06780821,-0.13697481,0.005871044,-0.0055242744,0.0010199607,-0.008070698,0.0021861007,-0.11751465,-0.026966259,0.021462522,0.044192802,-0.018768685,-0.0033830155,-0.21298751,-0.06318547,-0.15522541,-0.06195801,-0.08110891,-0.058038957,-0.06003368,-0.06473492,0.01362755,-0.1009817,-0.014172241,-0.0034450085,-0.06368272,-0.1491959,-0.03298741,-0.14861223,-0.20840022,-0.09653871,-0.026577076,-1.0573772e-05,0.0,-0.07283891,-0.0231958,-0.051614694,0.10759721,-0.019419082,-0.16786167,-0.009609839,-0.04778997,-0.007314967,0.05858107,-0.041716706,-0.028672582,-0.0013653842,0.023896491,9.511947e-06,0.009523299,-0.011459768,0.0023662832,0.008544921,0.033966985,0.091452196,1.9266343e-05
29073,-0.052064724,0.14736387,-0.15535733,-0.0016253362,0.00036997872,0.0016620501,0.0021276167,-0.0016386831,-0.07775698,0.024958575,0.036701012,0.13173458,0.008416469,-0.011895978,-0.03800407,-0.038166124,0.09826954,-0.06605788,0.027702274,0.047373474,0.0047019473,0.17076461,0.070431456,0.2101264,0.0399499,0.051866274,0.21434958,0.118471466,0.0015698397,-0.10903508,-0.1866708,-0.1305018,-0.0225638,-1.0573772e-05,0.0,-0.011723743,-0.008328521,-0.010188315,0.12357672,-0.022456883,-0.013957679,0.0039344835,-0.038668193,-0.007243024,0.041790474,0.03879311,0.034362923,-0.0013653842,-0.024548693,-0.0251037,0.00034202664,-0.010974744,0.00465566,-0.29586133,-0.012482352,-0.019253174,1.4581801e-06
12280,-0.0049387235,-0.046006262,-0.06763065,0.0010719853,-0.0055257166,-0.00078957545,0.0031313691,0.01795909,0.16000418,-0.008870933,-0.027188448,-0.0025547156,0.024333928,-0.023433903,0.05155451,0.0679718,-0.028547006,-0.055052754,0.06307115,-0.07205111,-0.037944604,0.0018422989,-0.019606031,-0.038248166,-0.0004731554,-0.083534054,-0.045733858,-0.042285074,0.0075472216,-0.13903277,-0.19242226,-0.12819815,-0.020242497,-1.2898648e-05,0.0,0.042788096,0.041261245,-0.02289088,-0.036432356,-0.0031555914,-0.028421026,-0.0013596212,-0.07724213,0.08692701,0.06086808,-0.01724713,0.0069900993,-0.0013653842,-0.019445851,-0.009878477,0.0003666789,0.007321559,0.0048101456,0.009953851,0.023484133,0.033258624,1.3570953e-05
15891,0.065491386,-0.016869443,0.82428706,0.0023544622,0.018351505,0.003398785,-0.0011359438,0.004284236,-0.026757939,0.0014617814,-0.019026106,0.0066491803,-0.026079314,-0.027129965,0.03211809,0.059068903,-0.033859205,-0.0005254632,0.019131277,0.05348769,0.021597702,0.027257932,0.033503044,0.042170394,0.008609827,-0.010606214,-0.097917646,0.087754354,0.004379076,0.23219249,0.41251677,0.17067267,0.03390419,-7.922725e-06,0.0,-0.012914702,-0.009745345,-0.03103578,-0.10406215,-0.041020624,0.031187447,-0.00045315843,0.00978352,0.023621414,-0.052550647,0.008987298,0.0060774637,0.0071029044,-0.011201171,-0.0045847236,0.001427724,-0.00757203,0.007796681,0.012041934,-0.018483184,-0.031531826,2.2955937e-05
3611,-0.034691095,-0.033102952,-0.23850875,0.00040070037,0.010477955,0.0032771656,0.0016514128,-0.0020065808,-0.08918364,-0.06074138,0.04574675,0.00899975,-0.010014128,-0.0031872625,-0.08684631,-0.15537122,-0.08611377,-0.04538278,-0.03938109,-0.06000006,0.06819436,0.18441896,0.015005795,0.170856,0.015623407,-0.006672175,-0.0516399,0.097877234,-0.015328893,-0.1386115,-0.1887117,-0.13619228,-0.030085228,-1.0573772e-05,0.0,0.07445443,-0.011449493,-0.0037967525,-0.029558722,0.0060563963,0.08056111,0.011178004,-0.032844294,0.009175285,0.0030238593,0.043301083,-0.014463525,-0.0013653842,-0.025590828,-0.017510291,-0.0025534877,-0.017047228,0.0037707977,0.008513365,-0.015381842,-0.032787178,1.4581801e-06
28490,0.0118655,-0.0004589246,-0.22974858,0.00040637283,0.010917145,0.004268108,0.0022744918,-0.0030737133,-0.12547679,0.004982281,-0.0067957616,-0.0016069396,-0.04473673,0.02015975,0.06798448,0.04143506,-0.06115208,-0.022904683,-0.012113063,-0.019630378,-0.09301068,-0.031797413,0.013959481,-0.053852342,-0.10529926,0.00305241,0.023074543,-0.026066288,-0.02170441,-0.19524884,-0.22869806,-0.13805616,-0.0263572,-1.0573772e-05,0.0,-0.042505182,-0.023557225,-0.024775732,0.15766957,0.12090316,0.024355669,0.006481855,-0.034849204,-0.036980588,-0.050740235,-0.021196457,-0.019454192,-0.001376457,-0.027386788,-0.010032538,0.0005081531,0.008090363,0.0040594973,0.00896322,0.011081612,0.030932726,-5.053689e-07
2841,-0.02665324,0.016120026,-0.08061924,0.0009148721,0.0128964195,0.012069411,0.0039597517,-0.0012115352,0.18718174,0.03308978,-0.0062405164,0.022391452,0.0458073,0.03495744,0.05508702,-0.03919089,0.04234863,0.007411242,-0.02152137,0.009918732,-0.060146242,-0.015925424,-0.029981773,-0.060835544,-0.02193932,-0.03370678,-0.034197185,0.07993809,-0.03501392,-0.1438356,-0.19868161,-0.09482389,-0.029048575,-1.0573772e-05,0.0,-0.05960847,0.032975014,-0.07946369,0.07738441,-0.05940377,-0.12419698,0.009359698,-0.026357066,-0.1151661,0.09579035,-0.023681086,-0.0071833953,-0.0013653842,-0.027554331,-0.00718706,0.00057200296,0.010488173,0.008172672,0.01046519,-0.02622895,-0.051154725,1.3570953e-05
18672,0.111521125,-0.14299808,-0.2305583,-0.024272414,-0.060560416,-0.012785491,-0.021857642,0.0005201296,0.13157177,-0.012749146,-0.02839178,-0.015974306,0.09234401,-0.02410204,0.05417211,0.07835708,0.1318343,0.055414107,0.049041264,0.0714616,-0.1385504,-0.01561784,0.0006821966,-0.052026384,-0.030535158,-0.0003169862,0.04020087,-0.026780881,-0.02427537,-0.114459306,-0.14555286,-0.08686087,-0.019478848,-1.1933477e-05,0.0,-0.013172211,0.030976748,0.061909247,-0.010289263,0.25074074,0.10497287,-0.0023914147,0.04475846,0.041180577,-0.0029864837,-0.012394916,0.022294397,-0.001376457,-0.01864343,-0.007905119,0.0009626772,-0.003744346,-0.024115607,0.010684644,0.017797586,0.030284679,1.3570953e-05
28078,-0.079425916,0.05144131,-0.03223642,0.0015566763,-0.005135954,-0.00022630114,0.006672879,0.013070637,0.25086892,0.009688106,-0.026528204,-0.005220003,0.042277686,-0.023868436,0.022380676,0.099717304,-0.09078485,-0.023411974,-0.005347808,-0.03683303,-0.074535504,-0.018262096,0.009327554,-0.040106375,-0.06261454,-0.0031131785,-0.06414401,-0.03552401,0.008848457,-0.13714546,-0.16733488,-0.111801855,-0.025896048,-1.2898648e-05,0.0,0.051935785,0.058745768,-0.046102047,-0.019870035,0.0961381,0.041218314,-0.0012435426,0.047023535,0.02691984,-0.03726555,-0.019569518,-0.0011359367,-0.001376457,-0.014092645,-0.0057361987,-0.0031143073,-0.007411419,0.0045278626,0.010343902,-0.01153387,-0.024166834,1.3570953e-05
4680,-0.0005630373,0.013750439,0.96218824,0.0022954915,0.0107932305,0.0035240643,0.007468574,-0.0012155784,-0.04224863,-0.009135844,0.009985973,0.015145299,-0.07710102,0.028226992,0.01911633,0.014149692,-0.04997401,-0.018540267,-0.0034007288,-0.026166815,0.03694844,0.017166967,0.021932565,0.030345256,0.021918688,-0.020852841,0.040295687,0.09117658,0.015308479,0.2843276,0.5078011,0.23399669,0.04345104,-1.0573772e-05,0.0,-0.021347143,-0.008238953,-0.018097004,-0.05901576,0.013976731,-0.012900216,0.0030483021,-0.036212448,-0.012009325,0.014623922,0.008964296,0.017537799,0.018748747,0.017983504,0.0048553823,-0.0038914972,-0.009917541,-0.038296428,0.011482852,-0.016931225,-0.032861017,2.8651328e-05
28886,-0.124822415,0.018682742,-0.17003325,-0.012429751,-0.049013387,-0.018925913,-0.028602106,5.951291e-05,0.17759076,-0.004349923,-0.05772023,-0.011419801,0.04582285,-0.022886906,0.04158218,0.07708931,0.13575871,0.06334329,0.043804206,0.06828334,-0.09654618,-0.062167067,0.0060504973,-0.050049383,-0.06417643,-0.06643881,0.049121395,-0.024645235,-0.021023234,-0.13586111,-0.1748594,-0.10311488,-0.019281978,-1.1933477e-05,0.0,-0.060532875,0.03199242,-0.020664364,-0.020861177,0.078847826,0.06067384,-0.0022478746,-0.01663354,0.026596408,-0.012449715,-0.0081802895,0.01553106,-0.001376457,-0.02090824,-0.008104541,-0.003137085,-0.0047694724,0.0043992656,0.010616016,0.006213522,0.016786981,1.3570953e-05
1588,-0.0108126355,-0.02040791,-0.24191977,-0.006901966,0.0041763405,0.002959265,0.0021768622,0.001904495,-0.16960578,-0.037048496,0.010576796,-0.008681996,-0.054413334,0.008634584,0.03327728,0.069448136,-0.04975686,-0.023717284,-0.00031035978,-0.06844847,-0.09814238,-0.0620652,0.011434112,-0.109082095,-0.12120088,-0.0649011,-0.047938436,-0.013232591,-0.014305517,-0.18784177,-0.22739384,-0.12553029,-0.029931223,-1.0573772e-05,0.0,-0.0733552,-0.030923598,-0.022074834,-0.07683284,-0.06442467,0.020594407,0.006215637,-0.045436274,-0.044703364,-0.0050239423,-0.039801985,-0.003974749,-0.001376457,0.022949537,0.008868704,-0.0037853115,-0.0129363425,0.0035925615,0.009788078,-0.008320079,-0.022061253,-5.053689e-07
24460,-0.1754143,-0.02217286,-0.3283717,-0.010490664,0.008499568,0.005422096,0.021055805,0.0012358871,-0.11418244,0.0016661651,-0.025421513,-0.012627615,-0.056003015,0.0001496822,0.042111594,-0.018223062,0.076644726,-0.023587445,0.044312138,-0.032344114,-0.06194735,0.009264419,0.016138563,-0.044195686,-0.05295133,-0.05932069,0.0008307624,-0.035867132,-0.042552527,0.34157938,0.41815212,0.4194682,-0.08587038,-1.0573772e-05,0.0,0.005554165,-0.022664292,-0.027819194,-0.046271957,-0.050090853,0.010362319,-0.0012484367,-0.019368479,-0.02870315,-0.052685503,-0.020403134,-0.01608368,-0.0015293036,0.022993036,0.020674422,4.4923887e-05,0.0077914703,0.0044279983,0.010072797,-0.011096603,-0.049797468,-5.053689e-07
18460,0.14968139,-0.023290971,-0.35277897,-0.0065580592,0.031226484,0.004293371,0.0014818998,-0.0149504095,-0.060517605,0.007831518,-0.012305907,0.011242923,-0.029136118,0.015406922,-0.095800124,0.09835595,-0.023275027,-0.008970291,-0.029231599,-0.044005316,0.027456114,0.043270774,0.02305618,0.019201754,-0.0030033235,0.035172224,0.004387417,-0.024665229,-0.018052237,0.19495659,0.32893112,-0.081064284,-0.08568254,-1.2898648e-05,0.0,-0.026546666,-0.013324506,-0.010937877,0.1311846,-0.07170369,-0.02194892,0.016096625,-0.053681746,0.021754522,0.019261144,0.011470396,-0.003742208,-0.005922408,-0.01680596,-0.012261792,0.0004357439,0.007903906,0.0030107275,0.009437105,-0.013747229,-0.016604139,1.3570953e-05
9498,-0.16267061,0.016212039,-0.2694485,0.00033590698,0.008201749,0.0016042603,0.002282519,-0.0025829119,-0.14068945,-0.058798015,0.025596354,0.03996371,-0.087565325,0.010237354,-0.1283401,-0.12721,-0.09233342,-0.080159016,-0.036363043,-0.040917102,-0.11727111,-0.08055826,0.004128201,-0.09021214,-0.008098197,-0.010324562,-0.019521443,-0.039366852,-0.0007324931,-0.18623134,-0.24070041,-0.12801203,-0.030324355,-1.0573772e-05,0.0,-0.052304406,-0.025230806,-0.02576043,-0.07134348,-0.017482188,-0.043145176,-0.0036717826,-0.040408146,-0.02395978,0.004744789,-0.025391575,-0.046707597,-0.0013653842,0.027587833,0.016793245,-0.002986935,-0.013007123,0.005531986,0.008925698,-0.018870272,-0.05944498,5.1900215e-06
20581,-0.2169198,-0.03738664,-0.40644634,-0.009961147,0.017278755,0.0033870568,-0.00047054788,0.0004203082,-0.100373656,-0.015351372,0.0024540937,-0.0078122,-0.041987043,-0.017323095,-0.12280529,0.05942868,0.04379554,0.03006835,0.024684813,-0.048502937,-0.059435245,0.010374791,-0.011721923,-0.053494863,-0.058014534,-0.023761757,-0.008329062,-0.046971433,0.014637275,0.26676884,0.38107988,0.1000647,-0.07559328,-1.1933477e-05,0.0,-0.02970592,-0.011180704,-0.036392763,-0.075753465,-0.013472172,-0.018521776,-0.00037342415,-0.03635935,0.029318837,0.07054885,-0.020792916,-0.03898269,-0.00557003,0.014534192,0.0076932083,4.4923887e-05,0.007817721,0.0056837713,0.009217179,0.00061334827,-0.04027516,1.3570953e-05
2334,-0.024243228,0.0035549372,-0.22673327,-0.0008425962,0.03519664,0.013991629,0.0016093459,0.012475451,0.13728176,0.010239465,-0.0012912716,-0.01821914,-0.060652938,-0.010121149,-0.03356348,0.015494606,0.13467388,-0.12871984,-0.008290237,-0.10114528,-0.066914186,0.016651154,-0.0064356294,-0.026792724,-0.096766,-0.028244577,-0.052586954,-0.028275898,-0.06899985,0.22577271,0.29289943,0.115877815,-0.08419887,-1.2898648e-05,0.0,0.03593091,0.023116024,-0.009257216,0.149272,-0.10951832,-0.0862765,0.002582307,-0.03820024,0.035115328,0.056455128,-0.010538989,-0.0048761033,-0.00557003,-0.021398246,-0.011505787,-0.0013604925,-0.006956249,0.011247461,0.0096928505,-0.001014905,0.009191175,1.3570953e-05
20145,-0.004255825,0.014286222,-0.21329784,0.0025410429,0.007336477,0.0032247338,0.0027899158,-0.0045555877,-0.09178731,-0.03536152,0.03660695,-0.0021219018,-0.07347146,0.016963137,-0.0647619,-0.070107765,-0.18239392,-0.07778731,-0.04913711,-0.06941791,0.037900258,0.09297038,0.01698201,0.05641768,0.045067333,-0.0124181155,-0.02704514,0.05731628,0.020700052,-0.15122591,-0.19876108,-0.12835595,-0.02940525,-1.0573772e-05,0.0,-0.032284025,-0.010153377,-0.002990223,-0.040240902,0.017455824,-0.10622371,0.0032577654,-0.021678507,0.021277852,0.09877569,0.017850848,-0.0034559674,-0.0013653842,-0.024130689,-0.008197945,0.0004357022,0.01598582,0.0007272189,0.008545708,-0.019463252,-0.026403308,7.841122e-06
27265,-0.061938114,0.009194439,-0.18667845,0.0040583583,0.004647679,0.0027805169,0.0027359105,-0.0004017274,0.03010196,-0.019140288,0.08709344,-0.002115942,-0.034159657,0.025372187,-0.08298277,-0.11306405,-0.042931866,0.02680647,-0.021843437,-0.17161301,0.06311045,0.12232708,-0.0009572072,0.33992428,0.08411945,0.09918314,-0.07963409,0.16217123,0.029426957,-0.1119235,-0.1619875,-0.116845466,-0.030301286,-1.0573772e-05,0.0,0.013656131,0.02168559,0.024975125,0.040216733,0.00054372055,-0.05627013,0.009405158,0.06629511,-0.073997855,0.16446792,0.03492451,-0.01486093,-0.0013653842,0.028286584,0.030726302,0.0030006347,0.027206086,5.2715783e-05,0.0060492815,-0.016469898,-0.04438664,7.841122e-06
13906,-0.013850378,0.0037903613,-0.105841264,0.006527305,0.014750528,0.0117862355,0.009077864,0.0051437737,0.20198849,-0.0038240547,0.0132011,-0.0005851569,-0.019935664,-0.010764792,-0.026672263,0.084289126,-0.09903543,0.1085795,-0.006121503,-0.02395789,-0.06169714,-0.025119564,0.0056808605,-0.05026005,0.008054216,-0.03066628,-0.04613641,-0.041984603,-0.018479005,-0.14953771,-0.18283647,-0.12980859,-0.024015056,-1.1933477e-05,0.0,0.065813825,0.042737313,-0.01887384,-0.022977801,-0.0547396,-0.04661225,0.015603152,-0.014463233,-0.07897879,0.059984017,-0.020824393,0.0005000847,-0.0013653842,-0.0070587285,-0.0054035275,-0.0026598102,-0.012792717,0.0070927953,0.0088742245,-0.012941697,-0.019075282,-5.053689e-07
11196,0.22242722,-0.030541042,-0.18380213,0.0009600555,0.008806666,-0.0012509192,-0.012845484,0.0058832774,-0.014324695,0.009445057,0.007680177,-0.0769945,0.14981975,-0.050907906,-0.065928146,0.09059401,-0.04672647,0.10236101,0.041754358,0.08801142,-0.06461335,0.07080195,-0.07226243,-0.040261265,0.22753774,-0.005588114,-0.04378424,-0.0069864057,0.020390617,-0.111349374,-0.17057295,-0.11065709,-0.024713954,-1.1933477e-05,0.0,0.056791432,-0.020317113,-0.03102456,-0.011719115,-0.0885559,-0.040827837,0.017493136,-0.042912684,-0.017756205,0.026766833,0.00377037,0.12132487,-0.0013653842,0.03350505,0.01915589,0.0024161842,-0.00829136,-0.029620139,0.007962487,0.03228929,0.046841986,-4.2372103e-06
27983,-0.012724777,-0.016165681,-0.2170898,-4.9064292e-06,0.0028133905,0.0034989559,0.0015993866,-0.004769003,-0.08229404,-0.019252792,0.030864349,0.03408888,-0.09403353,0.020273406,-0.030792184,-0.0012661248,0.016329339,-0.030892888,0.0032207791,-0.022336153,0.020385418,0.1946162,0.01688546,0.06703507,-0.014544197,-0.032547798,0.05053248,0.098693706,0.02191663,-0.15037812,-0.20557109,-0.13057663,-0.028196862,-1.0573772e-05,0.0,-0.01951104,-0.018638447,-0.02060478,-0.07669653,-0.05234199,-0.043267015,0.009125419,-0.0580808,-0.042292055,-0.05449754,0.01942549,0.0066016954,-0.0016210396,-0.034767736,-0.012281179,0.00040654145,0.013046462,0.0075430484,0.009863666,0.014121559,0.01607728,5.1900215e-06
22307,0.028156094,-0.075926736,-0.18517195,0.0091823125,-0.016292876,0.013780657,0.0044513494,-0.006639622,0.22432917,0.0016807144,-0.002690283,-0.008888682,-0.008168044,-0.019513426,0.06383022,-0.13427441,0.08471134,-0.075139895,0.04418227,-0.053650726,-0.02910861,0.0072252317,0.0022006645,-0.032595553,0.0013432254,0.017270187,-0.055712305,0.06940828,-0.02990077,0.24117237,0.33935732,0.09459499,-0.082859576,-1.0573772e-05,0.0,0.031021524,0.039125577,-0.016575417,0.14150362,-0.061717708,-0.04445359,-0.0014468024,-0.078967586,0.03713696,0.037940424,-0.011883159,0.008414834,-0.003504333,-0.021831406,-0.011906568,0.00011451337,0.006542461,0.009714104,0.010021615,0.023352556,0.05302951,1.3570953e-05
4554,-0.14739092,0.014404025,-0.15172996,-0.027205266,-0.008985849,0.0067804744,0.0056203986,-0.036529284,-0.11762651,-0.07584041,0.032656655,0.0167015,0.001940148,0.039435558,-0.14233764,-0.08821436,0.16648825,-0.021433398,-0.03802871,-0.0117447525,-0.084060565,0.030396016,0.013546891,-0.08601995,-0.029497966,-0.05812357,-0.038191058,-0.10832017,0.10321478,-0.1508582,-0.19650617,-0.11060546,-0.027514221,-1.0573772e-05,0.0,-0.09172229,-0.013170517,-0.08213034,-0.011965192,-0.14007825,-0.06908622,0.0069471668,-0.02553299,0.16536212,0.16164581,-0.038017362,-0.030277727,-0.0013653842,-0.040113665,-0.012093212,-0.012293624,0.024012662,0.0043851426,0.0071313097,0.023847066,0.039420735,-0.00021749495
7236,0.20234141,0.057739638,-0.20360631,0.0031211544,0.0096187685,0.007042755,-0.001628552,-0.0033899543,-0.0073530097,0.012191221,0.007730122,-0.0031230657,-0.03307963,-0.011762994,0.041956563,0.13506094,0.08209582,-0.048050392,-0.0072825914,0.07138407,0.0035979266,0.0052381232,0.017542453,-0.0188144,-0.00071324816,0.1320379,0.029924357,-0.02218668,-0.016193608,-0.14062212,-0.1564379,-0.10955606,-0.028505512,-1.0573772e-05,0.0,0.019220876,-0.017693175,-0.008716006,0.113716796,0.16818681,0.07767517,-0.0012731529,0.078074954,-0.024617044,-0.036518306,-0.00042239192,0.0026190334,-0.001376457,-0.022614943,-0.010816386,0.003633325,0.007605034,0.0043936735,0.007545848,-0.01840329,-0.024576249,-5.053689e-07
27371,-0.054403286,-0.040234245,-0.120807625,0.0055919876,-0.0029758047,0.0043132324,0.0038979808,0.008016295,0.13245139,0.027181879,0.055569682,-0.015711851,-0.03825754,-0.01244411,-0.005276615,-0.18460418,-0.048344877,-0.113479406,0.0029440161,-0.03015796,-0.038869675,-0.027451195,0.02355504,-0.06595519,-0.028752288,-0.09817882,0.04177507,-0.25533935,-0.024427094,-0.15376998,-0.18834817,-0.13446893,-0.024651537,-1.0573772e-05,0.0,0.09964336,0.01607293,-0.03234019,-0.038109135,-0.07519922,-0.07464361,0.0022395542,-0.044532727,-0.009617615,0.032612316,-0.021879412,-0.013943487,-0.0013653842,0.017349554,-0.006840599,-0.003069919,-0.01462507,0.0070291273,0.010547366,-0.019073179,-0.058888983,5.3019357e-06
8861,0.025743684,-0.020587178,-0.3876281,-0.006120793,0.02988162,0.0037877795,0.0020297265,-0.0026987079,-0.098967396,-0.01056918,0.0068289815,0.007823286,-0.04990017,0.03611612,-0.042133775,0.10002848,-0.029689059,-0.002468843,0.004234521,-0.027269207,-0.053751547,-0.017752413,0.020842731,-0.021883132,-0.05379154,-0.033451077,-0.04698389,-0.039150603,-0.008288776,0.24137299,0.38858148,-0.04692081,-0.08340751,-1.2898648e-05,0.0,-0.039429534,-0.01770462,-0.0013959503,-0.051993072,-0.03958036,-0.016925195,-0.0006160709,-0.06010531,0.018314244,0.016322255,-0.009986367,-0.0038601286,-0.0075340164,-0.010745612,-0.0016721853,4.4923887e-05,0.0074413363,0.0071828864,0.0082744425,-0.011549926,-0.0023575572,-5.053689e-07
23913,0.0565687,-0.012613248,-0.33054873,-0.009655026,0.006745619,0.0034692315,0.00093788514,-0.00084984954,-0.06953285,-0.018640477,0.005664991,0.00412142,-0.063826144,0.01925817,0.035940055,-0.010030582,-0.04189872,-0.0128147155,0.045063432,-0.023181774,0.026087973,0.07532189,0.0140350275,0.075787894,0.028532663,-0.022427075,0.06277648,0.09787174,-0.013715537,0.17549793,0.28499767,-0.04084346,-0.09122104,-1.0573772e-05,0.0,-0.026769742,-0.018840728,-0.020038567,-0.0745129,-0.054562137,-0.008588901,0.0020283402,-0.010332903,-0.05283854,0.018005572,0.03188955,0.007617705,-0.005836264,0.016172942,0.007376519,0.0005900372,0.011694337,0.0038094525,0.0077758636,-0.016038828,-0.047376405,1.4581801e-06
27,0.0112555735,-0.097952284,-0.10455292,-0.017817743,-0.017139062,-0.0037546577,0.014686165,0.020892018,0.111369334,0.005655246,-0.03640685,-0.076377206,0.05593158,0.010849963,0.050248142,0.021850629,0.20316991,-0.02497035,0.037406202,-0.030471297,-0.08947465,-5.513939e-05,0.019096479,-0.5695167,-0.0374336,-0.010793953,0.005629141,-0.021364648,0.042281613,0.18146075,-0.09066755,-0.15145604,0.022997256,-1.2898648e-05,0.0,-0.040918063,0.046114866,-0.0009898246,-0.021444034,0.1289691,0.08526048,-0.0021542574,0.048137844,0.017450752,-0.0041318983,-0.010112059,0.026973944,-0.0030826493,0.013508991,0.008968175,-0.0053023724,-0.017167266,0.01156534,0.011229628,0.0005761245,-0.03443767,1.3570953e-05
22797,-0.085942194,-0.015255338,-0.2193653,0.0012676646,0.0039568637,0.0036023743,0.0027359037,-0.0034213746,-0.08815812,-0.04288819,0.040943697,0.0029773696,-0.0029178755,0.019607227,-0.07863071,-0.17640953,-0.104183674,-0.05185637,-0.023391986,-0.0847547,0.025910787,0.14870746,0.061104093,0.22566554,-0.09392741,-0.0144129805,0.07647026,0.09611005,0.003000169,-0.14576872,-0.2108951,-0.13345297,-0.028906563,-1.0573772e-05,0.0,0.022196967,-0.012254827,0.00062003284,-0.028180111,-0.031318296,0.0040164003,0.000557721,-0.019449813,-0.054039124,-0.04362159,0.04595572,-0.005377997,-0.0016210396,-0.02960688,-0.013552979,-0.009716596,-0.017475963,0.008342782,0.010873329,-0.021645624,-0.015142292,1.9266343e-05
25545,-0.011468677,0.013030962,-0.23189808,-0.00013774913,0.0093491115,0.0039100703,0.003662433,-0.005268497,-0.10062008,-0.031671204,0.035742745,-0.0038639049,-0.086360715,0.00018112987,-0.082159884,0.005091924,-0.08145394,-0.066551015,-0.046813477,-0.036868017,0.035954684,0.18948267,-0.0407511,0.047551055,0.013858137,0.021361146,-0.000589511,-0.012321551,0.0018765203,-0.15604956,-0.2087359,-0.13314073,-0.030912401,-1.0573772e-05,0.0,-0.043509856,-0.016090605,-0.012365949,0.11470284,-0.045987215,-0.049451537,0.00025394373,-0.061624102,-0.0077902,0.004280188,0.010752774,-0.0058273566,-0.0013653842,-0.039016966,-0.013094667,0.00025224814,0.012988814,0.0037595925,0.009729435,0.015987534,0.021709073,5.1900215e-06
7711,-0.07957349,-0.018999204,-0.23168524,0.00069622585,0.009135906,0.004266192,0.0027496405,-0.0009541982,-0.14910577,0.0037495953,-0.009549096,-0.002325451,-0.047416825,0.020128822,0.03479269,-0.02931766,-0.07931305,-0.026803175,-0.009138957,-0.039133914,-0.066497065,-0.053228147,0.017601738,-0.08984594,-0.10279124,0.0030478716,0.024479493,-0.02671864,-0.036098402,-0.19411226,-0.23949373,-0.14289728,-0.026068686,-1.0573772e-05,0.0,-0.054110993,-0.027009927,-0.025992857,-0.03367863,0.055746492,0.023593968,0.0064628525,-0.03928679,0.019527549,-0.027509267,-0.030019568,-0.037694775,-0.001376457,0.029542942,0.007942849,0.000508155,0.013068622,0.004457824,0.009716562,-0.009778005,-0.037492216,-5.053689e-07
2433,0.069760196,0.004761856,0.7439061,0.0035745983,0.026584746,0.004252671,-0.0006565368,-0.0020918509,-0.0142450975,0.043920588,0.028811809,-0.011995011,-0.052657172,0.018001042,0.031604752,0.044436805,0.061937943,-0.017940335,-0.0023972152,0.05113278,0.010621015,-0.0111911725,0.11660778,0.112590276,0.017590333,-0.02684619,0.017753782,-0.015993524,-0.0023528151,0.2590198,0.45119163,0.3184695,0.038152047,-1.2898648e-05,0.0,-0.019472456,-0.010496599,0.00533123,-0.0592006,0.061989162,0.0025304968,0.0023723952,-0.042151034,0.01558202,-0.005546239,0.012035193,0.004144091,0.0043171165,-0.021197854,-0.0063864826,-0.00047142894,0.004246064,0.0054645115,0.011427521,0.022942655,0.029152531,5.946376e-05
3594,0.020039385,-0.039326448,0.936161,0.0057050893,0.030593907,0.0038401228,-0.0015415287,-0.0023280075,-0.04134431,-0.012235311,0.010984826,0.00091381196,-0.09305698,0.017402042,-0.016219499,-0.011079051,-0.009386824,-0.036059786,-0.015351295,0.074774064,0.029949248,0.031116366,0.015636291,0.011973024,0.0025112336,0.029301023,0.042583138,-0.012758863,0.0056923446,0.3096166,0.56659347,0.4337211,0.051051516,-1.0573772e-05,0.0,-0.030130446,-0.0039425194,-0.015577194,0.16854908,-0.059793826,-0.00448173,0.0046634334,-0.043399587,-0.015501401,0.0078030275,0.007704186,0.0057345913,-0.0012110719,0.030021032,0.011097424,0.006848666,-0.003544702,0.0075735445,0.011639837,0.018814657,0.04342607,6.515915e-05
26251,-0.035516948,-0.018607832,-0.124410205,0.0018905146,-0.006596257,0.0012963223,0.0044990997,-0.021134,0.18019396,0.0160386,0.019146042,0.06861655,-0.15348607,-0.0071581113,-0.036417224,-0.4037419,-0.1076321,-0.022710094,-0.03848039,0.011792315,-0.07829228,-0.029051682,-0.027743656,-0.07410854,-0.017744817,-0.1393252,-0.0533609,-0.16686222,0.11135935,-0.15634866,-0.20476235,-0.10865171,-0.027578158,-1.0573772e-05,0.0,-0.08719902,0.050146136,-0.048645396,-0.1212068,-0.048869982,-0.23513415,0.0024038418,-0.030091347,0.048215747,0.030318467,-0.021058088,-0.01656978,-0.0013653842,-0.03863426,-0.01749955,-0.00017626502,-0.012763917,0.007478575,0.00752781,-0.019473998,0.050041217,-0.001051107
24079,-0.06689131,-0.065384805,-0.18195865,-0.039128155,-0.004565985,-0.00033789378,0.0052390527,-0.02128343,-0.0057164063,0.014365575,0.005460051,-0.020373605,-0.04278657,-0.008635571,-0.038295776,-0.09650869,-0.1748312,-0.050625693,0.020539425,0.08941666,-0.061509207,-0.030361682,0.031108823,-0.07534072,-0.074430116,-0.011162491,-0.05695102,-0.016465291,0.07467903,-0.17228122,-0.2057837,-0.13495858,-0.022065138,-1.0573772e-05,0.0,0.080168456,-0.00037802273,-0.0078631425,0.104712196,-0.05913187,-0.023537371,0.0040764795,-0.06060415,-0.023356585,0.046591803,-0.021883989,-0.009225025,-0.0013653842,0.016493978,0.014743797,-0.0016678427,-0.0074562277,0.005870156,0.009996464,-0.008548582,-0.061651666,-5.053689e-07
13124,0.1694152,0.027864002,-0.21343884,0.0021418908,0.010413486,0.003600259,0.0022724913,-0.0019974713,-0.06893729,0.0023780202,-0.039313648,0.0068567423,-0.038728174,-0.012429723,0.0088515105,-0.004202121,-0.009658521,-0.0016990714,-0.011280871,-0.010131348,0.031473257,0.07978759,0.011742407,0.055128407,0.000953752,-0.02794625,-0.004963,-0.04411885,0.015416827,-0.16180955,-0.20623086,-0.109504655,-0.026589802,-1.0573772e-05,0.0,-0.049689546,-0.020842994,-0.032547053,-0.03448649,-0.07784812,-0.03758295,0.0018843556,-0.04312373,0.090366855,0.06258965,0.011392768,-0.0055399444,-0.0013653842,0.031429894,0.008312363,0.0022987358,0.015724355,0.00434338,0.0096920105,-0.0139336325,-0.0459223,2.1457317e-06
13454,0.16850473,-0.02981364,-0.32996884,-0.0012031668,0.010296772,0.004342559,0.006026799,-0.0023918545,-0.0026983218,0.009302539,0.0095139975,0.0035375361,-0.03234812,-0.0077645057,0.047740627,0.1215747,-0.034048934,0.040769435,0.033135325,-0.016855951,0.027890414,0.03785222,0.025492476,-0.0012143459,0.020402906,0.09813308,0.052985568,-0.027665682,-0.0068922834,0.22488417,0.31828818,-0.043509714,-0.07115263,-1.1933477e-05,0.0,0.01182058,-0.0036450895,0.0031467243,0.14322248,0.1469249,0.03299667,-0.0013611191,-0.009850594,0.04038342,-0.075922504,0.00037912838,-0.014355702,-0.005836264,0.02860177,0.014999989,0.0004357439,0.009679737,0.0042226273,0.0085949395,-0.01617058,-0.035413112,1.3570953e-05
25447,0.21239749,-0.018842531,-0.21715777,0.0010677918,0.013430921,0.003871809,-0.0017681235,-0.0040851464,-0.051202655,0.009233389,-0.029231088,0.004956358,-0.05998616,0.011311278,0.05418916,-0.024683978,-0.03781741,-0.02542271,0.044335846,0.042745132,0.051321983,0.07316174,0.017083568,0.049362615,0.023454959,-0.017296823,0.024004065,-0.025596652,-0.008823531,-0.15366805,-0.19359258,-0.10728028,-0.026505914,-1.0573772e-05,0.0,-0.028533565,-0.015000996,-0.034082107,-0.03571816,0.11717561,0.02622895,0.0020835556,-0.025272934,-0.027081806,-0.039796058,0.014739065,-0.017627543,-0.001376457,-0.025212195,-0.0087691285,0.0038521332,0.008576884,0.004992654,0.008148712,0.018625945,0.034511045,-5.053689e-07
4216,-0.0068200226,-0.028928852,-0.23142856,0.00043868477,0.0072129825,0.0036911976,0.0032584483,-0.0027662818,-0.091563106,-0.04068946,0.024900004,-0.031246414,-0.07332532,0.016776845,-0.078980975,-0.14230786,-0.08756127,-0.04796503,-0.051563513,-0.04616506,0.049206387,0.09784621,0.012264406,-0.0012989521,-0.0054552187,-0.015578799,-0.008179871,-0.032259762,0.0020770405,-0.17153235,-0.22071026,-0.1388476,-0.029118186,-1.0573772e-05,0.0,-0.01636057,-0.02093464,-0.019625189,-0.035021633,-0.07467255,-0.05399946,-0.0007014462,-0.10355405,0.012331066,-0.10166078,0.014462765,-0.015558642,-0.0016210396,0.04425615,0.007732361,0.0018309093,0.015695272,0.007117972,0.010229381,-0.017704006,-0.03169629,5.1900215e-06
21274,0.03914882,0.038467597,0.85636693,0.005843064,0.02101151,0.0022013283,0.013830198,0.0009485095,-0.051154416,-0.0062892903,0.01363226,0.005639567,-0.04789675,0.02445379,0.024764733,0.0069247065,-0.026217664,-0.016227512,0.0034958618,-0.029674001,0.044811916,0.048034422,0.02280711,0.008915771,-0.014918895,0.058661073,-0.027885841,0.008657696,-0.0127841905,0.36120498,0.5292059,0.4308458,0.04832046,-1.0573772e-05,0.0,-0.02617637,-0.00800238,0.0033582821,0.17176512,0.07032483,0.0087583745,-0.0010202392,-0.0362594,0.028385298,-0.050345294,0.0038120379,-0.015645804,-0.0011585169,0.034987275,0.009157824,-0.0012294429,-0.006306447,-0.029569333,0.00718834,0.016321529,0.027554603,0.00033230815
6494,0.050600033,0.0061069666,0.749804,-0.00044879556,0.018429797,0.00683967,-0.00011310307,0.004974887,-0.032913033,-0.021232523,0.011450623,-0.0025317385,-0.035571996,-0.06484604,0.017207997,-0.014232272,-0.00640881,-0.022659864,-0.12211023,-0.0098227495,0.041989032,0.005112507,0.020030467,0.06849723,-0.015992537,-0.00025368872,-0.07746181,0.06340775,-0.01184957,0.23848677,0.4364382,0.16407077,0.038669962,-1.0573772e-05,0.0,-0.022647018,-0.010715594,0.0044210246,-0.056504592,-0.026448585,-0.0142186815,0.0001731595,-0.0324545,-0.13214764,0.08947454,-0.039190523,-0.007924367,0.011210007,0.020756448,0.0062181056,-0.0017558136,0.008767558,0.008239107,0.012292475,-0.029556286,-0.05801034,8.5398926e-05
8176,-0.002257976,-0.03919092,-0.087558694,0.0042459946,-0.0065117483,0.004387928,0.0054288353,0.003942147,0.11183523,-0.012497928,0.012284392,-0.0028353638,0.04048568,0.005054028,-0.08459132,-0.20516242,0.065190755,0.017576877,-0.020791732,0.043900643,-0.056597214,-0.036184058,0.0201589,-0.049565144,-0.019963335,0.01120136,-0.039697383,-0.15034012,0.015112897,-0.15890601,-0.18428795,-0.11558611,-0.022350954,-7.922725e-06,0.0,0.07603682,0.014158177,-0.027252147,0.013284214,-0.06924779,-0.025516644,0.01773464,0.006972026,0.19924007,0.0625352,-0.011889045,0.01793631,-0.0013653842,0.0029558071,-0.008297212,-0.0027198335,-0.012040857,0.00872594,0.008846789,-0.023035493,-0.035295818,-5.053689e-07
25125,-0.067264706,0.07598142,-0.11829748,0.0027368034,-0.016503206,0.0013547625,0.0082614245,0.03183591,0.18609552,-0.01681628,0.019478409,-0.0076841153,0.03522466,-0.014309686,0.023874596,-0.0011408482,-0.100250855,0.045247205,-0.013372422,0.07118441,-0.06686038,-0.04362161,-0.19269535,-0.04533906,-0.08954314,0.003298427,-0.00985197,-0.027201712,0.058218785,-0.13111986,-0.16313568,-0.118620895,-0.027007258,-7.922725e-06,0.0,0.010684505,0.036070954,-0.0011318336,-0.018255806,0.097455665,0.017645292,-0.002236603,-0.05499123,-0.069452785,0.01135265,-0.01534728,-0.0016249367,-0.0013653842,0.024298936,0.011577102,-0.002240814,-0.004711096,0.0036319755,0.008612893,0.005871752,0.050323028,-5.053689e-07
20405,-0.03632878,-0.039334323,-0.17821477,0.0007632206,0.010412738,-0.00053333986,0.003863697,-0.0033768602,-0.044470187,-0.01599774,0.023825048,-0.01959292,-0.06966089,0.009594584,-0.015020987,-0.56401086,-0.04118201,-0.015463046,-0.10722343,-0.007876002,0.04425394,0.12445283,-0.025002748,0.279907,0.013870291,-0.07236218,-0.023082633,-0.05419153,-0.018427698,-0.109195784,-0.1873743,-0.11549903,-0.031693302,-1.0573772e-05,0.0,-0.023611026,0.012733916,0.007364847,0.07851408,0.0021682633,-0.013940193,-0.0072625657,-0.06933809,0.06803238,0.18444102,0.031867012,-0.040127717,-0.0013653842,0.03266991,0.022143139,-0.0122884195,-0.025913835,0.0042101927,-0.82684433,-0.014423608,-0.06608688,5.1900215e-06
15254,-0.06084246,0.008035147,-0.24278657,0.0016492074,0.0059216395,0.0032714691,0.00355048,-0.0027724663,-0.14024214,-0.029156586,0.003254225,0.0018716299,-0.10288178,0.014426564,-0.11295245,-0.074174345,-0.14735582,-0.048965473,-0.008741101,-0.05418416,-0.11288798,-0.06518317,0.011793398,-0.11332438,0.009283158,-0.024960238,-0.05012351,-0.034216974,-0.05750333,-0.18667701,-0.23962197,-0.14126554,-0.029469619,-1.0573772e-05,0.0,-0.07943966,-0.027180947,-0.011335899,-0.02631185,-0.039970513,-0.07789607,-0.004363979,-0.026374353,-0.00089052366,0.05632386,-0.043453526,0.0061717145,-0.0013653842,-0.008805919,-0.005611758,-0.0025534877,-0.012565072,0.007129069,0.008732723,-0.019054696,-0.03689788,-5.053689e-07
2977,0.0057806494,-0.026207177,-0.15769336,0.0006328506,0.0017531004,-0.006600015,-0.018125847,0.005497895,-0.12634778,0.0068037226,-0.053108316,0.018215474,0.08294922,-0.026449887,0.035737243,0.10881802,0.09482663,0.07925897,0.037476487,0.04989905,-0.05734904,-0.017414548,0.014902012,-0.03687211,-0.035254672,-0.025841866,-0.08483477,-0.052245457,0.01017315,-0.16912293,-0.18023656,-0.11220254,-0.02208117,-1.1933477e-05,0.0,0.04093536,-0.035394724,-0.04654527,-0.09750281,-0.1233008,0.039991505,-0.0016024496,-0.011253751,0.042127866,-0.025655836,-0.008344243,-0.0054599624,-0.001376457,0.02176151,0.009210832,0.0019283423,-0.0066841915,-0.027518375,0.010417758,-0.022556081,-0.06506211,1.3570953e-05
105,0.035499018,-0.02097875,0.7747863,0.0029019322,0.037333094,0.0027281933,0.0101801865,-0.00093558535,-0.046534624,-0.00454909,0.029237645,0.004502074,-0.055368878,0.030683631,0.03183664,-0.06362849,-0.010112304,0.007501896,-0.006949654,-0.034563225,0.016724842,0.0337642,0.008752512,0.011782798,0.0041319807,-0.015671026,0.119217835,0.07806051,0.003270527,0.28846088,0.49981767,0.34547612,0.038991805,-7.922725e-06,0.0,-0.03918342,-0.009360703,-0.015383738,-0.044889096,0.01986311,-0.009806499,-0.0013065779,-0.03425125,0.004927203,0.0072005847,0.0030234042,0.006761415,0.004113603,-0.008775585,-0.0012595113,-0.0034127575,0.007942659,0.005338127,0.011609679,-0.02074534,-0.027741637,0.00033800353
10379,-0.0007817533,0.09873799,-0.15209441,-0.039273083,-0.06322049,-0.0030970725,-0.034789592,-0.011677494,0.16356206,0.007312032,-0.03664338,-0.0015321523,0.013985568,-0.020699453,0.06261949,0.06689308,-0.176293,-0.029768243,-0.027260264,-0.037171565,-0.05256746,-0.030214684,0.026584432,-0.06186473,0.013679149,0.0087012565,0.049791906,-0.046201456,-0.033608537,-0.14510103,-0.20639418,-0.11719154,-0.027474375,-1.0573772e-05,0.0,0.050146714,0.070446484,-0.019816617,0.16857994,-0.074910395,-0.027998215,-0.00010001438,-0.04745665,0.010036014,0.010365285,-0.015993604,-0.015640799,-0.0013653842,-0.016316485,-0.00977302,0.00031343524,0.015280739,0.0046141595,0.011187561,0.021391422,0.074619405,-5.053689e-07
10956,-0.1593752,0.0123811485,-0.24731362,0.0028206191,0.0035283375,-0.00018349855,0.0027548657,-0.0041518514,-0.15210153,-0.049943045,0.017250337,0.026445705,-0.13324808,0.021362726,-4.208018e-05,-0.08961492,-0.040430095,-0.031989567,-0.00023090793,-0.005317761,-0.12560709,-0.053111296,0.00019440241,-0.09835295,-0.002064251,-0.0055678464,-0.070813514,0.037953123,-0.022092678,-0.16433717,-0.2233409,-0.11939578,-0.03209852,-1.0573772e-05,0.0,-0.06746933,-0.021859996,-0.048712507,-0.015862213,-0.03991236,-0.13966648,0.0017376345,-0.047712218,0.08739802,0.09049893,-0.0541433,-0.019017238,-0.0013653842,-0.012015805,-0.004605947,0.00017864304,-0.013074358,0.009399754,0.009693175,-0.024355868,-0.051580805,5.1900215e-06
19774,-0.07430392,0.035856392,-0.1798027,0.00012238053,-0.009863886,0.0011256724,0.00027041367,0.017744403,-0.058394544,-0.00983059,-0.016480915,-0.0044718627,0.029308867,-0.019292478,0.049041558,0.076215684,-0.06892397,-0.025687749,0.0005216271,0.05247419,-0.05278075,-0.015276536,-0.003821274,-0.05931855,0.01373748,-0.022027612,-0.08289277,-0.038775116,0.015435578,-0.16149965,-0.2157352,-0.12829348,-0.02597455,-1.0573772e-05,0.0,0.042473957,-0.029497022,-0.029497933,-0.06085525,-0.07085351,-0.0059379223,-0.001384426,-0.066863954,0.032894235,-0.069939196,-0.023522677,0.007922263,-0.0016210396,-0.02316144,-0.011680961,0.00044962147,-0.0045296205,-0.028398378,0.011551982,0.01904259,0.0321924,1.3570953e-05
22129,-0.07302434,-0.05191001,-0.39376247,-0.0029611648,0.008128211,0.0037004186,-0.0020073084,-0.003352981,-0.09168718,-0.020639084,0.014440557,0.022258986,-0.070323914,0.019494908,-0.04830955,-0.123695515,-0.022233106,-0.04884001,-0.008030181,-0.06411792,-0.011998903,-0.028389301,0.027527133,-0.07943078,-0.052938033,-0.021971194,-0.076679505,0.047563445,-0.021281198,0.28413087,0.39646485,-0.03823616,-0.0788204,-1.0573772e-05,0.0,-0.022406602,-0.009717936,-0.023623884,0.11757069,0.10103648,-0.08131702,0.015306065,-0.057518363,0.0024838252,0.012126111,-0.01737872,-0.020776499,-0.0075340164,-0.020259554,-0.009281052,-0.000109369445,0.010088435,0.0053902054,0.008310021,-0.0120600965,-0.033087704,1.9266343e-05
21703,0.047521863,-0.015514981,0.9965226,0.0025862646,0.018729685,0.0037360564,-0.0017595267,-0.0015508017,-0.05122709,0.01081049,-0.00722011,-0.0015297879,-0.052541982,-0.0042280047,0.031911675,0.047520984,-0.0284724,-3.0197843e-05,0.028446311,0.04702929,-0.0012904769,0.013136597,0.023593992,0.01592176,0.0102821225,0.013773834,-0.015847266,-0.0073064794,-0.034290146,0.24311292,0.4411672,0.05071285,0.043808226,-7.922725e-06,0.0,-0.01268284,-0.010276608,-0.022855759,-0.10672656,-0.020411013,0.00045621075,8.8217144e-05,-0.02465158,-0.02276511,0.01149124,0.01486105,0.015270352,0.021277525,-0.010957894,-0.004910394,-0.0034558375,0.0075485697,0.0053836857,0.011149989,-0.020671202,-0.027388597,2.2955937e-05
20035,-0.13124715,0.08537181,-0.17330441,-0.019227048,-0.059648585,-0.012980766,-0.031184506,0.00011423405,0.19851299,-0.013198321,-0.058195252,-0.0637141,0.038488574,-0.02677172,0.05881204,0.09779423,0.16616191,0.062128082,0.026903559,0.08045494,-0.07391183,-0.0066461773,-0.2458808,-0.05022312,0.0014619348,0.0005413809,0.04084808,-0.020050175,-0.019525526,-0.11920618,-0.12982905,-0.08896114,-0.019474633,-1.1933477e-05,0.0,0.00064374506,0.033423293,0.078723215,-0.012542105,0.25683796,0.13189359,-0.0019214654,0.07462636,0.036043845,-0.013438221,-0.0134060215,0.012408259,-0.001376457,-0.012579652,-0.008104541,0.00045587693,-0.0039811023,-0.025828164,0.010889449,0.0034360234,0.011150902,1.3570953e-05
20690,0.0737908,0.027592007,0.7194965,0.003425481,0.03761229,0.0040180227,-0.0012595276,-0.0021990451,-0.03614937,0.022087658,-0.018294869,-0.023408398,-0.039251816,0.014242248,0.037999153,0.057462487,-0.0430929,-0.019674981,-0.0044983122,-0.024571162,0.0057176836,0.05029101,0.003370749,0.014904643,-0.01314825,0.017427262,0.07618875,0.083017774,0.0050073434,0.25657812,0.4789062,0.35853118,0.045401312,9.595956e-05,0.0,-0.017102554,-0.010402448,-0.034102354,-0.042237755,-0.026400218,0.017908392,0.0015129399,-0.018278603,0.0011692438,-0.1302644,0.0020799171,-0.0031871488,0.0043171165,0.019428426,0.004398403,-0.0035025342,0.0021247356,0.003019597,0.011032685,-0.020063754,-0.027033184,0.00033230815
6128,-0.012778708,-0.20197624,0.7365758,-0.0028400887,0.011597178,0.002298758,0.00243178,-0.0010167403,-0.03450752,-0.014836758,0.05199974,0.0048706895,-0.02834731,-0.021874916,0.012868788,-0.050695766,-0.056583457,-0.024898404,-0.026957052,-0.025398973,0.0053535453,0.049727496,0.0066677798,0.07330439,-0.018214833,-0.028366396,-0.04199687,0.095547006,0.0014176383,0.27012137,0.5064792,0.3580486,0.04203199,-1.0573772e-05,0.0,0.03763339,-0.006024184,0.01082078,-0.112549596,-0.054806385,-0.06378156,0.00480927,-0.043843273,-0.05315467,0.007526653,0.022550153,0.0093353735,0.0052601276,-0.021876732,-0.01266643,-0.0015697584,0.0025679874,0.0004162275,0.012841082,0.01899919,0.021961039,0.00033800353
1390,0.1522373,-0.021850107,-0.3372889,-0.0011878614,0.025117645,0.0100407135,-0.0017529816,-0.006506107,0.023258189,0.006790023,0.011289974,0.00827521,-0.032850675,0.00030446952,-0.034171775,0.09577828,-0.036802832,-0.018030008,0.018610267,0.037203807,0.03918239,-0.00686946,0.020408591,-0.015099623,0.026658019,0.09104464,0.035123657,-0.014261768,0.019042684,0.21196078,0.37875205,0.15130873,-0.093598194,-1.2898648e-05,0.0,0.020473331,-0.005761594,-0.017044561,0.119978495,0.12176011,0.025889015,0.007205883,-0.040460113,-0.04356244,0.012681851,0.004396412,0.14227045,-0.00557003,-0.025444912,-0.00794664,0.0004357439,0.0051651048,0.0049895598,0.0076268623,-0.011791498,-0.025187047,-5.053689e-07
25143,-0.15592298,-0.049752187,-0.17028013,-0.00042185723,-0.004517976,0.0014094698,0.00030116556,-0.0129018165,0.0735592,0.015719194,0.018402068,0.0061562625,0.02817344,-0.010587312,0.0571738,0.0076621724,-0.086430244,-0.056859203,0.051403783,-0.08855918,-0.04672769,-0.045348756,0.013314579,-0.018554559,-0.13306518,-0.025679134,-0.10178665,-0.18230802,0.11937929,0.21162346,0.30266562,-0.02314213,-0.05106226,-1.0573772e-05,0.0,0.028745506,0.008514314,-0.016259063,-0.012023094,0.089598894,0.081381515,-0.0050065327,0.036295407,-0.10127664,0.08199002,-0.018762993,-0.028535271,-0.005922408,0.037836332,0.009922311,0.00014303609,-0.011367701,-0.041921444,0.0090088835,0.0062266868,0.050619714,1.3570953e-05
28238,-0.118969396,0.009416654,-0.19074194,-0.028631307,-0.04751932,-0.0044436064,-0.040562674,-0.04186178,0.11413461,-0.021133406,-0.02283188,0.040328007,0.007322701,-0.0042776437,-0.11102191,-0.019126404,-0.028684005,-0.049991053,-0.10009782,-0.13593067,-0.06314629,-0.019120803,-0.0058152475,-0.049771734,-0.19307913,-0.0017521821,-0.12921113,-0.0038622061,-0.013884698,-0.13967006,-0.16714722,-0.09086943,-0.024907093,-1.0573772e-05,0.0,0.0878587,0.0058183256,-0.023542644,0.046213847,-0.08997169,-0.16143812,-0.0031724153,0.019240078,-0.18145393,0.036395535,-0.020099323,-0.015771734,-0.0013653842,0.001127248,-0.003069868,0.00013263244,0.014061426,0.0055999835,0.007721318,-0.010560185,-0.030876568,1.3570953e-05
23751,-0.010894867,0.036891762,-0.22748846,0.0008504441,0.0035360754,0.0025007273,0.0027923682,-0.004622586,-0.09642377,-0.02120216,0.03320666,-0.0011693231,-0.095742375,0.018400036,-0.07854248,-0.057496373,-0.08949344,-0.06802781,-0.03502097,-0.07523548,0.016489906,0.16987264,0.008405726,0.18621308,-0.0071795415,-0.0126797175,-0.0042304713,-0.029839227,0.028641742,-0.1415214,-0.2024474,-0.13015093,-0.029638164,-1.0573772e-05,0.0,-0.042220447,-0.022214148,-0.017389337,-0.078401536,-0.038838115,-0.058730476,-0.001442643,-0.03355155,0.03958379,0.007474997,0.034357768,-0.018493246,-0.0013653842,-0.04118527,-0.015962427,0.00040654145,-0.014705635,-0.011181001,0.009410932,0.017752988,0.031022144,7.841122e-06
20806,0.21508479,0.01881844,-0.21856938,0.0013160964,0.010410207,0.003556993,0.001172909,-0.013826786,-0.03877263,0.00884661,-0.0035007845,0.0046110954,-0.04910613,-0.033444572,0.038905058,0.082645066,-0.031947944,-0.024840146,0.05236108,0.059416328,-0.021830874,0.009266991,0.041484397,-0.036999952,0.07969625,-0.01847593,0.008559599,-0.036290895,-0.019949866,-0.15298918,-0.21633993,-0.11047563,-0.028079309,-1.2898648e-05,0.0,0.00016927249,-0.021986507,-0.020326186,-0.053832114,-0.103847876,0.053376615,0.002391248,-0.086443916,-0.035832122,-0.039138384,-0.0034783767,-0.0053817425,-0.001376457,0.038718168,0.012680132,0.0023632506,0.005202866,0.0051442003,0.010559512,0.016951796,0.04300145,-4.2372103e-06
24421,-0.08319775,0.024818005,-0.077901326,0.0050430903,-0.010516493,-0.00086773885,0.0061096847,0.027554002,0.12102329,0.057069708,-0.044239264,0.004860172,0.01419477,-0.008270873,0.072212875,-0.057808403,-0.16443403,0.02490313,-0.08702542,0.011810487,-0.03483164,-0.013958668,-0.013961842,-0.070715986,-0.011845593,-0.031201543,-0.07999768,-0.15024987,0.015683878,-0.14566565,-0.21092023,-0.11830438,-0.021055168,-7.922725e-06,0.0,-0.001145937,0.016633203,-0.007596675,0.18250753,0.005438611,-0.054150604,0.008778623,-0.025541734,0.03214462,0.047870934,-0.017676072,0.00420249,-0.0013653842,0.026074495,-0.0040748008,-0.012627979,0.0131267365,0.005179242,0.0111713745,0.03919727,0.08702976,1.3570953e-05
19905,-0.08663558,0.012826126,-0.18716885,-0.01855829,-0.08586648,-0.0120994765,-0.030741194,0.012071793,0.10951473,-0.0013902254,-0.044498276,-0.01783549,0.062743604,-0.026464615,0.012878107,0.092990786,0.1483026,0.06878969,0.053709473,0.044664495,-0.03615017,-0.048394375,0.00530849,-0.036799945,-0.044696607,-0.025798146,-0.093049474,-0.036621068,-0.01694786,-0.1428324,-0.17081217,-0.10719445,-0.019670473,-1.1933477e-05,0.0,0.031617057,0.012711085,-0.02976699,-0.039380696,0.13339236,0.0847467,-0.002090254,0.062050432,-0.003791724,-0.03219411,-0.010148759,0.0025929988,-0.001376457,-0.014905858,-0.0058321096,0.0004832489,0.00746688,0.0049353293,0.0091294935,-0.012286681,-0.0274995,-5.053689e-07
12504,-0.046638425,0.070494674,-0.11534957,-0.021970738,-0.06178533,-0.010551433,0.00028412847,0.017570183,-0.041456025,-0.024222983,-0.09162827,-0.023360893,-0.07243062,-0.02203174,0.071721494,0.03159787,0.14317003,-0.056236584,-0.07831758,0.036572758,-0.068288624,0.015775034,-0.0037782819,-0.048200127,0.01244697,0.012996264,-0.11303566,-0.06824685,0.0068773665,0.22192255,-0.1363588,-0.21764491,0.026648823,-1.2898648e-05,0.0,0.054668773,-0.023179108,-0.043009933,0.14962664,-0.09083743,-0.031261332,-0.0020413569,-0.05252766,-0.07118355,0.03176379,-0.010965235,0.0001899125,-0.0017156233,-0.030430095,-0.01409734,-0.0026003458,-0.0045546135,0.006215925,0.0121740755,0.020054333,0.03371907,1.3570953e-05
216,0.08668148,0.012888274,-0.040288582,-0.0009458956,-0.0071747596,0.005098251,0.0023255358,-0.010103124,0.15195324,-0.01150691,-0.06157989,-0.034735397,0.0420942,-0.020424679,0.056100685,0.056608982,0.06797241,-0.026708882,0.04666777,0.067634545,-0.027526591,0.059075944,0.021330964,-0.047329333,-0.06567263,-0.062828764,-0.11793867,-0.04817873,0.050010208,0.18710017,0.22985508,-0.050171282,-0.038427137,-1.2898648e-05,0.0,0.005744499,0.027342588,0.0397146,-0.016520789,0.09030837,0.05862966,-0.0013817933,0.027450714,0.042712636,-0.03938929,-0.010029926,-0.014368807,-0.005836264,0.042334836,0.015644213,0.0005738467,-0.0036919669,-0.046212666,0.009037053,0.014276294,0.061137293,1.3570953e-05
630,-0.09456354,0.004924346,-0.08777008,0.002538896,-0.004749888,-0.00065126654,0.0052903937,0.01017108,0.091362625,0.005602298,0.010442116,0.01540782,0.008411275,0.026082525,-0.13387115,0.014384064,-0.036034465,-0.09488591,-0.03078811,-0.09202434,-0.032731444,-0.024904745,0.022371685,-0.059274197,-0.13997503,-0.002282949,-0.11437638,-0.15705916,-0.0025422364,-0.15756978,-0.1973601,-0.1389322,-0.022040194,-1.0573772e-05,0.0,0.08472926,0.010323149,-0.0072427713,0.11055144,-0.13067864,-0.024638671,0.003824561,-0.049917046,-0.024487576,0.037827324,-0.021553878,-0.005386447,-0.0013653842,-0.015830759,-0.012150438,0.00013263244,-0.015039517,-0.024033574,0.009747822,-0.01633281,0.030208359,-0.0021588248
28446,-0.00027173012,0.0720887,-0.26382187,0.0007223333,0.007233583,0.004274972,0.0020701634,-0.0035707708,-0.112516604,-0.0035124663,0.0122758085,0.0010276556,-0.060175437,0.011421139,-0.014524208,-0.009055593,-0.025348553,-0.025787283,-0.0026035642,-0.03512754,-0.08661792,-0.052902296,0.0146142505,-0.0702513,0.008345267,0.073387414,0.016403077,-0.041693226,-0.020892672,-0.18862797,-0.25494033,-0.14437208,-0.03031541,-1.0573772e-05,0.0,-0.07229349,-0.02715001,-0.011316882,0.17975514,-0.08372212,-0.058508508,0.0025539473,-0.04958601,0.0047367257,0.009645549,-0.038317304,-0.008499243,-0.0013653842,-0.028504537,-0.00982474,0.00025224814,0.010618106,0.008549321,0.007939787,0.01522812,0.040914748,1.3570953e-05
29222,0.1713584,-0.023838755,-0.19591403,0.0013364713,0.010391959,0.004300305,-0.0018065897,-0.0023118092,-0.055325653,0.019623311,-0.017226359,0.0046719136,-0.047675293,0.014668671,0.026783323,0.11495524,-0.056993652,-0.04882134,0.0002988547,0.0479171,-0.0008774075,0.046302333,-0.031294134,0.042885114,-0.02289522,0.03117768,0.019280093,-0.040113445,-0.035194427,-0.12913525,-0.17046122,-0.10744266,-0.028293254,-1.0573772e-05,0.0,-0.028012814,-0.015133162,-0.03670754,-0.037363354,0.009290383,0.06542431,0.0020835556,0.0808443,-0.009703894,-0.024044286,-0.027274871,-0.010042107,-0.001376457,0.02266302,0.021193381,0.0036978417,0.008201995,0.003659646,0.008436593,-0.018319145,-0.033717714,-5.053689e-07
19014,-0.079631336,-0.057735547,-0.2008504,-0.01897311,-0.07806901,-0.01906461,-0.027569655,-0.00065103243,0.17865127,-0.011317777,0.0003105353,-0.012595569,0.061453667,-0.017921625,0.034236275,-0.014247744,0.15567352,0.06376715,0.035023496,0.059292797,-0.01328601,-0.02559187,-0.00901613,-0.047820807,-0.05611072,-0.064274676,-0.10106171,-0.026712684,-0.015088293,-0.15169929,-0.1741082,-0.11777084,-0.01841289,-7.922725e-06,0.0,0.030477764,0.03523509,0.050918978,-0.035705194,0.10312598,0.0551087,-0.0019815327,-0.026123635,-0.041365318,-0.0063333614,-0.00940449,0.004873989,-0.001376457,-0.02166331,-0.008157674,0.00014487104,-0.0043718093,-0.025939163,0.010106164,0.014188502,0.04613034,-5.053689e-07
8423,-0.066957906,0.027886678,-0.22871928,-0.02565443,-0.06393894,0.00639772,-0.032486003,-0.009245362,-0.074204974,0.046787642,0.018075047,0.023752429,0.08288885,-0.0060280557,0.012974432,-0.4305266,-0.026029166,-0.008760915,-0.02618322,-0.022135334,-0.0539786,-0.034742806,-0.0045976993,-0.13061494,0.007419536,-0.0057105995,-0.044305842,-0.21361196,-0.014753118,-0.15098725,-0.21902986,-0.090845145,-0.028368222,-1.0573772e-05,0.0,-0.07403577,-0.010751989,-0.06665155,-0.013014131,-0.031961475,-0.1587357,-0.01564105,-0.060080215,0.04289968,0.061970964,-0.028864242,-0.016440783,-0.0013653842,0.01570753,-0.015724013,-0.0029089567,-0.008480408,0.012497118,0.00998409,0.023243168,0.064474285,5.3019357e-06
24614,-0.07052728,0.006644666,-0.2395406,0.00015196904,0.007553995,0.0037046366,0.0027385384,-0.0010836048,-0.12658314,-0.005574116,-0.010118163,0.0045742765,-0.027165137,0.04271772,-0.060569253,-0.015385603,-0.050981697,-0.037331477,-0.022848314,-0.05581766,-0.08792508,-0.07686139,0.015422533,-0.11019846,-0.02173059,-0.024787938,-0.024091987,-0.023237573,-0.001624207,-0.18653084,-0.24198407,-0.14309654,-0.026001483,-1.0573772e-05,0.0,-0.073815845,-0.029077878,-0.016298516,-0.042153187,-0.06285117,-0.036520287,0.0020912313,-0.07117632,0.032560565,0.048918214,-0.03331232,0.0010506109,-0.0013653842,0.031487554,0.007758698,-0.0025534877,-0.012568076,0.006838929,0.010096571,-0.015662605,-0.044553738,1.3570953e-05
23949,0.13053942,-0.0018828387,-0.15914823,0.0007962937,0.009870815,0.00341661,0.0019917616,0.008181887,-0.084705345,-0.018717969,-0.03017693,0.01327269,0.015603474,-0.003032971,0.01922297,0.06632611,-0.04255035,-0.014514066,-0.047273893,-0.05472396,-0.015399718,0.17879967,0.014380815,0.19741125,0.05934257,0.0066576353,-0.043890033,0.07873339,-0.14311476,-0.12893413,-0.16305085,-0.10172842,-0.023825753,-1.0573772e-05,0.0,-0.016517079,-0.017501196,-0.017262934,-0.03706836,-0.0535232,-0.011289089,-0.0018876721,-0.06309175,-0.027672358,0.04476814,0.03516642,0.010078174,-0.0013653842,0.0151858255,0.009738008,0.0022987358,0.01576115,0.007968636,0.008307912,-0.023374263,-0.059071645,2.1457317e-06
10320,-0.14882952,0.017308835,-0.24710765,0.0039508324,0.002924743,0.002341241,0.0021243477,-0.0019021095,-0.100878455,-0.058800735,0.08092572,-0.0073066126,-0.033879243,-0.009700845,-0.13871965,-0.121332325,-0.0769735,-0.080086514,-0.05644179,-0.08236123,0.052986473,-0.041334245,0.002244663,-0.0011830374,0.0067161485,-0.028301641,-0.02494843,0.113054834,0.014901576,-0.17940551,-0.2236857,-0.13560763,-0.02890327,-1.0573772e-05,0.0,-0.031165186,-0.01801819,0.00010172679,-0.05024419,-0.02786308,-0.08107303,-0.0015650747,-0.028560134,-0.041411273,-1.4922291e-05,0.030966187,-0.011217415,-0.0016210396,-0.025949063,-0.009743851,0.0004357022,0.016337559,0.008964212,0.009498956,-0.010250374,-0.016687013,1.9266343e-05
11078,-0.10206889,0.012679462,-0.05277547,-0.013982284,-0.054113604,-0.005972723,-0.033292297,0.06877283,0.1370503,0.0081877485,-0.056440867,-0.010624877,0.029576562,-0.016642218,0.026034094,0.062361386,-0.09673716,0.060620334,-0.012801972,0.069925964,-0.06197633,-0.042197462,-0.024347404,-0.05005552,-0.11779637,-0.0008569732,-0.01118358,-0.033378087,0.15410464,-0.13640577,-0.17670864,-0.10790866,-0.018224437,-1.1933477e-05,0.0,0.051977806,0.04677515,0.0058968184,-0.045878306,0.098241284,0.03694078,-0.0020349382,-0.04842129,0.02107043,0.006764969,-0.018831752,0.0055737896,-0.001376457,-0.011305206,-0.008104541,0.00014487104,0.0050153015,0.004651142,0.008722927,0.013048219,0.028359788,1.3570953e-05
376,0.22122307,-0.09450468,-0.20992117,0.000928783,0.009187838,0.0035185674,0.0021692505,-0.002642785,-0.08193716,0.0044264602,-0.022581331,-0.0013767115,-0.04340131,0.008940761,0.06675191,-0.031699643,-0.059389096,-0.03180356,-0.01319546,-0.042635553,0.032735694,-0.006562225,0.014019578,0.012606147,0.05108953,0.11032331,0.03307999,-0.034239158,-0.029509723,-0.17838804,-0.21638355,-0.1281157,-0.027998896,-1.0573772e-05,0.0,-0.0464202,-0.017346645,-0.037800033,0.1354115,0.12900145,0.04238635,0.0021025587,-0.058059473,0.02222068,-0.03671052,0.015993131,-0.006456889,-0.001376457,0.036988925,0.013420848,0.0037513191,-0.00977043,-0.021046244,0.0073133917,0.019502722,0.044659488,1.3570953e-05
3633,0.109197386,-0.18753938,-0.17390521,0.00063934305,0.0119523825,0.0026440024,0.0024273698,0.007214007,-0.08856593,-0.022791166,-0.04547386,0.0037702217,-0.03960131,0.0032739963,0.042029873,-0.066969216,0.034653537,-0.009893944,-0.075629644,-0.038225446,0.027424911,0.1517456,0.0033565185,0.1817515,0.044726036,0.0035492533,-0.01240043,-0.06245076,0.0118212905,-0.13083082,-0.18066163,-0.10472877,-0.027753638,-1.0573772e-05,0.0,-0.04741458,-0.022249768,-0.013630907,-0.06759241,-0.08118285,0.026486648,0.012551094,-0.015552263,0.08671853,0.11206358,0.033036314,-0.012091796,-0.0013653842,0.033686638,0.01597188,0.00241673,0.013965768,0.007957139,0.008316031,0.02388227,0.057348955,2.1457317e-06
12949,0.0055255806,0.018872412,1.0526936,0.006088299,0.018046426,0.003239719,-0.001004946,-0.0014154929,-0.035558753,-0.031644057,0.04957158,0.011972156,-0.06294801,0.0219023,-0.068597145,-0.12919316,0.006350473,-0.0340553,-0.048003722,-0.024078643,0.03161982,0.048061654,0.0213991,0.053089455,-0.0040204832,-0.01894577,0.018769044,-0.004429627,-0.0047889343,0.24355157,0.50948775,0.06153447,0.04659216,-1.0573772e-05,0.0,0.0029746091,-0.0067937947,0.005351567,-0.088609815,-0.025579806,-0.014689531,0.004519647,-0.053012475,-0.006578366,0.031130362,0.018457158,-0.003777545,0.02653115,-0.013559036,-0.00918491,0.010358199,-0.010463112,0.006975292,0.012625555,-0.015593521,-0.024144856,2.8651328e-05
17061,0.14112863,-0.013991062,-0.16669285,0.0018737183,0.0122180395,0.0012080552,-0.0028323638,-0.004357463,-0.0554237,0.0069329133,-0.049166456,-0.030709935,-0.039234493,0.00018560098,-0.0024976293,0.08671568,-0.035539187,0.11571172,-0.013765168,-0.034254044,0.04192705,0.13076752,0.019596267,0.15886787,0.16193375,-0.021860695,-0.031555135,-0.041660916,0.011563003,-0.12818968,-0.18150316,-0.10153827,-0.025874084,-1.2898648e-05,0.0,-0.0042468933,-0.014435663,-0.054868165,-0.027642481,-0.07769839,-0.03287808,-0.00096302235,-0.057369377,0.008500721,0.06682068,0.03233578,-0.028768193,-0.0013653842,-0.01930359,-0.016962219,0.0025374275,0.014599579,0.0062852814,0.009209575,0.033147577,0.018481156,1.3570953e-05
7922,0.23929779,-0.016299086,-0.20816013,0.0026994762,0.012582063,0.00430677,-0.00086890353,-0.0013936495,-0.019959055,0.013177604,0.013782394,0.0028998712,-0.038455512,-0.014223325,0.054259107,0.07055012,-0.032095317,-0.04409064,0.02471613,-0.037180834,0.013805016,0.049131643,0.01889054,-0.01614141,-0.011971476,0.09653016,0.023122048,-0.01954952,0.0051787677,-0.16603945,-0.1934419,-0.117208906,-0.026665365,-1.0573772e-05,0.0,0.010307401,-0.015167657,0.01401724,0.08969497,0.16489424,0.07528436,-0.0012731529,-0.028604703,-0.01401725,-0.014380868,-0.0008037867,-0.016152259,-0.001376457,0.032132473,0.018502496,0.0036978398,0.010159498,0.00412735,0.0075412067,0.018551778,0.053067207,-5.053689e-07
24665,0.029173857,0.012977259,-0.22996704,0.010922365,0.018038003,0.0034239031,0.002256852,-0.010522582,-0.08076564,-0.006008901,-0.0054506804,-0.0379781,0.042473767,-0.02412332,-0.010070361,0.055419236,-0.012625372,-0.0041366657,0.027287444,0.03525177,-0.012659357,0.01620411,0.0076338626,0.025109174,0.030786676,0.006265629,-0.093603514,-0.02169549,-0.17022924,0.29307663,0.41475767,0.3216351,0.03099249,-1.2898648e-05,0.0,-0.021931399,-0.012709794,-0.025268551,-0.0705335,-0.016926073,0.020512909,0.006128428,-0.024483569,-0.04340228,0.011654219,0.014495032,-0.013212862,-0.00375652,0.04538923,-0.0032000383,0.00021889256,0.0036745423,0.009799865,0.004271734,0.019099632,0.050522838,1.4581801e-06
10550,-0.012603111,-0.24861194,-0.22608857,0.0038266059,0.008604617,0.0011248211,0.0021235875,0.00017602272,-0.016099937,-0.039540023,0.050592367,-0.025081811,0.20416881,0.057870947,-0.14191055,-0.18809058,-0.07980707,-0.0855274,-0.07077018,-0.060778756,0.095107384,0.07026188,0.010721655,0.05827344,-0.047873583,-0.028433949,-0.028629016,0.09064063,-0.0012842421,-0.15269093,-0.19153394,-0.14034495,-0.029388288,-1.0573772e-05,0.0,0.05109623,0.015361294,0.016604252,-0.07731241,-0.028199997,-0.108207755,0.011061581,-0.022359058,-0.031709768,-0.010211525,0.02793319,0.0139977485,-0.0013653842,0.059318338,0.019223178,0.0005536963,0.016416483,0.0024440903,0.008723101,0.015513635,0.042213835,5.1900215e-06
29684,-0.07330636,-0.041607875,-0.14934425,-0.019006437,-0.0780331,-0.013087311,-0.03505434,-0.013561324,0.1888842,0.003623698,-0.03757174,-0.02099644,0.04005504,-0.0050437665,0.049453862,0.08426759,0.1473833,0.008987979,0.0018244127,0.07015524,-0.09630771,-0.015606273,0.0012599919,-0.05030811,-0.044216968,-0.0020905053,-0.096729,-0.012763031,7.929315e-05,-0.1484316,-0.17431048,-0.116132885,-0.01984235,-1.1933477e-05,0.0,0.021497425,0.03783681,0.035710897,-0.0077005653,0.11797817,0.09331782,-0.0013912576,-0.047273424,0.04029475,-0.012302813,-0.013693709,0.01716027,-0.001376457,0.018217266,0.0079755215,-0.0012664117,-0.006924868,0.004859764,0.009216406,-0.00473093,-0.037826803,1.3570953e-05
8661,-0.018183041,-0.012686782,-0.23421796,0.00039234178,0.0067951716,0.0033816297,0.001184371,-0.004769003,-0.11142386,-0.02526913,0.021286223,0.01608736,-0.08464199,0.023106147,-0.024936069,-0.031804714,-0.0049812114,-0.02080905,-0.001766592,-0.031285755,0.039591957,-0.035596415,0.017142292,0.007140861,-0.015810551,-0.027186118,0.07490892,-0.0001362364,-0.0055031436,-0.17709368,-0.23238422,-0.1380435,-0.028459627,-1.0573772e-05,0.0,-0.08046579,-0.023777185,-0.03316236,-0.06601769,-0.05243431,-0.042809222,0.0036438643,-0.056841966,-0.03303871,0.021617265,0.019507065,0.0014403677,-0.0016210396,-0.022066673,-0.005494224,-0.0025534877,-0.012518471,0.0095872255,0.007693464,-0.01333863,-0.03978162,5.1900215e-06
4402,0.012323776,0.078615725,-0.3786792,-0.0064440123,0.0034577767,0.0030574796,0.0020769548,-0.0024259118,-0.06488788,-0.020145249,0.0287592,0.013191533,-0.06298792,0.018546551,-0.04463651,-0.0074293227,0.016825614,-0.08026566,0.07115752,-0.03418868,0.03017937,-0.027493611,0.008483515,0.007971393,-1.5042198e-05,0.016454915,0.10232871,0.0735783,-0.018466359,0.23985714,0.38112926,-0.057824023,-0.09538265,-1.0573772e-05,0.0,0.0068725804,-0.013007913,-0.009415673,0.1591745,-0.09211799,-0.021162277,0.009482585,-0.034652866,-0.044425562,0.023188375,0.02447657,-0.003919168,-0.005922408,-0.022224108,-0.0054356805,8.440111e-08,0.009956675,0.00786979,0.00905721,-0.01747666,-0.020607673,5.1900215e-06
642,-0.0007932439,-0.02553082,-0.20590715,-0.001060578,0.009440557,0.006821698,-0.01801172,-0.0015078129,-0.078782886,-0.026941592,-0.0060010618,-0.04225074,0.107926436,-0.029707082,0.014234823,0.06943901,0.010945885,0.055329334,0.043410983,0.061597545,-0.05167746,-0.060167942,-0.0014218752,0.02764702,0.008260717,0.007847622,0.11011512,-0.026309054,-0.07419686,-0.16707374,-0.22091362,-0.11163073,-0.026272537,-1.1933477e-05,0.0,-0.0406634,-0.035582837,-0.07170385,-0.056542143,-0.08706674,0.08475367,0.00643516,-0.039162986,-0.057289314,-0.06461344,0.0150408475,-0.024047492,-0.001376457,-0.025315246,-0.006509898,0.00040654145,-0.003990444,-0.008129602,0.007269443,0.010110715,0.048597325,-4.2372103e-06
12560,-0.03807524,-0.0049883197,-0.23689054,0.0033565224,0.001625509,0.0034215902,0.002781444,-0.0016587544,-0.061117813,-0.04410515,0.028262937,-0.00060231204,-0.0050465874,-0.007622504,-0.04283088,-0.055437915,-0.08901643,-0.05440874,-0.04621503,-0.14205085,0.0562848,0.08174055,0.020625068,0.07934648,0.043166168,-0.010003255,0.15182513,0.10244318,-0.004726481,-0.17172304,-0.20442407,-0.13940842,-0.02723638,-1.0573772e-05,0.0,-0.009476501,-0.011625481,-0.0036675301,-0.04722328,-0.026200024,-0.0053307544,-0.002266121,-0.0041163866,-0.057080492,0.0848848,0.023809362,0.0457517,-0.0013653842,0.045680624,0.014023831,-0.0027426109,-0.008001336,0.0017346665,0.010459363,0.021119263,0.048815966,1.9266343e-05
2242,-0.00586907,-0.006292374,0.99613076,0.0023262047,0.019209167,0.0035098293,-0.0013105903,-0.0021186706,-0.051180445,-0.005208596,0.012139167,-0.0070723854,-0.05908155,0.046898745,-0.029481824,0.049780518,-0.017617553,-0.037030786,-0.0033763528,-0.03305659,0.037361417,0.03786479,0.026593192,0.11824247,0.004156916,0.007178499,0.099007815,0.047976747,0.008205159,0.23213843,0.47235632,0.07470321,0.04713513,-1.0573772e-05,0.0,-0.007111164,-0.012082818,-0.016529096,-0.039026417,0.015078916,0.0043307454,0.007061019,-0.040619303,-0.032700945,0.0076877736,0.0145952515,0.0060900124,0.02653115,-0.014186892,-0.0020280378,-0.0022345532,-0.010729107,-0.017461326,0.01110555,-0.01839827,-0.0146874795,2.2955937e-05
5329,-0.056588754,-0.034508295,-0.044890463,0.0033579061,-0.0068742638,0.0023323335,0.005580086,0.0033187831,0.2834124,0.03192175,-0.023699991,-0.008479162,0.0430198,-0.01778839,0.07695161,0.08956331,-0.04962439,-0.026211465,-0.007638264,0.013079787,-0.029003419,-0.029070765,0.0037267497,-0.045399807,-0.04170238,-0.034753304,-0.06040817,-0.031368975,0.008904049,-0.13934839,-0.1811648,-0.117544524,-0.020801136,-1.2898648e-05,0.0,0.073322736,0.04803898,0.036261275,-0.04164104,0.10384241,0.018875016,0.0047071856,-0.03751556,-0.04381589,-0.060499057,-0.0194444,-0.037757166,-0.001376457,-0.015395858,-0.006105648,-0.0013787262,-0.0070629916,0.0073688803,0.009769575,-0.0071924166,-0.016117798,-5.053689e-07
19728,0.0024235612,-0.036601678,-0.23009872,0.000817904,0.011152198,0.0042896396,0.0022844076,-0.0041355635,-0.08424004,-0.027627941,0.014722333,0.014714503,-0.07075143,0.017358936,-0.03968311,-0.04277181,-0.0072374903,-0.033905387,0.047151238,0.079620585,0.03772425,0.025946112,0.01497519,0.015671695,-0.044131532,-0.019579748,0.0035713206,0.056434847,0.020943109,-0.16928984,-0.21648777,-0.14145516,-0.027801136,-1.0573772e-05,0.0,-0.025779294,-0.01588098,-0.021186192,-0.0068811476,0.17241234,-0.036371022,0.0091536585,-0.04608759,-0.035176646,0.031946875,0.019996755,0.008669113,-0.0013653842,-0.030634848,-0.005115088,0.00014279611,0.007775839,0.007326645,0.009021387,-0.012395616,-0.022775672,5.1900215e-06
27001,0.008841395,-0.042023953,-0.37171093,-0.0067761424,0.0058422205,0.0042145667,0.006793973,-0.0025053273,-0.06895492,-0.019738577,0.015959222,0.026209647,-0.046762217,0.017848536,-0.009876589,-0.021648612,-0.09174152,0.05347739,-0.004735738,-0.08000342,0.022043332,0.01286742,0.014467772,-0.0018745699,-0.016839825,0.026907114,0.014669233,-0.019601544,0.0026598219,0.30091864,0.4409792,0.1771941,-0.091976486,-7.922725e-06,0.0,-0.030311937,-0.011038246,-0.015469565,0.14132366,-0.06893269,-0.034853395,0.0024896143,-0.04257663,-0.023675146,0.069306485,0.001760617,-0.016942635,-0.00557003,0.032874383,0.010070705,-0.0012998509,-0.009217766,0.008917102,0.010285137,-0.017803296,-0.0514936,1.9266343e-05
2608,-0.046264376,0.109750815,-0.071510546,0.0026752965,-0.0022149454,0.006672487,0.0051362864,0.04046038,0.25050396,0.007035391,-0.07588472,-0.01976272,0.06124447,-0.00459471,0.04848609,0.07603785,0.16733824,-0.03696931,0.036316074,0.061405912,-0.12669882,-0.031353597,0.005487537,-0.046670347,-0.11316773,-0.054236177,0.053052705,-0.119060285,0.06455147,-0.12890579,-0.14265305,-0.08648935,-0.023968816,-1.2898648e-05,0.0,0.0025635525,0.040307052,-0.007910932,-0.0027057412,0.120284796,0.06754011,-0.0011306857,0.052851297,0.010946049,-0.011771979,-0.0104456255,-0.006126699,-0.001376457,0.024540057,0.011230667,0.0005102299,-0.009109281,-0.018772177,0.0101905335,0.016203687,0.037761558,-5.053689e-07
28887,-0.060421076,0.014668207,-0.053786192,0.0030855653,0.003385447,0.007623998,0.006635046,0.015385542,0.23479752,0.0013634384,0.044617686,-0.010880317,0.07488133,-0.019211972,0.07761626,-0.0010636956,0.14966054,0.022682386,0.02423659,-0.007480905,-0.045888785,-0.036460556,0.002852227,-0.04608866,-0.027629895,-0.042881068,-0.047400955,-0.030406877,-0.0005378474,-0.14486572,-0.17878076,-0.10984899,-0.019246563,-7.922725e-06,0.0,0.09028808,0.030434538,0.0011711785,-0.0368793,0.13379149,0.011307082,-0.0012475912,-0.06180262,-0.04069628,0.024869151,-0.010209237,-0.0009817365,-0.0016210396,-0.021981709,-0.008157674,9.9462326e-05,-0.004799984,-0.026975196,0.009115759,0.013409674,0.050750915,-5.053689e-07
7232,-0.07714614,0.012659182,-0.24502485,0.00015072396,0.009741817,0.0033755712,0.0035336986,-0.0021948055,-0.10618722,-0.030161105,0.03280907,-0.002005694,-0.09129061,0.017035982,-0.11583311,-0.10702065,-0.072746865,-0.045918237,0.0059032277,-0.048895147,0.04611617,0.014725078,0.016798466,-0.0041908454,0.0026053768,-0.021886019,-0.037823647,-0.026187113,-0.041425705,-0.17978732,-0.2232207,-0.1323326,-0.030278442,-1.0573772e-05,0.0,-0.043068726,-0.017308736,-0.013662965,-0.034714323,-0.05695749,-0.082245074,-0.000274812,-0.07557182,-0.00069091265,-0.06477956,0.021617869,0.013146331,-0.0016210396,0.05520936,0.011916688,0.00040654145,0.010652864,0.0078828465,0.008772244,0.016182218,0.049648043,5.1900215e-06
25583,0.000121770725,-0.012538665,-0.14342397,0.00035392118,0.01032219,0.0042739543,0.0045466986,-0.0026987079,-0.13761532,-0.031053789,-0.012620296,0.033917215,-0.10299519,0.018645452,-0.013783789,-0.023355085,-0.05296481,-0.03874386,-0.007912697,-0.04118459,-0.07929308,-0.04473203,0.0195267,-0.063890465,-0.061262947,-0.022277677,0.02337509,-0.025171645,-0.022787564,-0.20545322,-0.26344398,-0.14524506,-0.026563268,-1.0573772e-05,0.0,-0.07556399,-0.025272783,-0.025824664,-0.004514364,0.11331582,-0.03766613,0.009748795,-0.05754552,0.014758316,-0.07251013,-0.019231636,-0.0036785032,-0.0016210396,-0.028117545,-0.00836605,0.0005726698,0.010248425,0.00951274,0.0063524367,0.011389125,0.029927162,5.1900215e-06
15157,0.06161042,-0.013476057,-0.2262282,0.001302412,0.009230378,0.004265458,0.0021989043,-0.0033583976,-0.08609774,-0.0055933585,0.021318719,0.004358682,-0.067062214,0.04224657,0.05860969,0.0876937,-0.046959125,-0.02546675,-0.013691986,-0.04292968,-0.008654956,-0.035808153,0.026760163,-0.041955568,-0.07444448,0.058699396,0.0025512925,-0.025608312,-0.014265364,-0.19415344,-0.23351096,-0.14149176,-0.027785018,-1.0573772e-05,0.0,-0.05084119,-0.021193141,-0.0056412616,0.15328822,0.13945067,-0.0024783202,0.0065539004,-0.033846356,0.047357775,-0.017424202,-0.0030638846,-0.01591458,-0.001376457,-0.019129105,-0.004357041,0.0016766159,0.012988995,0.0045647747,0.0077118706,-0.011844686,-0.0243749,1.3570953e-05
21393,-0.06090636,0.0631476,-0.19067857,0.0070139756,0.014211682,0.002745591,0.006679355,-0.0016808811,-0.10426126,0.00871501,-0.010797679,-0.0045284713,-0.042388793,0.021026343,0.05153962,-0.014638453,-0.01911056,-0.020567471,0.0012250261,0.07230817,-0.049404126,-1.5531841e-06,0.02076297,-0.054527566,-0.05380679,-0.010065245,0.034409642,0.094993085,0.0012059871,0.3307622,0.48215073,0.55914843,0.044645727,-1.0573772e-05,0.0,-0.028153002,-0.015175419,-0.02243773,0.17372167,0.06009444,0.022449391,0.0024487819,-0.029757705,-0.02625079,-0.043728422,-0.020469844,-0.00051554455,-0.0011585169,0.039512116,0.014329071,-0.0010392477,-0.0036350924,0.0043998323,0.008739148,0.009246936,0.055592112,-5.053689e-07
25221,0.116405085,-0.018281447,-0.17240518,0.0066481284,0.0157468,0.008881755,0.0036345907,-0.00398105,0.05523012,0.006576858,-0.010746875,-0.009956929,-0.020180032,0.006925393,0.036377363,0.09701993,-0.010068845,0.027439361,9.802664e-05,0.05237139,0.025135767,0.026138308,0.032317225,0.026328256,0.021797443,0.07106423,0.026310256,0.09003248,0.0028344598,0.23292886,0.35224372,0.4276607,0.042689286,-7.922725e-06,0.0,0.02418039,0.0032307347,-0.014834239,0.16329798,0.09068012,0.044610977,-0.0025532327,-0.017847339,0.035836756,0.0048087854,0.006466444,0.001450026,-0.0011585169,-0.018446432,-0.015223101,-0.004484238,-0.0065346416,0.0033795037,0.010446353,-0.0141179,-0.0325001,1.3570953e-05
24277,-0.12511806,-0.028252777,-0.21613586,-0.02410034,-0.049650516,-0.004748499,-0.025070101,-0.024154851,0.0396609,-0.004606321,0.026367415,-0.01359387,0.023606798,-0.057099726,-0.0615489,-0.008667802,-0.05346934,-0.031123798,0.015731834,0.0928798,-0.043182574,-0.15467952,-0.25725064,-0.045840606,-0.051576853,-0.008476858,-0.04975654,-0.222083,-0.018871177,-0.14874256,-0.1905759,-0.13706346,-0.0208133,-1.0573772e-05,0.0,0.044732604,0.015778486,0.020541668,-0.040244628,0.12894116,-0.04379724,0.0025790818,-0.048291698,0.0006923229,0.04707915,-0.018147085,-0.06987329,-0.0013653842,0.011082567,0.004518132,-0.0022160762,-0.012450325,0.0067063645,0.009830533,-0.009160976,-0.03750366,-5.053689e-07
23389,-0.06732823,-0.0007872147,-0.24692538,-0.004441643,-0.002273844,0.0029697162,0.0014216822,-0.0026644608,-0.19441186,-0.036586165,0.021759119,0.005313645,-0.09997396,0.019967755,-0.0040270207,-0.048259985,-0.002187926,-0.03730003,0.00018654508,-0.042298555,-0.09525821,-0.09030153,0.017278824,-0.12587097,-0.08523731,-0.03709081,0.11370755,0.03968021,0.0386842,-0.19579676,-0.25764441,-0.1288163,-0.029544724,-1.0573772e-05,0.0,-0.102002814,-0.033194512,-0.040899348,-0.04462374,-0.064808995,-0.037753116,0.009529236,-0.049300373,0.029753022,-0.01918047,-0.051028997,0.0034429159,-0.0016210396,-0.020627284,-0.007870687,-0.0037312806,-0.012994719,0.007853367,0.009824502,-0.010207665,-0.019758683,1.9266343e-05
14702,-0.16059768,0.009143963,-0.20172335,0.0016917337,0.0018649027,0.0026938578,0.0030749887,0.008572057,-0.04087603,-0.085136734,0.015800387,0.0072203926,-0.004213647,0.01336627,-0.11231407,-0.014525539,-0.016035046,-0.04282304,-0.04811662,-0.037293628,-0.0058738957,-0.055869155,0.009132581,-0.06301263,0.029648343,-0.0040886523,-0.07500701,0.076239906,-0.19650279,-0.15589038,-0.2054549,-0.11416388,-0.027754312,-1.0573772e-05,0.0,-0.008722814,-0.008324026,-0.0007578861,-0.032510158,0.01517222,-0.10807907,0.011103236,-0.03920486,-0.067392,0.09671515,0.010888422,-0.03255925,-0.0013653842,0.043563385,0.024074841,0.00040654145,0.010970939,0.010123494,0.007938173,0.0056183287,0.059959713,1.9266343e-05
9306,0.010623087,0.031602923,-0.2243099,0.008618992,0.017285245,0.0027012308,0.007694608,0.00034967787,-0.06791399,-0.03824962,0.027181998,0.037265018,-0.07821266,0.023071077,-0.0491038,0.024047466,-0.0074928002,-0.05123751,0.040011838,-0.04567816,0.04878745,-0.024075726,0.011268423,0.014910175,-0.08583171,-0.018063981,0.14646228,-0.013373269,-0.0077236705,0.3482107,0.44616574,0.51149315,-0.10625155,7.866365e-05,0.0,0.031421445,-0.010698736,-0.011079455,0.12226122,0.07631309,-0.014690971,0.0054506725,-0.049339935,-0.051309977,0.002026202,0.016724652,-0.0021271773,-0.0012110719,0.03683572,0.005658323,-4.485462e-05,0.0012838765,0.0073647904,0.0065655527,0.009635576,0.029333485,5.1900215e-06
7594,-0.021426354,-0.2097202,-0.20860428,0.0018750546,0.014628248,0.0024911703,0.0023747142,-0.00045741018,-0.07339395,-0.026976122,0.054965064,0.010202594,0.012206705,0.010423074,-0.07246867,-0.1525057,-0.042242665,-0.03107278,-0.040793024,-0.039085474,0.0737948,0.16475394,0.011055982,0.28571743,0.006868824,-0.022339245,0.10824249,0.11925514,-0.031890973,-0.13295212,-0.1935136,-0.12444825,-0.02937605,-1.0573772e-05,0.0,0.11833614,-0.014583826,0.0003219478,-0.03406312,0.018359626,0.10693049,0.010154737,-0.017644675,0.04029881,0.011860937,0.04842176,-0.0088466965,-0.0016210396,0.034211006,0.022426605,0.0020524499,0.017125696,0.0039081485,0.009418061,-0.0127430195,-0.045126125,1.4581801e-06
29574,-0.09671476,-0.012533204,-0.21277982,0.0033608507,0.015145285,0.004703959,-0.0015748972,-0.000879545,-0.037404656,-0.053984605,0.044469282,0.009324152,-0.02477862,-0.0020843595,0.055258553,-0.23524928,0.075687215,-0.06567533,-0.009322182,-0.05336552,0.02207531,-0.0040252428,0.0026525063,-0.026688581,-0.083454095,0.014912561,0.122345835,0.07281683,0.00412544,0.32206318,0.47432625,0.48383862,0.045309983,-1.0573772e-05,0.0,0.025040371,-0.01083071,0.006325589,0.15220444,-0.08115212,-0.0032262823,-0.009561121,-0.016813152,-0.014400343,0.041642938,0.00015717931,0.010706323,-0.0012110719,0.023272427,0.0075963465,-6.628943e-05,-0.0021607578,-0.022948714,0.009146247,-0.022662891,-0.046706468,1.9266343e-05
28813,-0.18453838,0.0010090198,-0.23914568,-0.00156416,0.0058323108,0.0038378218,0.0022540377,-0.0029916721,-0.081993364,-0.025111126,-0.018390942,0.007708775,-0.03668317,0.011012514,0.06349488,0.040574457,-0.04801737,-0.021633347,-0.0065306644,-0.018423777,-0.06772127,-0.032095615,0.00839572,-0.110114954,-0.04450169,-0.013624276,-0.0078025167,-0.046098612,-0.005197851,-0.18617877,-0.2444183,-0.12392067,-0.026582496,-1.0573772e-05,0.0,-0.061998256,-0.024286631,-0.020003516,0.18532556,-0.097082056,-0.03581659,0.006324625,-0.06947545,0.018055547,-0.013330464,-0.023652827,-0.008583613,-0.0016210396,-0.018339809,-0.004719174,7.827947e-05,0.013779425,0.0033242228,0.010679306,-0.009279573,-0.022534955,1.3570953e-05
18430,0.07419659,-0.0113232285,0.8998419,0.0017734634,0.021341452,0.004523369,-0.0012949231,-0.0012568131,-0.03489322,-0.008920764,0.010856891,0.007960732,-0.037745774,0.04069231,0.041130878,0.020945266,-0.021251997,-0.009903971,0.034582596,-0.019312004,0.028640725,0.034012396,0.011463768,0.009222684,0.0039605517,0.059346423,0.04659365,0.02980547,-0.012994667,0.2867157,0.52509946,0.22189511,0.048089173,-1.0573772e-05,0.0,-0.023232225,-0.0055039763,-0.0038370164,0.14099742,0.019031432,-0.0048467168,-0.0010220769,-0.036566284,0.008220181,-0.032817863,0.009079175,-0.0068105734,-0.0058222166,-0.008055815,-0.0019652098,-0.0036101309,0.009824624,0.004960191,0.011033906,-0.022585114,-0.019346485,5.946376e-05
13340,-0.1273077,0.020077823,-0.14356433,0.0031510266,-0.010996749,0.0009040269,0.004758007,-0.0070090434,-0.12052691,-0.04439187,0.008892604,-0.017692743,-0.06725562,-0.013949347,-0.20346528,-0.41293746,-0.15100272,-0.010341403,-0.03706768,-0.07501565,-0.08344503,-0.049837,-0.031869523,-0.10010404,-0.0004273085,0.0053483564,-0.11894866,-0.069993995,0.009608875,-0.1659726,-0.20647651,-0.10517522,-0.027732315,-1.0573772e-05,0.0,-0.102255516,-0.031805567,-0.031786345,-0.015363524,-0.08662987,-0.17305273,-0.015806854,-0.01928308,0.1073421,0.07276706,-0.044777155,0.035145354,-0.0013653842,-0.012481801,-0.00085889146,0.0005821376,0.012696768,0.0119114835,0.00920651,0.027299814,0.05490749,-0.0020998314
5156,0.009092812,-0.04656141,-0.06387207,-0.0004836851,-0.003777605,-0.00036770818,0.006171188,0.03335724,0.18018632,-0.0011519872,-0.0366577,-0.013632699,0.05245759,-0.022000829,0.02648732,0.07494515,-0.07632434,0.05251445,0.03528353,0.04704143,-0.051215015,-0.016745865,0.018497258,-0.02697891,-0.0960462,-0.013103112,-0.03985192,-0.042578436,0.06486618,0.19892168,0.25656104,-0.04819814,-0.036927596,-1.1933477e-05,0.0,0.0050759995,0.020970505,-0.002047518,-0.015329926,0.14927226,0.071026824,-0.0020982735,0.03340532,0.0383702,-0.012239616,-0.013042157,0.0014828546,-0.005836264,0.013230673,0.007504176,0.0003178158,0.006650651,0.0048446152,0.010530132,-0.011830124,-0.035820775,1.3570953e-05
26830,0.15129285,-0.015020344,-0.23031291,0.0008422283,0.01072521,0.004228383,0.002200433,-0.0030639446,-0.09632605,0.0061561437,-0.015250361,0.0006443355,-0.05278885,0.025474764,0.0125816045,-0.02810739,-0.043467768,-0.026449349,-0.011487047,-0.043988224,0.00048844004,-0.031144084,0.017831948,-0.030960163,-0.0021614209,0.065917775,0.019931981,-0.031337515,-0.014950652,-0.17983118,-0.23462419,-0.13023613,-0.02773694,-1.0573772e-05,0.0,-0.059385844,-0.025896154,-0.018712103,0.14154203,0.11733106,0.0407849,0.0064380807,-0.028710378,-0.029818933,-0.04978315,-0.008450851,-0.003233581,-0.001376457,0.043362,0.013854285,-0.018303413,-0.00977043,0.0045830216,0.008183078,0.013971001,0.036488727,-5.053689e-07
24693,-0.017594436,0.012344405,-0.27317125,-0.0036397218,-0.0067588957,0.013998359,0.0041842265,-0.013395345,0.11553054,-0.027810033,-0.037467573,-0.009426595,0.025540162,-0.019311532,0.04422517,0.013897923,0.1323536,-0.1154314,0.05309447,-0.05579894,-0.03926819,0.022965778,-0.017653756,-0.0347445,-0.060233112,-0.028408468,-0.041839693,-0.03181806,0.06384642,0.22509368,0.32138044,0.13600859,-0.074749246,-1.0573772e-05,0.0,0.006606357,0.0066016796,-0.019439725,0.01793354,0.014058131,-0.015275595,-0.0014292246,-0.056821335,0.014849182,0.030890789,-0.008856999,0.006992475,-0.00557003,0.04744577,0.01828621,-0.0013377734,-0.006549637,0.008056514,0.0075653167,0.015096479,0.054377202,1.3570953e-05
18007,-0.18494461,0.06093285,-0.21618381,-0.025245765,-0.053232234,0.0017768065,0.0037924405,-0.0063291616,0.072553985,-0.015226881,0.01961277,-0.03594141,0.042771354,-0.02504129,-0.06844288,-0.033318568,-0.29151243,-0.01696917,-0.022627167,-0.050870657,-0.077508025,-0.14122742,-0.011708757,-0.044614784,-0.114752635,-0.060545947,-0.1261674,-0.13091975,-0.017840883,-0.15535413,-0.1999766,-0.123389676,-0.025717046,-1.0573772e-05,0.0,0.06322336,0.014862297,5.578081e-05,-0.033917177,0.023931922,-0.018034859,0.0012524946,0.029471276,-0.13224788,0.1091792,-0.019725395,-0.048468444,-0.0013653842,0.014006455,0.008348887,-0.0021530197,-0.017206114,0.004924057,0.009897692,-0.0038044364,-0.03308088,1.3570953e-05
24854,-0.13262148,0.030355725,-0.14800107,0.00608149,-0.009861746,0.0011777931,0.0041796733,0.005091837,-0.12211319,-0.028409418,0.0064303586,-0.0029667057,0.009282019,0.0296127,-0.15464868,-0.13458039,-0.18072376,-0.012331448,-0.06203453,-0.060072478,-0.05219117,-0.014764293,-0.016709333,-0.14773583,0.07153459,-0.034551185,-0.03448601,-0.124293044,-0.029355425,-0.1599232,-0.19092286,-0.09405997,-0.028421748,-1.0573772e-05,0.0,-0.07092986,-0.015555397,-0.011674,0.10968941,-0.023437385,-0.19551367,-0.008905401,-0.018384328,-0.18706234,0.07908671,-0.041716706,-0.017109528,-0.0013653842,0.020681588,-0.015447842,0.0003066011,0.012211153,0.0024230927,0.008150165,0.054672193,0.091254905,1.3570953e-05
28071,-0.0072501856,0.002097321,-0.24985489,-3.5901543e-05,0.008802527,0.0034376374,0.0017007752,-0.004126484,-0.12041931,-0.026859947,0.025405196,0.04126002,-0.09659521,0.018834492,-0.08244462,-0.004875163,-0.040669378,-0.039920837,-0.0013654446,-0.036373902,0.0066678603,0.024592439,0.01569598,0.005570808,-0.016469086,-0.022520352,-0.0038894273,-0.01748892,-0.013594795,-0.17954452,-0.23360024,-0.13694017,-0.028423712,-1.0573772e-05,0.0,-0.04180103,-0.019534381,-0.02783905,-0.07677478,-0.056237645,-0.045821846,0.0033811321,-0.06281862,-0.006545895,-0.026627429,0.019507065,0.0065655555,-0.0016210396,-0.043292392,-0.00804005,-0.0027426109,-0.0102554625,0.009855948,0.009182671,0.01509672,0.040428445,5.1900215e-06
17770,-0.11491062,0.0063162725,-0.2599246,0.0028483653,0.0027490235,0.0018129799,0.0018154213,-0.0016283306,-0.06097942,-0.04521869,0.07337339,0.014498077,-0.04941989,-0.002758341,-0.057044588,-0.07779893,-0.042176273,-0.051269464,-0.0289869,-0.028927812,0.058768973,0.082665615,0.008839193,0.07639627,0.043194,0.019016286,0.07372215,-0.0014509885,-0.019462788,-0.16077006,-0.20880938,-0.12783018,-0.029833162,-1.0573772e-05,0.0,0.025220592,0.033544645,-0.016017798,-0.011448977,-0.087574914,-0.06935379,0.010538196,-0.020310886,0.027352579,0.028464507,0.026289443,-0.023367956,-0.0013653842,-0.03254342,-0.020660823,-0.0027426109,-0.015716774,0.0036961709,0.006089393,0.008489922,0.028691666,1.4581801e-06
93,-0.00046483317,-0.10768783,-0.18344499,-0.03278818,-0.08273281,-0.054916438,-0.018000394,0.013293489,-0.12538207,0.00050182897,-0.10347282,0.014912828,0.016771067,-0.034550212,-0.037462763,0.09072438,0.12808244,0.042985883,0.021299012,0.086158924,-0.028883317,0.0036113397,-0.014959869,-0.522786,-0.004546267,-0.07511739,-0.006297217,-0.13560045,-0.028998312,-0.12652414,-0.16119081,-0.10927041,-0.022577576,-1.1933477e-05,0.0,0.02458074,0.04513486,0.022035128,0.004918377,-0.08028178,0.013991906,0.0028303508,-0.047337394,-0.060663044,0.026164318,-0.024003113,-0.052386142,-0.0013653842,-0.0073751323,-0.0021450468,-0.001957893,-0.009909361,0.007379169,0.007985489,-0.015864827,-0.042373724,5.3019357e-06
15822,0.0029795433,-0.05611945,-0.121704884,-0.0190333,-0.087528445,-0.01307991,-0.033620268,-0.01994824,0.17721756,0.0044436646,-0.019298373,-0.018847574,0.043783676,-0.027268168,0.053822253,0.092942655,0.16415302,-0.013965832,-0.008354397,-0.034070294,-0.040903416,-0.019827342,-0.0006461898,-0.050437342,-0.0893727,-0.0061474903,-0.07230659,-0.022480361,-0.001461322,-0.1445926,-0.17006797,-0.110000364,-0.0173432,-1.2898648e-05,0.0,0.030456396,0.020187851,0.0037266237,-0.017113145,0.1442865,0.048266668,-0.0014282649,-0.03540082,-0.012240918,0.042734616,-0.010885931,0.018497229,-0.001376457,-0.011896275,-0.005536776,-0.0012664117,-0.009056141,0.007999261,0.009395762,-0.007989195,-0.029274806,1.3570953e-05
11791,0.1277882,0.017906664,-0.2033719,-0.00075821584,0.008818144,0.0068487707,0.0017112322,-0.0041653337,-0.09394937,0.0050571603,0.016497226,0.0018170872,-0.044816505,0.02111021,0.015598681,-0.012872805,0.06882122,-0.0333638,0.024342151,0.051168792,0.025555423,0.124764636,0.015547777,0.15539826,0.2460094,0.035328537,0.00911813,-0.028264899,0.030389577,-0.13990332,-0.18666643,-0.102515005,-0.028251085,-1.0573772e-05,0.0,-0.029162329,-0.027421663,-0.011108425,-0.054381162,-0.022015091,0.017381106,0.006429457,-0.025820361,-0.044120982,-0.061334897,0.029931828,0.0061269295,-0.001376457,-0.03291315,-0.011407916,0.0024161842,-0.009514147,-0.01607979,0.008155922,0.015162937,0.0349193,-4.2372103e-06
3425,0.13039823,-0.040525716,-0.22233018,-0.00011662733,0.015332207,0.0067982445,0.0011568861,-0.0023324399,-0.10946436,0.008891235,-0.03967295,0.00033123005,-0.049738307,-0.00025282535,0.0352139,-0.0011301655,0.049242977,0.0043476834,0.04269377,0.05907897,-0.038401943,-0.058601245,0.02007452,0.016303787,-0.004281352,-0.014553452,0.009078473,-0.044637617,-0.053625032,-0.17224424,-0.20077339,-0.109319575,-0.029159226,-1.0573772e-05,0.0,-0.05304892,-0.03135974,-0.029752951,-0.11002563,-0.101193585,0.04516449,0.002382752,-0.028255481,-0.027214404,-0.03334423,0.014472439,0.011757511,-0.001376457,0.026132058,0.008211281,0.0022987358,0.007980229,0.005253027,0.008752768,-0.016476328,-0.059903853,-4.2372103e-06
24163,0.14646779,-0.024067733,-0.22361349,0.0025846742,0.0068975342,0.0041847597,0.0022026706,-0.0012956334,-0.037435636,-0.0016982026,0.016267762,0.008276965,-0.023354426,0.0040312866,0.017329857,-0.016073644,-0.045302168,-0.014507307,-0.0027364641,-0.037433974,-0.07663228,-0.04496753,0.018632255,-0.054514445,0.012902588,0.06378392,0.005983654,-0.03269054,-0.018861588,-0.17544366,-0.25608853,-0.12747052,-0.028510787,-1.0573772e-05,0.0,-0.007947458,-0.021980295,-0.0075137983,0.17659357,-0.064804986,0.0322442,0.0013224697,-0.039245415,-0.039320562,-0.053861126,-0.018942954,0.0028483586,-0.001376457,0.029776102,0.012491103,-0.01811429,-0.012460095,0.0045311274,0.009558898,-0.012924979,-0.034053355,-5.053689e-07
1212,-0.046145547,-0.11913901,-0.035147887,0.0012799437,0.0012502389,0.0032737441,0.00498428,0.010950961,0.20363575,0.0013337526,-0.016093763,0.00084298465,0.0484642,-0.022352617,0.016692795,0.10975093,0.08598232,-0.018690156,0.023472153,0.06991723,-0.05045094,-0.0115742795,0.017348807,-0.047856223,-0.04367653,0.00018175851,-0.059980474,-0.033010546,0.0005406266,-0.12790628,-0.14585218,-0.09526657,-0.017849414,-1.2898648e-05,0.0,0.03422454,0.030431889,-0.013937739,-0.016315654,0.25976473,0.07341491,-0.00128055,0.011410242,0.030830782,-0.008149268,-0.0114255315,0.00062873017,-0.001376457,-0.0132287815,-0.0057361987,0.00044571506,-0.004682464,-0.025965177,0.010698757,-0.012187089,-0.025522701,1.3570953e-05
27455,0.07139726,0.034113377,-0.2472117,0.0062475763,0.004538481,0.002635059,0.0015378376,-0.002780594,-0.07727051,-0.007874711,0.010542369,0.004203737,-0.04901483,0.004508055,0.06397282,-0.030005088,-0.032286003,-0.013090506,5.6904035e-05,-0.027280835,0.03097641,0.04394897,0.014380458,0.03629023,0.013566797,0.024874382,0.041411012,0.113512985,0.024050433,0.20275708,0.32141152,0.022622926,0.04150859,-1.0573772e-05,0.0,-0.022830058,-0.014367673,-0.016607288,-0.0959086,-0.035177466,0.006646378,-0.000117175434,-0.010012651,0.035811663,0.011793349,0.018546617,-0.00015919306,0.014885308,0.031411886,0.008123984,0.0006331173,0.010382313,0.0050537665,0.008907676,-0.014399977,-0.055521898,2.1457317e-06
15723,-0.044689745,0.038755707,-0.20339708,-0.0006868987,0.002888272,0.002313704,0.0017659196,0.0002599431,-0.046110712,-0.03390587,0.0910901,0.016116582,-0.094830684,0.032330297,-0.0540584,-0.13870192,-0.038364332,-0.052079655,-0.0018847325,-0.025821066,0.08124214,0.15872101,0.0034760726,0.28773996,0.041268695,-0.0034352874,0.14638108,0.13379493,-0.030832428,-0.13039942,-0.18050335,-0.12523355,-0.023195887,-1.0573772e-05,0.0,0.06683097,0.010379811,-0.012600042,0.0056473403,-0.044865116,0.003302465,0.010094977,-0.0068688574,0.1494409,0.009465862,0.04538159,0.02074098,-0.0013653842,0.04719358,0.024378683,0.0020634853,0.019149361,0.0055940365,0.0060877623,0.016408889,0.039045393,1.4581801e-06
25006,-0.04547757,0.0074984534,-0.11751687,0.0059643113,-0.014675989,-0.00037247586,0.022605613,-0.015256481,0.1235915,-0.020251336,-0.070722476,-0.012076307,0.027732626,-0.012668858,0.049216826,0.08205841,-0.036757678,-0.015535297,0.001080414,-0.029999517,-0.036736958,0.03423151,-0.0050825267,-0.043210562,-0.033816703,-0.029170057,-0.12714101,0.11264114,0.049629036,0.21034549,0.32262352,0.14511108,-0.067893244,-1.2898648e-05,0.0,0.0045400094,0.020514589,-0.00775007,0.15957315,0.047907155,-0.01947968,-0.0013201528,-0.026540978,0.030363161,-0.004776884,-0.015441879,0.009074787,-0.00375652,0.039371546,0.019745298,-0.0010625864,-0.0065202415,0.010468105,0.00901813,0.005397793,0.04825003,1.3570953e-05
8931,-0.055569593,-0.00054688274,-0.22758318,0.003983726,0.0030702963,0.003490329,0.002901803,-0.0022713332,-0.0708295,-0.028444784,0.036163773,0.0015942131,-0.027751453,0.010499689,-0.096330926,-0.08758279,-0.08786758,-0.07825488,-0.020224454,-0.10317476,0.022552054,0.15792604,-0.04077048,0.23560771,0.0055101807,-0.013708815,0.13575473,0.10372754,-0.0011624321,-0.14670675,-0.20083304,-0.1334182,-0.026987612,-1.0573772e-05,0.0,-0.0039552916,-0.011625481,-2.7686474e-06,-0.037897006,-0.009327745,-0.04869829,-0.00026400492,-0.013218312,-0.059184697,0.072726816,0.045994412,-0.004522773,-0.0013653842,-0.038463127,-0.009885445,0.0020634853,0.014489837,0.003502337,0.010970606,0.0073189163,0.023921493,1.9266343e-05
26691,-0.013374491,-0.047553796,-0.2186719,0.0012415109,-0.00014323124,0.0032393087,0.0017979618,-0.0028165039,-0.10870456,-0.035124976,0.004247935,0.00874679,-0.04622482,0.014575206,0.029946422,-0.05838452,-0.022352241,0.11603572,-0.0156864,-0.042716928,-0.051630996,-0.06879575,0.021891246,-0.032938454,-0.020416029,-0.019811034,-0.007193461,0.090627335,0.019590303,-0.1968167,-0.25317475,-0.128695,-0.02692349,-1.0573772e-05,0.0,-0.07226436,-0.026218489,-0.028607816,-0.08455302,-0.069585584,-0.0656631,0.010092304,-0.023264943,0.010677637,0.055757217,0.002566686,-0.018270724,-0.0013653842,0.02189949,0.017973747,-0.0030125328,-0.01271176,0.00914207,0.0073887818,-0.016945109,-0.0520076,1.3570953e-05
9063,0.036300246,-0.012550523,0.8916099,0.005320285,0.035469536,0.0029890835,0.010927095,-0.0018046312,-0.05640466,-0.0085145645,0.018367551,0.0069615506,-0.04286146,0.025965402,0.0381093,-0.030234016,-0.0044964133,-0.007944546,0.0064566447,-0.01602333,0.023337651,0.045163948,0.024105987,0.019801034,0.001729195,0.049568016,-0.012788754,0.09211057,0.004373295,0.3248023,0.5546366,0.42004678,0.050407626,-1.0573772e-05,0.0,-0.025946798,-0.0059423624,-0.0018642268,0.14743446,-0.026638182,0.008993102,-0.0010375176,-0.043076888,0.019432835,0.015407797,0.009656694,-0.00037280447,-0.0014632588,-0.017354492,-0.0049133697,0.010686055,-0.007173803,0.006128155,0.011316002,-0.020874994,-0.028426332,0.00033230815
26753,0.0009893745,-0.017129658,-0.24421531,0.00040080448,0.006006469,0.003397175,0.0018034715,-0.0024042549,-0.12183114,-0.026946321,0.00777029,0.014627664,-0.058868524,0.022046717,-0.022488236,-0.029486224,-0.021014567,-0.009430245,0.002861303,-0.06156227,-0.028319577,-0.072098225,0.019497553,-0.05330892,-0.014917919,-0.02430329,-0.012054973,-0.020278554,-0.020436479,-0.19981141,-0.26592454,-0.1365468,-0.027265621,-1.0573772e-05,0.0,-0.08335279,-0.027134962,-0.029218152,-0.037078414,-0.08291958,-0.043063924,0.009477115,-0.052730467,-0.0005736852,-0.07491813,-0.0076509533,0.006689606,-0.0016210396,0.031231785,0.0063564475,-0.009406014,-0.012460095,0.0075709745,0.00797049,-0.015307582,-0.04180168,5.1900215e-06
9744,0.12802775,-0.043557893,-0.06769302,0.0022240935,0.012068835,0.016244665,0.0015244351,-0.009979396,0.120551504,0.008353644,-0.012261073,-0.009737543,-0.03202106,0.02883158,-0.07891304,0.11340322,0.061311204,-0.012084784,0.01707973,-0.008550315,0.042298336,0.04236146,0.032715905,-0.051715877,-0.007453731,-0.2186663,-0.06826768,-0.051380847,-0.013077709,-0.10543001,-0.1551466,-0.097617164,-0.02627438,-1.2898648e-05,0.0,0.06002528,0.034505136,0.01758472,0.08150563,-0.07380187,0.0023972043,0.0060818326,-0.056513723,-0.016283175,0.005513801,-0.017849114,0.058788996,-0.0013653842,0.014073806,0.013057712,0.0025830653,-0.010623842,0.016671557,0.0081073055,0.001412099,-0.042183056,-5.053689e-07
13137,-0.13566619,0.018944705,-0.18844457,-0.00079409336,0.0032505295,0.017145287,0.0065597026,-0.031774454,0.17888345,0.010219836,0.003487712,-0.014041506,-0.07147153,-0.049017694,-0.15535037,0.046539,0.15489806,0.013208949,0.040721405,-0.06144534,-0.0701821,0.00973062,-0.11372667,-0.053817548,-0.05124444,-0.03185362,-0.03652813,-0.038170222,0.061935943,-0.14640366,-0.18339652,-0.11799574,-0.022640275,-1.0573772e-05,0.0,0.07380457,0.039697163,0.010376725,-0.025691174,-0.073788285,-0.035775263,0.003712193,-0.041650496,0.021704951,0.05146245,-0.013693911,-0.03462007,-0.0013653842,0.03867495,0.018825881,-0.0023451762,-0.010930376,0.0061945086,0.010079004,0.0063307346,0.04112969,1.3570953e-05
22089,0.0014969592,-0.026510773,-0.052153427,0.0032413842,0.0063120094,0.004676099,0.003662358,0.01705306,0.15950742,0.0029620158,-0.0012526037,-0.018174632,0.06254186,-0.02364017,0.02703245,0.11278018,0.15715188,-0.008965359,0.022064937,-0.031432036,-0.034664076,0.016582966,-0.017613191,-0.041666336,-0.025949363,-0.004808353,-0.05931145,-0.04151628,0.0068699075,-0.13900113,-0.18504456,-0.111186646,-0.01899066,-1.2898648e-05,0.0,0.06507781,0.011697889,0.0460318,-0.014618893,0.12536263,-0.011695809,-0.0012383041,-0.062353946,0.03498882,0.03626948,-0.010829783,-0.012856877,-0.0013653842,-0.012075747,-0.0052519455,0.00011789006,0.009763568,0.004296138,0.008058455,-0.011669429,-0.029443016,1.3570953e-05
2204,0.052832976,-0.02445139,-0.3619447,-0.005878172,0.00557625,0.0034482514,0.008539936,-0.012612662,-0.07059799,-0.012801334,0.0033859573,0.0099113295,-0.04877868,0.018885372,-0.07169849,-0.015995566,-0.01543528,0.052621797,-0.010369717,0.09367006,0.05481412,0.080422804,0.01643584,0.09001567,0.007485307,-0.017274652,0.0065170997,-0.031139335,-0.042599197,0.21738714,0.3284868,0.14040688,-0.081571475,-7.922725e-06,0.0,-0.02903887,-0.014794844,-0.033781882,-0.010873733,-0.07517927,-0.012431465,0.013304859,-0.037036996,0.06549924,0.029210016,0.02248861,0.0409036,-0.00557003,0.018483603,0.008166881,-0.0037056545,-0.008418105,0.005502395,0.0093173655,-0.01696444,-0.043864544,-5.053689e-07
10611,0.07639497,0.017464643,-0.38314667,-0.006755747,0.014487386,0.0030436635,0.0022219738,-0.004047727,-0.057811614,0.0052018217,-0.012630152,-0.002225011,-0.03740488,0.0052608442,0.06594647,-0.0028781504,-0.054389074,-0.0589098,0.04656252,-0.03331289,0.0017142744,-0.01574642,0.017121173,-0.021671647,0.015713762,0.059931844,0.033410996,-0.030142978,0.015478728,0.24867554,0.3929351,-0.069590546,-0.08786659,-1.0573772e-05,0.0,-0.03412215,-0.018207932,-0.002436808,0.16647565,-0.08126641,-0.022954663,0.0020456985,-0.049786784,0.05406109,0.002193991,-0.009361801,-0.004389044,-0.005922408,-0.024290187,-0.009802617,0.0005537381,-0.007085592,-0.02324201,0.010174229,0.022551613,0.04009788,1.3570953e-05
3721,-0.003249143,0.10252872,-0.07581891,-0.01229544,-0.06587519,-0.012978039,-0.024095453,0.0078883115,0.16429223,-0.027853133,-0.06392916,-0.016615491,0.058897063,-0.011792202,0.052092947,0.04411049,0.14448425,0.058553897,0.051050186,0.07417556,-0.076803654,-0.008906871,0.004006353,-0.04976857,-0.104619294,-0.003719444,-0.08791994,-0.028884519,-0.007057446,0.19055162,-0.09134179,-0.15768532,0.021747885,-1.1933477e-05,0.0,-0.04241658,0.037432913,-0.016690927,-0.0038893095,0.10223026,0.07173056,-0.0029325457,0.044193476,0.040831164,-0.024873119,-0.010990564,0.012225369,-0.0030826493,-0.022312947,-0.009467879,0.00045587693,0.0042869044,0.0049253423,0.01161275,0.009294325,0.026971465,1.3570953e-05
7569,0.109693006,-0.015511528,0.7694176,0.007590376,0.038900968,0.0020562543,0.010390518,0.00030177872,-0.033566892,0.009846256,-0.011210741,0.0042579416,-0.042056166,0.0122213615,0.024470104,0.06769737,-0.023686985,-0.009064454,-0.0003883921,0.05867322,0.009763258,-0.021051912,0.025861345,0.007855364,0.009755497,0.04859332,0.043954637,-0.0075264187,-0.002453717,0.28364578,0.468683,0.37811193,0.04606315,-1.2898648e-05,0.0,-0.020435793,-0.006977052,-0.022343304,0.011701898,0.044176262,0.02516578,0.001652786,0.01675735,0.016089134,-0.11361033,0.0050553945,-0.004975161,-0.0011585169,0.022287253,0.003484209,-0.0035456142,0.004288712,0.0064072753,0.0106302705,-0.021570355,-0.02835081,5.946376e-05
16831,0.15027714,0.04549579,-0.20088173,0.00032811816,0.008087917,0.0035136943,0.0014686062,-0.0021901126,-0.07957227,-0.009576342,0.0139327245,0.008953072,-0.04039072,0.01147437,0.040827803,-0.0053437892,0.004627407,-0.011000667,0.043624967,-0.07080731,0.008311527,0.07005634,0.014693577,0.06319058,0.05426967,0.028238872,-0.06523357,0.0951735,0.023200534,-0.16288932,-0.19911595,-0.108175255,-0.027876066,-1.0573772e-05,0.0,-0.0479371,-0.020209054,-0.015520494,-0.06376335,-0.03302561,-0.03694178,0.002174991,-0.04169583,0.04783428,0.058032036,0.024753029,-0.005847556,-0.0013653842,0.04799074,0.010955464,0.0023632506,0.013020581,0.0016732463,0.0058856104,0.02022484,0.049852766,2.1457317e-06
27057,0.11923773,0.01912398,-0.23705924,0.0009900568,0.008420548,0.0043740436,-0.0014232039,-0.0010967085,-0.06331692,0.02418006,-0.021642655,0.004291431,-0.045314215,0.010969756,0.06272069,0.025655286,-0.053745247,-0.041676182,-0.00026343178,-0.019846866,0.006551275,0.05457915,-0.041056346,0.03814178,-0.032660976,0.0043056007,0.035132106,0.08850199,0.016985517,0.20189878,0.32986605,0.0020992102,0.043490358,-1.0573772e-05,0.0,-0.0038882622,-0.0084375385,-0.038059566,-0.042039383,0.05194291,0.031785253,0.0013842052,-0.030988809,0.032753956,-0.08817746,0.019826064,0.0005831149,0.014885308,0.041881327,0.02377825,0.0006078554,-0.007564685,-0.018516332,0.010461574,0.016107364,0.04779427,1.3570953e-05
4591,-0.077904165,-0.017862888,-0.08522024,-0.00015685067,-0.011051349,-0.01907485,-0.029684555,-0.006478538,0.20226638,0.0029189861,-0.061243594,-0.01997493,0.06905711,-0.02221398,0.040607728,0.042213816,0.13063172,0.07976812,0.03898821,0.06351711,-0.10076742,-0.0053152097,0.00076428894,-0.049447585,-0.07073758,-0.050238602,-0.10919033,-0.0329366,-0.013473877,0.19730641,-0.09573179,-0.14947763,0.014783835,-1.1933477e-05,0.0,-0.03695374,0.03581464,-0.015873889,-0.019236501,0.09056596,0.050941,-0.002747205,0.039419953,0.003716434,-0.034344535,-0.013415057,0.0027368616,-0.0030826493,0.030709423,0.013657122,-0.0033034305,-0.0042587873,0.0049253423,0.011982083,0.013546863,0.036858305,-5.053689e-07
3505,-0.16062711,0.10610675,-0.051296543,-0.0006167276,-0.001954577,0.00161405,0.00687337,0.011489592,0.2045072,0.036632825,-0.035826843,-0.011218529,0.07370031,-0.016256178,0.058725197,0.060371157,-0.16480118,0.025567245,0.01904414,-0.017889014,-0.07182874,0.01701502,-0.009784218,-0.05909117,-0.0568746,-0.0061644684,-0.057274595,-0.030951736,0.0057346006,-0.14456524,-0.18634294,-0.10880321,-0.024680011,-1.2898648e-05,0.0,0.06735868,0.07194672,-0.023215134,-0.019914197,-0.033784255,-0.03763529,-0.0006295307,-0.067005426,0.01423917,0.061883084,-0.01924052,0.008019379,-0.0013653842,0.029688347,0.011230667,-0.001613928,-0.0077840276,0.0077540684,0.011044736,0.015921155,0.03929376,1.3570953e-05
28747,0.01839635,-0.033000574,-0.031249553,0.0010480868,-0.0058770403,0.0051864516,0.0018772292,-0.014639538,0.20688237,-0.01355287,-0.019651005,-0.018135918,0.02735902,-0.020852096,0.040666427,0.09180328,0.11321059,-0.018982444,0.071044594,0.044047818,-0.040961873,-0.003928796,-0.008835848,-0.04147351,-0.03630556,0.009513599,0.02920712,-0.031109316,0.024086673,-0.14131106,-0.1552418,-0.109744996,-0.018656991,-1.2898648e-05,0.0,0.06447273,0.039330564,0.01358362,-0.016703691,0.11864009,0.09623667,-0.0014698883,-0.035727713,0.036736034,-0.030912645,-0.010414426,0.0040772646,-0.001376457,-0.02982486,-0.009092316,-0.003137085,-0.0045632278,0.010186527,0.010106751,0.00879796,0.033454053,1.3570953e-05
28533,0.07309778,0.022287583,-0.20235257,0.008626448,0.02849329,0.0033671963,-0.051119577,-0.002847912,-0.0025142555,0.0075646867,0.014520625,0.0058546485,-0.048049904,0.013066235,0.014467855,0.040900726,-0.025378317,0.031191103,0.036695663,0.06626092,-0.04797568,0.0054206895,0.025819194,-0.017074741,-0.0045110267,0.07787978,0.026073273,-0.027525088,-0.0063603763,0.3119889,0.44258595,0.5043782,0.03916942,8.877918e-05,0.0,0.0022168371,-0.009101353,-0.015777463,0.13437042,0.082500234,0.04402438,0.0016729555,-0.03140935,-0.06754616,-0.029332317,-0.010329503,0.0035283014,-0.0011585169,-0.026908826,-0.010311585,0.0005002587,-0.0033523487,-0.025331948,0.0067360676,0.013430473,0.026808677,-5.053689e-07
26513,-0.04601967,0.055542868,-0.3906404,-0.0065039797,0.002761349,0.0025969313,0.019749949,-0.0019468938,-0.068760775,-0.032829355,0.022852162,0.09375426,-0.07509513,0.015198548,-0.077297054,-0.009038424,0.010180909,0.042092443,0.00651342,-0.02150079,-0.049150307,-0.02283145,-0.0063817427,0.013396083,-0.00074493914,-0.035289016,0.15464248,0.07788082,-0.006742886,0.23955254,0.37717962,-0.0418742,-0.087696955,-7.922725e-06,0.0,0.011827465,-0.018697642,-0.007983123,-0.033782985,-0.03568291,-0.015496013,0.0041988147,-0.046216033,-0.060246397,-0.0014515847,0.026025906,-0.024574582,-0.005922408,-0.033921245,-0.01156722,0.00021889256,0.0022603127,0.0056212484,0.006244141,0.0051018987,0.030527249,1.4581801e-06
23955,0.22400741,-0.03739838,-0.20776267,0.0030793697,0.010538139,0.004300305,-0.0017849199,-0.0016214062,-0.029135747,0.012229143,0.009528633,0.0012813974,-0.032703042,0.006021689,0.039431762,0.08530124,-0.038718328,-0.040947113,0.0350205,0.049093943,0.03463941,0.01497062,0.024316372,-0.0010045972,0.033362955,0.096811675,0.027006393,-0.020144036,-0.013043378,-0.16217405,-0.19589207,-0.117980324,-0.028247772,-1.0573772e-05,0.0,0.009006847,-0.020764222,-0.0019898135,0.16644919,0.17100061,0.04750967,-0.0021355604,-0.02299313,-0.02310874,-0.006139257,0.0063112853,-0.017607685,-0.001376457,0.022968393,0.0151630975,0.003633325,0.010742005,0.004788552,0.007921772,-0.016187066,-0.045209225,-5.053689e-07
11263,0.016664883,-0.082319245,-0.1091608,-0.011889984,-0.008851194,0.0076836846,-0.021828447,0.00024608884,0.17877352,-0.023725124,-0.0087493565,-0.018976254,0.05085331,-0.020408524,0.034707636,0.012721179,0.14864512,0.044892475,0.043643057,0.06490457,-0.047851104,-0.020003803,0.001201428,-0.04836113,-0.027503176,-0.05095462,-0.09848977,-0.028211912,-0.008503525,0.21568403,-0.09740141,-0.16500746,0.0066482867,-7.922725e-06,0.0,0.007858772,0.038592644,0.050304685,-0.012046098,0.07554809,0.07473436,-0.0029062177,-0.0088308705,-0.05156413,-0.003750879,-0.021267176,0.010932989,-0.0030826493,0.021175036,0.009916391,-0.0012584592,-0.0062850392,0.0049353293,0.011294098,-0.00855449,-0.037567187,-5.053689e-07
3091,0.1310389,0.0019398858,-0.19259818,-0.0006377821,0.008939168,0.0035136943,0.0015996359,-0.0028043473,-0.07768661,-0.000375638,0.012798205,0.008050776,-0.059390187,0.015392684,0.042340394,0.09421648,-0.028024735,-0.025734939,-0.011312895,-0.02427782,0.026020164,0.122669965,0.017893652,0.15796624,0.04942196,0.020136537,0.0052320664,0.10640684,0.030659812,-0.13628249,-0.18600887,-0.10168409,-0.027298274,-1.0573772e-05,0.0,-0.029264128,-0.018225852,-0.019796884,-0.06708535,-0.049689773,0.013724231,0.0020033026,-0.035551656,-0.01891186,-0.036575504,0.032557897,0.0063025183,-0.001376457,0.04246992,0.012292508,0.0055090776,0.014263907,0.0036134734,0.008923721,0.01795701,0.0394468,-4.2372103e-06
4763,0.1008886,-0.020842556,0.97889197,1.1139626e-05,0.02039343,0.003778113,-0.0010731332,-0.0014543879,-0.03737899,-0.00091555074,-0.008542715,0.0048219925,-0.06366916,0.004150587,0.012016156,0.04947521,-0.031527627,-0.030361423,0.0005978448,-0.026042568,0.023485562,0.03160889,0.027964009,0.013300976,-0.040605336,-0.027232865,0.04588569,-0.008723924,-0.02027549,0.23736617,0.46021616,0.058043618,0.047225703,-1.0573772e-05,0.0,-0.01836021,-0.00962022,-0.018837815,-0.04769022,-0.033288043,0.0057001486,0.0012508775,-0.025189038,-0.017819416,-0.07378263,0.0045095296,-0.014822393,0.021277525,-0.016033055,-0.00702739,-0.0006394901,0.0075941924,0.005202853,0.01154432,0.01689316,0.016323023,5.946376e-05
4493,0.06671489,-0.045039065,0.81389165,0.008103307,0.039942514,0.003285807,0.010633888,-0.0012067549,-0.011650729,-0.0061948686,0.026521621,0.007507638,-0.050606064,0.029084701,0.009798815,0.07707844,-0.011425124,0.01784496,0.0011493877,0.06399376,0.011350119,0.036285363,0.027022697,0.01553291,-0.0121244285,0.053114943,0.0049188533,-0.022775495,0.013141582,0.28959394,0.5174437,0.39790866,0.04144046,-1.1933477e-05,0.0,-0.026570119,-0.005463078,-0.0041010026,0.12807919,0.060981333,0.02013979,0.001562258,-0.029019736,0.013953155,0.009127266,0.007124294,0.0021117204,-0.0014632588,0.016253512,0.0013897045,-0.0036101309,0.004288712,0.006290077,0.010259908,-0.016684188,-0.026562499,5.946376e-05
13343,-0.045667943,-0.024263257,-0.16611955,-0.018806906,-0.060512062,-0.012989909,-0.02623518,0.0005201296,0.20838736,-0.0064997463,-0.028773546,-0.013949165,0.030885482,-0.0247899,0.04286136,0.10450956,0.1424048,0.05723835,0.043133937,0.07455282,-0.100756705,-0.013324028,0.0062216343,-0.046226386,0.012088969,0.00094123516,0.060436588,-0.025206659,-0.022963867,-0.11895405,-0.13070375,-0.089925356,-0.019518493,-1.1933477e-05,0.0,0.005348075,0.033423293,0.07659044,-0.011749805,0.2903182,0.1060983,-0.002284882,0.07603055,0.042869754,-0.0060752956,-0.0134060215,0.026304157,-0.001376457,-0.01635432,-0.0057918103,-0.002947962,-0.004682464,0.00493872,0.011418526,-0.005606592,-0.0053117424,1.3570953e-05
25560,-0.12256662,-0.049561188,-0.26170662,0.0001121134,0.0028152606,0.003026687,0.0017898352,-0.00076136645,-0.09436896,-0.03868244,0.039812557,0.028579202,-0.0038725547,-0.008858123,-0.03962523,-0.21946011,-0.019058673,-0.022883011,-0.0067645772,-0.035958752,-0.0036408212,-0.068581276,0.015784761,-0.06876177,-0.010290584,0.042510487,0.21319987,0.11185204,-0.009420753,-0.18545692,-0.245802,-0.13569103,-0.031191325,-1.0573772e-05,0.0,-0.044034373,-0.01912543,-0.026760997,0.14386679,-0.0630914,-0.016521066,0.015648445,-0.039293986,-0.058849104,0.011554282,-0.028805502,-0.016325284,-0.0013653842,-0.024225807,-0.012225669,0.00018773331,0.013779425,0.0050159656,0.009778985,-0.027759083,-0.03988628,5.1900215e-06
1247,-0.04790175,0.027726075,0.9880534,0.0050030504,0.029983053,0.0037946056,-0.08624264,-0.0014354602,-0.055929504,-0.012687273,0.030628534,0.0255592,-0.07802291,0.028066088,-0.0742551,-0.00035361212,-0.15071447,0.057723273,0.039016344,-0.03933342,-0.002480381,0.018085264,0.020661829,-0.015006801,0.0257577,0.04488572,0.01864017,-0.02403402,-0.0107762255,0.3585571,0.58601046,0.43109342,0.044220936,5.8941165e-05,0.0,-0.0011747223,-0.005924139,-0.019095773,0.14122878,-0.026499834,-0.04885159,0.002674277,-0.033738457,-0.020952325,0.034575433,-0.009636414,-0.008204345,-0.0012110719,0.033179164,0.015233729,0.006848666,-0.006524137,0.008108404,0.009116657,0.022884872,0.046957612,6.515915e-05
18774,0.072265826,-0.030733606,0.9307014,0.007804474,0.033015355,0.0063249697,-0.0004098268,-0.00022793777,-0.051176477,0.007937764,-0.0062444126,-0.0002442762,-0.05180985,0.009973618,0.002407866,0.0040203887,0.07739129,-0.028960722,0.001108331,-0.032581225,0.0059553436,0.013842579,0.017889826,-0.01650945,0.0057725455,0.04920136,0.04711993,-0.013460471,-0.007394055,0.31026202,0.5433197,0.38836244,0.04598326,-1.0573772e-05,0.0,-0.028732175,-0.007908934,-0.018863402,0.10963265,0.07495559,0.020081388,0.00865045,-0.031153575,-0.01770019,-0.047017764,-0.0074434276,0.011207847,-0.0014632588,-0.011642752,-0.0057941303,-0.0036101309,0.007163831,0.005231143,0.0085840635,-0.017292373,-0.0325688,5.946376e-05
25245,0.089750186,-0.046264414,-0.11770219,0.0020882112,0.010850658,0.011676824,0.004589482,-0.02067256,0.21038319,-9.219909e-05,0.020034594,-0.020441547,-0.056086253,-0.065911435,-0.0575702,0.012889099,-0.050928,-0.039152425,0.03288994,0.09344814,0.015122262,0.086781956,-0.010492464,-0.06584747,0.33762008,0.009988599,-0.051935077,-0.17505871,-0.0028072577,-0.14247721,-0.18092498,-0.09769816,-0.025224803,-1.0573772e-05,0.0,-0.06915503,0.04179191,0.0015380661,0.025393784,-0.09538677,0.048033044,-0.0003985762,-0.012934596,0.15775411,0.058675356,-0.032259513,0.082900696,-0.0013653842,-0.0069815125,-0.0029534712,-0.01208495,-0.01135809,0.013359101,0.007537168,-0.014185197,-0.0049376637,5.3019357e-06
16703,0.15314502,0.04021351,-0.19230145,-0.0003207751,0.009236996,0.00084781577,0.002262146,-0.014173064,-0.08579094,-0.0030819983,0.034952283,0.011336087,-0.057929546,0.021858254,-0.10295087,-0.005637655,-0.06508612,-0.04610025,-0.012365684,-0.08569626,0.047428466,0.13884266,0.13930842,0.07730938,0.10920966,0.01757028,-0.04413378,-0.044294596,-0.014241191,-0.11820283,-0.17480907,-0.08800946,-0.02704821,-1.0573772e-05,0.0,-0.038060322,-0.024587587,0.012802495,-0.028514031,-0.014414755,0.0023359472,-0.012434349,0.0143071255,0.14494193,0.12911984,0.037745964,-0.039698195,-0.0013653842,0.036922652,0.020866863,0.004894424,-0.015585368,-0.022213038,0.004136297,0.021642473,0.059717745,-4.2372103e-06
13413,0.014046283,-0.04040551,-0.005683737,0.0011433809,-0.0035501267,0.0050457693,0.0022932007,0.011299186,0.16639622,-0.011489602,-0.06082015,-0.013652116,0.02612614,-0.020814095,0.029476129,0.09786108,0.060905647,-0.018161038,-0.028098533,0.067639515,-0.042512372,0.02935797,0.02407284,-0.052215196,-0.03289575,0.008116071,-0.058168817,-0.04313966,-0.02834604,-0.14373706,-0.16780652,-0.108007565,-0.020265644,-1.2898648e-05,0.0,0.051200867,0.055603396,0.02541157,-0.030667916,0.10601403,0.021607948,-0.0011605306,-0.035293348,0.01755775,-0.028694075,-0.010414426,0.0014674573,-0.001376457,-0.01580175,-0.005422109,0.00014254234,0.006041548,0.0067099277,0.010496578,0.014032891,0.042171683,1.3570953e-05
12506,-0.08046429,0.0067444886,-0.2584178,-0.00016687976,0.00654409,0.0042644017,0.002383898,-0.0033295709,-0.13397336,-0.027180547,-0.009380709,0.0028509987,-0.08019923,0.021168133,-0.07478956,-0.02563443,-0.051265642,-0.023530575,-0.010134843,-0.045133162,-0.09684781,-0.05916121,0.018115865,-0.08988515,-0.10133449,0.026706565,-0.0011578476,-0.047477975,-0.014626638,-0.1831183,-0.25177178,-0.1479229,-0.03038612,-1.0573772e-05,0.0,-0.07961495,-0.024787148,-0.006597521,0.13265258,-0.06771799,-0.03422222,-8.457922e-06,-0.05997116,-0.060356233,0.00018855651,-0.043474253,0.000166674,-0.0016210396,-0.030228658,-0.0095549,0.00014279429,0.010678746,0.0051081595,0.0072064,0.012301033,0.009014604,-5.053689e-07
6335,0.018504294,-0.016216705,0.86647236,0.0043277754,0.02826721,0.0033418916,-0.018558646,-0.0013512763,-0.039040003,0.0056761447,0.014416643,0.021168206,-0.09188066,0.01715425,-0.0052293884,0.0012061468,-0.04312532,0.039306358,0.00048685205,-0.023159344,0.01130392,0.020022983,-0.06135267,0.0010579567,0.017879859,0.011599261,-0.018114233,0.024317173,-0.015657613,0.32912973,0.52406806,0.39203018,0.044134464,5.8941165e-05,0.0,-0.03897059,-0.005590053,-0.01309028,0.105241686,-0.0116523495,0.034753878,0.0023032941,-0.048418116,-0.033993226,0.008854241,0.005197876,-0.0022484902,0.004113603,-0.024604172,-0.008838426,-0.0027183255,0.0071171555,0.0059548356,0.009977494,0.02251244,0.029877402,6.515915e-05
536,0.102958806,-0.052303813,-0.056733675,0.0030958059,0.01531301,0.0027924762,0.0024078903,-0.012465458,0.18535633,0.0020118824,0.02780733,0.001690632,0.04029599,0.02588652,0.043768413,-0.0135486955,0.034131,-0.03962316,-0.0089674,-0.041024324,-0.047429796,0.0039449697,0.013802271,-0.03531428,0.003232741,0.030378092,-0.081488825,-0.035556898,0.04673811,-0.13655883,-0.18301935,-0.10903008,-0.026609108,-1.0573772e-05,0.0,0.048302013,0.03859587,0.017962253,0.17488132,-0.037113898,-0.023785375,-0.001394386,-0.06927958,0.04095796,0.008988364,-0.014773017,-0.031785954,-0.0016210396,0.021035183,0.01394757,0.0022056298,0.009938874,0.007178852,0.008905689,-0.017576117,-0.071676716,1.3570953e-05
28409,-0.15017143,-0.03315224,-0.2509307,0.00019008692,0.0053271875,0.0033662398,0.0024236026,-0.0039335,-0.12120858,-0.053371415,0.025676362,0.016617004,-0.088216275,0.017163154,-0.10219142,-0.11057649,-0.0029089777,-0.05299633,-0.052488428,-0.04582136,-0.06239874,-0.098165154,0.010651259,-0.0883482,-0.03889096,-0.016049925,-0.010397919,0.030484632,0.014873599,-0.19101307,-0.24740762,-0.13648844,-0.029059842,-1.0573772e-05,0.0,-0.058434267,-0.023925705,-0.027954211,-0.07810854,-0.071661316,0.00964514,0.015254528,-0.038891263,0.007945228,0.06629255,-0.023361042,-0.026697198,-0.0013653842,-0.01784804,-0.01192089,-0.0025534877,-0.013074358,0.002074598,0.009134088,-0.013770374,-0.03279141,1.9266343e-05
10794,-0.06650822,-0.0067521473,-0.37172946,0.0031676115,0.009192122,0.0075963046,-0.0019331042,-0.0009268201,-0.09039245,-0.03352424,0.017381754,0.017303396,-0.060642615,-0.04989488,-0.07551426,-0.097925775,0.079287596,-0.03758184,-0.11759528,0.05046046,0.009127502,0.01853432,0.018980578,-0.046163835,-0.014662514,0.024063459,-0.030719072,-0.10706912,-0.01073134,0.24239175,0.37252674,-0.017256979,-0.08811841,-1.0573772e-05,0.0,-0.0082993135,-0.019418819,-0.018887114,-0.05531793,-0.07637286,-0.06305074,0.021882923,-0.0091014365,-0.1015897,0.09879405,-0.016268767,-0.006820017,-0.005922408,0.04938176,0.02026868,6.4599226e-05,0.004364988,0.00594782,0.008525642,0.02598663,0.07096907,1.9266343e-05
9760,-0.040503744,0.035247877,-0.08704643,0.0018329675,0.010041377,-0.00043161723,0.009981443,0.043741085,0.21961927,-0.009409013,0.02457874,-0.031122383,-0.0042248545,-0.032237828,0.037049603,-0.032558795,-0.13101046,0.017963022,-0.009852063,0.054998893,-0.052085064,0.0071357577,-0.0637877,-0.046052884,-0.09412879,-0.025111781,-0.10914425,-0.02783462,0.08418407,-0.14030764,-0.18729481,-0.11738164,-0.036249846,-7.922725e-06,0.0,0.048479646,0.060700964,-0.008035218,0.13420886,-0.03818569,-0.06769659,0.0020767758,-0.052148294,-0.15971528,0.058031958,-0.031778138,-0.015706647,-0.0013653842,-0.0307226,-0.019394722,0.00014962842,-0.004836904,-0.0459529,0.009732194,0.01145809,0.034359355,-5.053689e-07
13226,-0.009558641,-0.026058163,-0.23919374,0.00051961513,0.0067955516,0.0033860907,0.0027657072,-0.00084150105,-0.10233878,-0.022361524,-0.00047778263,0.0063241227,-0.07048793,0.010837815,-0.11447178,-0.022165176,-0.08347156,-0.034254443,-0.015078247,-0.04772075,0.006777262,0.009145968,0.014890287,0.0019930236,-0.0045295986,-0.007631223,-0.013563224,-0.044011217,-0.024528414,-0.1800991,-0.21926422,-0.13422984,-0.027638065,-1.0573772e-05,0.0,-0.05852967,-0.019514907,-0.02566401,-0.031831224,-0.027147269,-0.05933443,-5.1031006e-05,-0.04111472,-0.04073331,0.027583543,0.018840326,0.01120697,-0.0013653842,0.030432705,0.006849278,0.00034202664,0.013224878,0.007307254,0.009142066,-0.017509684,-0.037312753,-5.053689e-07
21248,-0.19321036,0.0069898665,-0.38577476,-0.006018025,0.004924521,0.0032936148,-0.0038099424,0.0019419065,-0.05000642,-0.003316533,-0.006018082,0.00017648202,0.050139148,-0.014016203,-0.11209892,0.008427773,0.104706205,-0.042660825,0.034344703,-0.033424303,-0.059891775,0.003975204,0.012316906,-0.044187594,-0.071651526,-0.029148286,-0.055735424,-0.023133904,-0.009979553,0.27847832,0.34065133,0.115333855,-0.075068705,-1.0573772e-05,0.0,0.029172955,-0.006922648,-0.015896581,-0.061690643,-0.07135862,-0.017944401,0.0035457285,-0.0523745,-0.045925867,0.047875397,-0.011047592,-0.04130234,-0.00557003,0.030197585,0.016415492,-0.0013671044,-0.0074310056,0.006898453,0.009608372,0.014000272,0.050789107,-5.053689e-07
3313,-0.07637997,0.0065556685,-0.1815644,0.0055791447,-0.004015734,0.004409923,0.0030138504,-0.008224703,-0.04837395,0.00534201,0.012487407,-0.0071858484,-0.021105457,-0.007304035,-0.092395484,-0.060979277,-0.2714444,-0.082181714,-0.010341056,-0.038793653,-0.070191465,-0.013404747,0.0041157147,-0.06597077,-0.107763946,-0.08850057,-0.1233197,-0.102440126,0.02497075,-0.16793942,-0.2126341,-0.13437806,-0.023176827,-1.0573772e-05,0.0,0.07914341,-0.021365207,-0.006350039,-0.037001867,0.02943197,-0.055730492,0.0026326291,-0.043474253,-0.02959098,0.018086543,-0.023553325,-0.029539948,-0.0016210396,-0.016512997,-0.0022433228,-0.0023218375,-0.010785268,0.009353547,0.009293533,0.011253795,0.042967614,5.3019357e-06
692,-0.057805136,-0.05453171,-0.2452705,0.006536031,0.020831184,-0.019126879,-0.03740268,0.017733533,0.12876037,-0.004824906,-0.04819039,-0.0337164,0.07324824,-0.024575979,0.022256892,0.06336585,0.08054612,0.07386609,0.041920885,0.08129746,-0.12594119,-0.009717124,0.007725419,-0.030024312,-0.06468205,-0.060818806,0.144168,0.1257635,-0.008966694,0.20756775,0.29497936,0.110517554,-0.06570893,-1.1933477e-05,0.0,-0.001855312,0.031357307,0.014778457,-0.06452101,0.06832453,0.055631824,-0.0022185436,-0.011222686,0.02418777,-0.016655829,-0.010796013,0.013942093,-0.0020587682,0.01832721,0.0069060987,0.0003088715,0.0034412849,0.0047881193,0.010869048,-0.009065214,-0.023761168,1.3570953e-05
25620,0.15914829,0.03517845,-0.32473832,-0.0021708147,0.016285444,0.009402408,-0.00029841857,-0.0021841018,0.10202215,0.013838541,-0.0033143598,-0.005910568,-0.034923475,-0.006681676,0.06352577,0.07122952,-0.039318215,-0.026154444,0.015957827,0.063178964,-0.009523985,0.0025159277,0.024574934,-0.0063547404,0.034483805,0.11797971,0.015986819,-0.020750513,-0.023504216,0.17149723,0.24913168,-0.032244965,-0.07504683,9.595956e-05,0.0,0.034828253,0.008896369,-0.001461057,0.1838778,0.13023424,0.053770542,-0.0012731529,0.047787633,-0.041502465,-0.043316398,-0.012536808,-0.01308855,-0.005836264,-0.027174905,-0.013381284,0.0019891413,0.004159017,0.0044641835,0.008221249,0.018551778,0.031197106,-5.053689e-07
13717,0.0125267785,0.0028990288,-0.26953623,-0.0014785667,0.0062787347,0.0037022457,0.0018328757,-0.005576485,-0.064724706,-0.013622674,-0.0026518828,-0.016484246,-0.03877614,0.029315922,0.055027444,-0.007610604,-0.0030318333,0.15681887,-0.006627098,-0.030136336,-0.032385256,0.0245845,0.02147321,0.008537229,-0.0019317851,0.0022364066,-0.06028782,0.11285365,0.004863106,0.28036654,0.3840395,0.02337564,0.039363287,-1.0573772e-05,0.0,-0.032252744,-0.010293568,-0.010116588,0.108674236,-0.029029531,-0.055446874,-0.0026683873,-0.0022306382,-0.00084756874,0.048913237,0.0051387143,-0.009667716,-0.0038567113,-0.028711615,-0.01591437,0.00022164553,0.0075148474,0.007275609,0.01013287,0.022677388,0.02237784,1.3570953e-05
17270,-0.010339697,-0.008790148,-0.22745109,0.0007161853,0.0029287473,0.003913355,0.0021353588,-0.0049566925,-0.097021915,-0.02814999,0.024258083,-0.009904547,-0.082778245,0.016329946,-0.023245307,-0.102268435,-0.004262843,-0.027840205,-0.047241986,-0.059057437,0.046725895,0.025062287,0.0015401221,-0.003046218,0.010816737,0.040174104,0.089603186,0.09396129,-0.02449606,-0.18079838,-0.23760915,-0.14078605,-0.031575177,-1.0573772e-05,0.0,-0.05373244,-0.013314249,-0.005402172,0.1426013,-0.04973248,-0.070132315,0.009482585,-0.070132695,0.019568492,-0.07196922,0.020612648,-0.010404855,-0.0016210396,-0.03832768,-0.008980336,0.00025224814,0.010618106,0.005497537,0.01015271,0.02049293,0.034353025,1.9266343e-05
1769,-0.05570659,-0.044493914,-0.08950366,0.0029526171,-0.008148563,-0.000732922,0.006095691,0.008016295,0.09725363,0.01903983,0.018678896,-0.012241202,-0.057085924,-0.014576429,-0.0020369315,-0.008656582,-0.16155608,-0.04196112,-0.00468871,-0.038913738,-0.06860169,-0.031331316,-0.022889849,-0.060979508,-0.10098553,0.010061227,-0.11076518,-0.04981957,-0.0048766346,-0.14999749,-0.19351128,-0.13991366,-0.022979466,-1.0573772e-05,0.0,0.08363693,0.010245896,0.01697181,-0.06574747,-0.029757299,-0.012131363,0.00036989708,-0.043282494,-0.01876812,0.008083022,-0.021883989,-0.02541696,-0.0013653842,0.02075695,0.010983606,-0.0025661618,-0.009690757,0.008646149,0.010636966,-0.008322644,-0.034986082,-5.053689e-07
11786,0.13543333,0.027462708,-0.15161538,-0.05583504,-0.09840453,-0.010106431,0.0005264981,-0.010330098,0.10722943,0.014476857,-0.052080683,-0.01026835,0.018110339,-0.030744007,0.041594014,0.0848263,0.07966071,0.0007519223,-0.019012146,-0.055803746,-0.07262648,-0.0068579814,0.0079595875,-0.056644134,0.048887823,-0.0044852123,-0.08559537,-0.0186017,0.0052571935,-0.13554065,-0.1849909,-0.106438994,-0.020030929,-1.2898648e-05,0.0,0.02937476,0.02322437,0.0053055235,0.003670959,0.12249405,-0.07165192,-0.0013539055,-0.046327483,-0.13706145,0.045975365,-0.010038047,-0.01905327,-0.0013653842,-0.02066467,-0.009692764,0.0007157164,-0.0068727722,-0.021375004,0.007362893,0.020134564,0.045927785,1.3570953e-05
25520,-0.14313455,0.0059972038,-0.14484727,3.1492666e-05,0.035196953,-0.003220219,-0.034776207,0.0080736,0.13853657,-0.035376552,0.013324868,0.017165894,-0.027024422,-0.04878576,-0.14186592,0.06231989,0.020474691,-0.013403493,-0.0019822193,0.012215995,-0.0731018,-0.051608324,0.00096457824,-0.08196838,-0.011616282,-0.017651498,-0.050526347,-0.08506248,-0.06467223,0.15542032,0.2879003,-0.075392894,-0.090932146,-1.2898648e-05,0.0,-0.069768585,0.0404048,-0.02928829,0.006512339,-0.06509891,-0.2767855,0.005773399,-0.18044662,0.17634651,0.06183792,-0.030482545,-0.021807825,-0.005922408,0.008667846,-0.0045007346,-0.0128518725,0.0060862293,0.010210177,0.008838944,-0.024670247,-0.015978588,5.1900215e-06
16393,0.007878318,0.0047921147,-0.1465428,0.001265777,0.015397824,0.008944918,0.003982588,-0.005466425,0.008634211,-0.002610324,-0.008881658,0.0205263,-0.049799614,-0.005798897,-0.11137923,-0.05778877,-0.040395815,-0.09029839,-0.02623087,-0.05932809,-0.06460003,-0.05586942,0.0203407,-0.06388255,-0.013514041,0.03671751,-0.054903116,-0.023370551,-0.0081566535,-0.18076654,-0.2389465,-0.13840689,-0.029866418,-1.0573772e-05,0.0,-0.007078156,0.00037568985,-0.020008517,0.14823301,-0.08715707,-0.08459986,-0.010475978,-0.06286338,-0.04766929,0.008138391,-0.020543288,-0.0039379424,-0.0013653842,-0.02449858,-0.009235791,0.00025224814,-0.010223478,-0.025317129,0.009146486,0.014710138,0.04313886,-5.053689e-07
12416,-0.055809993,-0.045501802,-0.13544147,0.0040937006,0.0012983112,0.00942207,0.007053498,-0.038633652,0.06530474,-0.09401034,0.10332864,-0.023002753,0.17504847,0.13218999,-0.14926507,-0.1026022,-0.015553949,0.02188605,-0.0074591627,-0.06780586,0.018840553,-0.011037232,-0.032702234,-0.15903786,0.031560417,-0.10887411,-0.036110047,-0.023726517,0.1121906,-0.12982173,-0.18970995,-0.092756376,-0.032274455,-1.0573772e-05,0.0,0.011464412,0.024937702,-0.038546216,-0.022617396,-0.11143747,-0.08449241,-4.9332157e-06,-0.017021526,0.18845673,0.027513463,-0.032979403,0.014182828,-0.0013653842,-0.050969653,-0.023654222,-0.0036568479,-0.023610055,0.004166009,0.0070059937,0.010811109,0.017403008,-0.000534562
22937,-0.25782213,0.0154737495,-0.2630787,0.004912553,0.0029044,0.006390603,-0.0019316407,-0.00014682626,-0.14489834,-0.016607579,0.006715533,0.0029291522,-0.061176274,0.020863503,0.047664206,-0.016331274,-0.044672593,-0.016794613,-0.0028854834,-0.02608531,-0.082792185,-0.04112919,0.03455791,-0.06627173,-0.09838965,-0.02615614,0.1761778,0.098063104,0.030108074,0.24938256,0.41115335,-0.02360852,0.037902817,-1.0573772e-05,0.0,-0.043899447,-0.014223542,-0.021685962,-0.053020068,0.068693444,-0.0057854364,-0.00011082864,-0.018191084,-0.0047079828,-0.01383215,-0.03863879,0.012057249,-0.0037705677,-0.019394182,-0.010743607,6.274204e-05,0.0019322862,0.0033576223,0.009025899,0.016117508,0.014107886,1.9266343e-05
10330,-0.03650686,0.027771492,0.98022264,0.0035065499,0.013632736,0.0033162413,0.0022842423,-0.0014224034,-0.0464186,-0.012047024,0.045707498,-0.013103288,-0.07695967,0.020159906,-0.107563354,0.013578055,-0.0013100286,-0.013571034,-0.049108855,-0.0081925895,0.02795156,0.018138176,0.029258294,0.02363154,-0.007986254,-0.024127357,0.10380587,0.06414649,0.018177735,0.25232938,0.49693832,0.055280138,0.041746493,-1.0573772e-05,0.0,0.011051322,-0.0067777415,0.00519517,-0.073393755,0.0130305225,-0.026498655,0.0045343125,-0.047722157,-0.024158025,-0.10620362,0.016370704,0.008403958,0.02653115,-0.022707481,-0.011687016,-0.0025640319,0.0025515188,0.0058051255,0.013531282,0.006704351,0.023502098,2.8651328e-05
22344,-0.063690566,-0.02725969,-0.23275405,1.4216246e-05,0.0067762006,0.003450771,0.0011864505,-0.0041937344,-0.14510383,-0.043066915,0.010273568,0.009879736,-0.04225276,0.0018435047,0.023238042,-0.064760745,-0.030497232,-0.021486778,-0.024404641,-0.022163676,-0.10309541,-0.06483614,0.020030929,-0.109640464,-0.016682848,-0.02731652,-0.015037384,0.08411988,0.017315358,-0.19413882,-0.25236133,-0.1337265,-0.026956664,-1.0573772e-05,0.0,-0.072196625,-0.02964158,-0.035721052,-0.06756126,-0.07542448,-0.032602064,0.0067892373,-0.05829489,0.025445756,0.023134952,-0.03349587,-0.019210108,-0.0016210396,-0.015963342,-0.0066525517,0.00034202664,0.013419315,0.0020256059,0.008989401,-0.01310873,-0.044684842,1.3570953e-05
22469,0.17839597,0.013744992,-0.20660838,0.00046450063,0.010538264,0.0036140752,0.002106416,-0.0041050534,-0.06857252,0.026711525,-0.014876839,0.00050067273,-0.06032857,0.020653483,0.059780397,0.075373515,-0.031758834,-0.027833726,-0.020751974,-0.029335827,0.022075264,0.121011905,-0.010563666,0.0447464,0.026205357,-0.02929053,0.012239034,-0.027510662,-0.04445387,-0.14275837,-0.19824055,-0.11267173,-0.0266791,-1.0573772e-05,0.0,-0.029078215,-0.020988753,-0.016783297,-0.06284368,-0.043442354,0.028323196,0.0020453788,-0.030931856,0.0035111548,-0.052435596,0.016757509,-0.0069923433,-0.001376457,-0.027576542,-0.00861146,0.0038521332,0.012917694,0.001723476,0.008650272,0.016322153,0.024242755,-5.053689e-07
18747,0.2276484,-0.023214718,-0.19462572,0.0012150725,0.011939624,0.004322695,-0.0013764721,-0.004516463,-0.006855207,0.0041941153,-0.018681422,0.012879457,-0.035641942,0.019953666,0.0530741,0.062521644,-0.039996747,-0.037475556,-0.008991017,0.00012028181,0.03755548,0.12176661,0.0187306,0.04114959,0.019037912,0.066214286,-0.008897792,-0.027463956,0.021279044,-0.1506045,-0.20972618,-0.11601309,-0.026985578,-1.0573772e-05,0.0,-0.03763488,-0.015980123,-0.036323417,0.13249,0.050970938,0.038881395,0.002144182,-0.06182208,0.026731605,-0.03188736,0.009939326,-0.015117404,-0.0016210396,-0.027603796,-0.011002608,0.0022089572,0.010759631,0.0032384503,0.010299506,0.020294687,0.030570569,1.3570953e-05
18345,0.16859312,-0.20643814,-0.15545945,0.0021568565,-0.009832865,0.0028374835,-0.00377021,-0.023802962,0.11699261,0.030884333,-0.079185195,-0.0350701,-0.050495446,-0.007304771,0.00045944005,0.074362434,0.039089143,-0.06816294,0.021579724,0.07847855,-0.05846031,-0.0069107516,-0.016651008,-0.032877963,-0.005748276,0.022764448,-0.037571333,-0.022138782,0.008022825,-0.1341975,-0.19036648,-0.1141682,-0.023371577,-0.00685014,0.0,0.06950869,0.01212284,0.046315502,0.1454207,-0.09436741,-0.009703574,-0.0012896692,-0.046897203,-0.017473167,-0.013929042,-0.017358096,-0.009772126,-0.0013653842,-0.016297117,-0.012223786,-0.0114281075,-0.006780056,0.0044737007,0.008756276,-0.012376008,-0.041752722,-5.053689e-07
9000,-0.12676525,-0.0060701724,-0.1045029,-0.004331695,0.029710123,0.002730553,-0.0031082097,-0.0016985802,0.12964755,-0.04425273,-0.04981577,0.0049733976,0.0444075,-0.016588839,0.030539323,0.046556454,-0.10274092,-0.018637445,-0.00202341,0.036421053,-0.044200283,0.008669464,-0.14346057,-0.04995612,-0.10012452,-0.018908104,-0.07466759,-0.17895634,0.0022891676,0.18952666,0.28250518,-0.024068227,0.02690978,-1.2898648e-05,0.0,0.02260556,0.025339618,0.003635071,-0.051741138,0.048414942,0.017972657,-0.0018648789,-0.00024914555,0.030355513,-0.012873058,-0.017221415,-0.0153215965,-0.005836264,-0.015601463,-0.0017641631,6.2380495e-05,0.011321465,0.0063423757,0.010833057,0.013147677,0.016010169,1.9378258e-05
7714,-0.18053684,0.007384981,-0.25779355,-0.00014523801,0.006270242,0.003452807,0.0024897093,-0.002220885,-0.13494283,-0.040682934,0.024106482,0.0023572482,-0.08885455,0.017257735,-0.11137718,-0.0754963,-0.014928495,-0.03750365,-0.004869032,-0.040258583,-0.1168382,-0.06486552,0.02042377,-0.10420623,0.002414052,-0.020751586,-0.02379831,-0.027168099,0.018327793,-0.18654677,-0.23988502,-0.13519996,-0.03026628,-1.0573772e-05,0.0,-0.08747936,-0.02734288,-0.039782632,-0.07204334,-0.024791395,-0.031278893,-0.0055027823,-0.047889832,-0.053532008,0.012766267,-0.040654957,-0.05208908,-0.0016210396,0.04646035,0.014551037,0.00040654145,0.010941855,0.00469411,0.008887169,0.013443601,0.060228925,-5.053689e-07
11267,0.045914643,-0.002635662,0.88188154,0.0043360894,0.02113893,0.0035384737,0.013818064,0.0023758889,-0.042866703,0.003479474,-0.026938073,0.006720433,-0.04092427,0.0046931896,0.039809164,0.045524616,-0.039713673,-0.019135354,-0.0009137325,-0.027514664,-0.041506667,0.026614446,0.026230289,-0.00957247,-0.07303276,0.006477588,0.025546173,-0.0101515865,-0.013968091,0.3285273,0.52807075,0.42597702,0.04167819,-1.0573772e-05,0.0,-0.014303213,-0.009043362,-0.021388967,0.0027697943,0.0509455,0.007976308,0.00267347,-0.029514622,-0.0041318047,-0.038168047,-0.0128846215,-0.012912003,-0.0011585169,-0.021195581,-0.0062281154,-0.0023979037,0.0064665764,0.0046619987,0.009913364,0.0145322485,0.025507273,0.00033230815
12488,0.021807142,0.026773017,-0.145122,-0.03135014,-0.05466345,-0.03052233,-0.028676607,0.042160343,0.12992379,-0.021777352,0.05242725,0.005165169,0.05833015,-0.017372876,0.048793953,-0.0017343735,-0.023945613,-0.010469456,0.04340777,0.05065141,-0.04186722,0.006440132,-0.0014723279,-0.026660614,-0.099803716,-0.0073074196,0.1043323,-0.1950441,0.17862219,-0.14224915,-0.18577772,-0.11006696,-0.025274336,-1.0573772e-05,0.0,0.08203336,0.031130707,0.018428067,-0.041449193,0.103138134,-0.007938193,-0.0010538618,-0.051635217,-0.043583788,0.013617158,-0.014008433,-0.04249718,-0.0016210396,-0.018327411,-0.003995227,0.00018923901,-0.0070284763,-0.026865285,0.0067911935,0.017060349,0.06071311,5.3019357e-06
